iso3,economy,regulator,round_year,as_of_date,variable,value,status,confidence,source,note,coded_on
AFG,Afghanistan,National central bank,2011,2010-12-31,ib_legal_framework,0,verified,medium,"Da Afghanistan Bank, Islamic banking regulatory framework issued 2015, incl. 'Licensing of Islamic Financial Institutions', DAB, Dec 2015, sections 8.2.2 and 'Effective Date of the Regulation' | dab.gov.af/sites/default/files/2018-12/1LicensingforIslamicFIsv3finalversion20122015141812767553325325_2.pdf ; dab.gov.af/Islamic-Banking-Regulations ; Reuters, 'Afghanistan approves first full-fledged Islamic bank', 23.04.2018","CONFIRMED. DAB issued its dedicated Islamic banking regulatory framework in 2015 (AAOIFI-based); in force before 2016-12-31. Before 2015 Islamic banking rested on articles inside the general Banking Law of Afghanistan and case-by-case DAB approval of windows, which is the Guinea/Albania threshold under D-35, hence 0 for 2011 and 2014. Exact day of issuance in 2015 not established; immaterial because the nearest reference date is 2016-12-31.",2026-08-16
AFG,Afghanistan,National central bank,2014,2013-12-31,ib_legal_framework,0,verified,medium,"Da Afghanistan Bank, Islamic banking regulatory framework issued 2015, incl. 'Licensing of Islamic Financial Institutions', DAB, Dec 2015, sections 8.2.2 and 'Effective Date of the Regulation' | dab.gov.af/sites/default/files/2018-12/1LicensingforIslamicFIsv3finalversion20122015141812767553325325_2.pdf ; dab.gov.af/Islamic-Banking-Regulations ; Reuters, 'Afghanistan approves first full-fledged Islamic bank', 23.04.2018","CONFIRMED. DAB issued its dedicated Islamic banking regulatory framework in 2015 (AAOIFI-based); in force before 2016-12-31. Before 2015 Islamic banking rested on articles inside the general Banking Law of Afghanistan and case-by-case DAB approval of windows, which is the Guinea/Albania threshold under D-35, hence 0 for 2011 and 2014. Exact day of issuance in 2015 not established; immaterial because the nearest reference date is 2016-12-31.",2026-08-16
AFG,Afghanistan,National central bank,2017,2016-12-31,ib_legal_framework,1,verified,high,"Da Afghanistan Bank, Islamic banking regulatory framework issued 2015, incl. 'Licensing of Islamic Financial Institutions', DAB, Dec 2015, sections 8.2.2 and 'Effective Date of the Regulation' | dab.gov.af/sites/default/files/2018-12/1LicensingforIslamicFIsv3finalversion20122015141812767553325325_2.pdf ; dab.gov.af/Islamic-Banking-Regulations ; Reuters, 'Afghanistan approves first full-fledged Islamic bank', 23.04.2018","CONFIRMED. DAB issued its dedicated Islamic banking regulatory framework in 2015 (AAOIFI-based); in force before 2016-12-31. Before 2015 Islamic banking rested on articles inside the general Banking Law of Afghanistan and case-by-case DAB approval of windows, which is the Guinea/Albania threshold under D-35, hence 0 for 2011 and 2014. Exact day of issuance in 2015 not established; immaterial because the nearest reference date is 2016-12-31.",2026-08-16
AFG,Afghanistan,National central bank,2021,2020-12-31,ib_legal_framework,1,verified,high,"Da Afghanistan Bank, Islamic banking regulatory framework issued 2015, incl. 'Licensing of Islamic Financial Institutions', DAB, Dec 2015, sections 8.2.2 and 'Effective Date of the Regulation' | dab.gov.af/sites/default/files/2018-12/1LicensingforIslamicFIsv3finalversion20122015141812767553325325_2.pdf ; dab.gov.af/Islamic-Banking-Regulations ; Reuters, 'Afghanistan approves first full-fledged Islamic bank', 23.04.2018","CONFIRMED. DAB issued its dedicated Islamic banking regulatory framework in 2015 (AAOIFI-based); in force before 2016-12-31. Before 2015 Islamic banking rested on articles inside the general Banking Law of Afghanistan and case-by-case DAB approval of windows, which is the Guinea/Albania threshold under D-35, hence 0 for 2011 and 2014. Exact day of issuance in 2015 not established; immaterial because the nearest reference date is 2016-12-31.",2026-08-16
AFG,Afghanistan,National central bank,2011,2010-12-31,ib_regime,1,verified,medium,"DAB-approved Islamic banking windows operating at the reference date: Bank Millie Afghan (2004), Bank Alfalah (2005), Afghan United Bank (2007), Maiwand Bank (2008), Ghazanfar Bank (2009) | allstudyjournal.com/article/515/3-1-50-757.pdf ; mdpi.com/2227-7099/11/7/189 (Faithful Finance: Unlocking Banking Islamization in Afghanistan, Economics 11(7):189) ; unescwa.org/sites/default/files/archive/u593/afghanistanlkhdm_lmsrfy__0.pdf","Windows only. The first standalone licensed Islamic bank, Islamic Bank of Afghanistan, was licensed by DAB on 09.04.2018, well after this reference date. Confidence medium: the window count comes from peer-reviewed studies rather than a dated DAB licence register page.",2026-08-16
AFG,Afghanistan,National central bank,2014,2013-12-31,ib_regime,1,verified,medium,"DAB-approved Islamic banking windows operating at the reference date: Bank Millie Afghan, Bank Alfalah, Afghan United Bank, Maiwand Bank, Ghazanfar Bank, New Kabul Bank (2011); AIB added a window in 2014 | allstudyjournal.com/article/515/3-1-50-757.pdf ; mdpi.com/2227-7099/11/7/189 ; aarcentre.com/ojs3/index.php/jaash/article/download/264/547/1468",Windows only. The first standalone licensed Islamic bank (Islamic Bank of Afghanistan) was licensed 09.04.2018. Confidence medium for the same reason as 2011.,2026-08-16
AFG,Afghanistan,National central bank,2017,2016-12-31,ib_regime,1,verified,medium,"CORRECTED 2026-08-16, superseding the IFSB-share inference. IFSB, IFSI Stability Report 2018, Chart 1.1.2, p.28: Islamic banking share of total domestic banking assets = 5.4% (1H2017). A measurable share of domestic banking assets cannot exist without licensed Islamic banks.","Islamic Bank of Afghanistan, the first standalone Islamic bank, was licensed 2018-04-09, after the 2016-12-31 reference date. Da Afghanistan Bank permitted Islamic windows from 2015. Register rule (D-34) gives 1, not 2. The superseded inference — a measurable share of domestic banking assets implies licensed Islamic banks — is sound for 2 versus 0 but cannot separate a standalone bank from a window, and must not be used in window-based markets.",2026-08-16
AFG,Afghanistan,National central bank,2021,2020-12-31,ib_regime,2,verified,high,"IFSB, IFSI Stability Report 2022, Chart 1.2.1, p.25: Islamic banking share of total domestic banking assets = 13.2% (2021). A measurable share of domestic banking assets cannot exist without licensed Islamic banks.",,2026-08-16
ALB,Albania,Bank of Albania,2011,2010-12-31,ib_legal_framework,0.0,verified,high,"No dedicated statute; UBA licensed under Law No.9662 of 18.12.2006 ""On Banks in the Republic of Albania"", Licence No.03/1 | uba.com.al/about-uba/ ; islamicfinancenews.com",Same criterion as Guinea,2026-08-16
ALB,Albania,Bank of Albania,2014,2013-12-31,ib_legal_framework,0.0,verified,high,"No dedicated statute; UBA licensed under Law No.9662 of 18.12.2006 ""On Banks in the Republic of Albania"", Licence No.03/1 | uba.com.al/about-uba/ ; islamicfinancenews.com",Same criterion as Guinea,2026-08-16
ALB,Albania,Bank of Albania,2017,2016-12-31,ib_legal_framework,0.0,verified,high,"No dedicated statute; UBA licensed under Law No.9662 of 18.12.2006 ""On Banks in the Republic of Albania"", Licence No.03/1 | uba.com.al/about-uba/ ; islamicfinancenews.com",Same criterion as Guinea,2026-08-16
ALB,Albania,Bank of Albania,2021,2020-12-31,ib_legal_framework,0.0,verified,high,"No dedicated statute; UBA licensed under Law No.9662 of 18.12.2006 ""On Banks in the Republic of Albania"", Licence No.03/1 | uba.com.al/about-uba/ ; islamicfinancenews.com",Same criterion as Guinea,2026-08-16
ALB,Albania,Bank of Albania,2011,2010-12-31,ib_regime,2.0,verified,high,"United Bank of Albania (ex Arab-Albanian Islamic Bank), IsDB shareholder | amcham.com.al/member/united-bank-of-albania/",Founding year disputed 1993/1994/1999; all precede 2010-12-31,2026-08-16
ALB,Albania,Bank of Albania,2014,2013-12-31,ib_regime,2.0,verified,high,"United Bank of Albania (ex Arab-Albanian Islamic Bank), IsDB shareholder | amcham.com.al/member/united-bank-of-albania/",Founding year disputed 1993/1994/1999; all precede 2010-12-31,2026-08-16
ALB,Albania,Bank of Albania,2017,2016-12-31,ib_regime,2.0,verified,high,"United Bank of Albania (ex Arab-Albanian Islamic Bank), IsDB shareholder | amcham.com.al/member/united-bank-of-albania/",Founding year disputed 1993/1994/1999; all precede 2010-12-31,2026-08-16
ALB,Albania,Bank of Albania,2021,2020-12-31,ib_regime,2.0,verified,high,"United Bank of Albania (ex Arab-Albanian Islamic Bank), IsDB shareholder | amcham.com.al/member/united-bank-of-albania/",Founding year disputed 1993/1994/1999; all precede 2010-12-31,2026-08-16
ARE,United Arab Emirates,National central bank,2011,2010-12-31,ib_legal_framework,1,verified,high,"Federal Law No. (6) of 1985 Regarding Islamic Banks, Financial Institutions and Investment Companies (dedicated federal act; Art. 5 Higher Shari'ah Authority) | centralbank.ae/en/rulebook/other-institutions/pre-2012-regulations/federal-law-no-6-of-1985-regarding-islamic-banks-financial-institutions-and-investment-companies/ ; centralbank.ae/en/our-operations/islamic-finance/ . For 2021: Decretal Federal Law No. (14) of 2018 (in force 30.09.2018) repealed the 1985 Law and carries dedicated provisions on Islamic financial institutions and the Higher Shari'ah Authority; Cabinet Resolution No. (102/5/1) of 08.05.2016 establishing the Higher Shari'ah Authority | rulebook.centralbank.ae/en/rulebook/central-bank-organization-financial-institutions-and-activities-law","CONFIRMED. Federal Law 6/1985 is a standalone dedicated act and covers 2011, 2014 and 2017. It was repealed on 30.09.2018 by the 2018 Banking Law; the 2021 cell rests on that law's dedicated Islamic-financial-institutions provisions plus the Higher Shari'ah Authority, which I have not read article by article - confidence medium for 2021 only.",2026-08-16
ARE,United Arab Emirates,National central bank,2014,2013-12-31,ib_legal_framework,1,verified,high,"Federal Law No. (6) of 1985 Regarding Islamic Banks, Financial Institutions and Investment Companies (dedicated federal act; Art. 5 Higher Shari'ah Authority) | centralbank.ae/en/rulebook/other-institutions/pre-2012-regulations/federal-law-no-6-of-1985-regarding-islamic-banks-financial-institutions-and-investment-companies/ ; centralbank.ae/en/our-operations/islamic-finance/ . For 2021: Decretal Federal Law No. (14) of 2018 (in force 30.09.2018) repealed the 1985 Law and carries dedicated provisions on Islamic financial institutions and the Higher Shari'ah Authority; Cabinet Resolution No. (102/5/1) of 08.05.2016 establishing the Higher Shari'ah Authority | rulebook.centralbank.ae/en/rulebook/central-bank-organization-financial-institutions-and-activities-law","CONFIRMED. Federal Law 6/1985 is a standalone dedicated act and covers 2011, 2014 and 2017. It was repealed on 30.09.2018 by the 2018 Banking Law; the 2021 cell rests on that law's dedicated Islamic-financial-institutions provisions plus the Higher Shari'ah Authority, which I have not read article by article - confidence medium for 2021 only.",2026-08-16
ARE,United Arab Emirates,National central bank,2017,2016-12-31,ib_legal_framework,1,verified,high,"Federal Law No. (6) of 1985 Regarding Islamic Banks, Financial Institutions and Investment Companies (dedicated federal act; Art. 5 Higher Shari'ah Authority) | centralbank.ae/en/rulebook/other-institutions/pre-2012-regulations/federal-law-no-6-of-1985-regarding-islamic-banks-financial-institutions-and-investment-companies/ ; centralbank.ae/en/our-operations/islamic-finance/ . For 2021: Decretal Federal Law No. (14) of 2018 (in force 30.09.2018) repealed the 1985 Law and carries dedicated provisions on Islamic financial institutions and the Higher Shari'ah Authority; Cabinet Resolution No. (102/5/1) of 08.05.2016 establishing the Higher Shari'ah Authority | rulebook.centralbank.ae/en/rulebook/central-bank-organization-financial-institutions-and-activities-law","CONFIRMED. Federal Law 6/1985 is a standalone dedicated act and covers 2011, 2014 and 2017. It was repealed on 30.09.2018 by the 2018 Banking Law; the 2021 cell rests on that law's dedicated Islamic-financial-institutions provisions plus the Higher Shari'ah Authority, which I have not read article by article - confidence medium for 2021 only.",2026-08-16
ARE,United Arab Emirates,National central bank,2021,2020-12-31,ib_legal_framework,1,verified,medium,"Federal Law No. (6) of 1985 Regarding Islamic Banks, Financial Institutions and Investment Companies (dedicated federal act; Art. 5 Higher Shari'ah Authority) | centralbank.ae/en/rulebook/other-institutions/pre-2012-regulations/federal-law-no-6-of-1985-regarding-islamic-banks-financial-institutions-and-investment-companies/ ; centralbank.ae/en/our-operations/islamic-finance/ . For 2021: Decretal Federal Law No. (14) of 2018 (in force 30.09.2018) repealed the 1985 Law and carries dedicated provisions on Islamic financial institutions and the Higher Shari'ah Authority; Cabinet Resolution No. (102/5/1) of 08.05.2016 establishing the Higher Shari'ah Authority | rulebook.centralbank.ae/en/rulebook/central-bank-organization-financial-institutions-and-activities-law","CONFIRMED. Federal Law 6/1985 is a standalone dedicated act and covers 2011, 2014 and 2017. It was repealed on 30.09.2018 by the 2018 Banking Law; the 2021 cell rests on that law's dedicated Islamic-financial-institutions provisions plus the Higher Shari'ah Authority, which I have not read article by article - confidence medium for 2021 only.",2026-08-16
ARE,United Arab Emirates,National central bank,2011,2010-12-31,ib_regime,2,verified,high,"IFSB, IFSI Stability Report 2013, Chart 1.1.1, p.22: Islamic banking share of total domestic banking assets = 21.5% (2012E). A measurable share of domestic banking assets cannot exist without licensed Islamic banks.",,2026-08-16
ARE,United Arab Emirates,National central bank,2014,2013-12-31,ib_regime,2,verified,high,"IFSB, IFSI Stability Report 2015, Chart 1.1.1.3, p.24: Islamic banking share of total domestic banking assets = 17.4% (1H2014). A measurable share of domestic banking assets cannot exist without licensed Islamic banks.",,2026-08-16
ARE,United Arab Emirates,National central bank,2017,2016-12-31,ib_regime,2,verified,high,"IFSB, IFSI Stability Report 2018, Chart 1.1.2, p.28: Islamic banking share of total domestic banking assets = 19.9% (1H2017). A measurable share of domestic banking assets cannot exist without licensed Islamic banks.",,2026-08-16
ARE,United Arab Emirates,National central bank,2021,2020-12-31,ib_regime,2,verified,high,"IFSB, IFSI Stability Report 2022, Chart 1.2.1, p.25: Islamic banking share of total domestic banking assets = 23.9% (2021). A measurable share of domestic banking assets cannot exist without licensed Islamic banks.",,2026-08-16
AZE,Azerbaijan,National central bank,2011,2010-12-31,ib_legal_framework,0,verified,high,"No dedicated instrument in force at any reference date. Draft amendments to the Civil Code, Tax Code and the Laws 'On Banks' and 'On Non-Bank Credit Organizations' were still under legal review in Feb 2026 - Central Bank of Azerbaijan, Director General Mahmudzade, interview | trend.az/business/4155239.html ; eurasianet.org/azerbaijan-islamic-banking-knocking-on-the-door ; azernews.az/business/93359.html (25.02.2016)","REFUTED - no instrument to confirm. Absence here is documented, not inferred from silence: the central bank itself states legislation is still in draft and that no bank operates in full compliance with Islamic banking principles. Coded 0 rather than left open on that basis.",2026-08-16
AZE,Azerbaijan,National central bank,2014,2013-12-31,ib_legal_framework,0,verified,high,"No dedicated instrument in force at any reference date. Draft amendments to the Civil Code, Tax Code and the Laws 'On Banks' and 'On Non-Bank Credit Organizations' were still under legal review in Feb 2026 - Central Bank of Azerbaijan, Director General Mahmudzade, interview | trend.az/business/4155239.html ; eurasianet.org/azerbaijan-islamic-banking-knocking-on-the-door ; azernews.az/business/93359.html (25.02.2016)","REFUTED - no instrument to confirm. Absence here is documented, not inferred from silence: the central bank itself states legislation is still in draft and that no bank operates in full compliance with Islamic banking principles. Coded 0 rather than left open on that basis.",2026-08-16
AZE,Azerbaijan,National central bank,2017,2016-12-31,ib_legal_framework,0,verified,high,"No dedicated instrument in force at any reference date. Draft amendments to the Civil Code, Tax Code and the Laws 'On Banks' and 'On Non-Bank Credit Organizations' were still under legal review in Feb 2026 - Central Bank of Azerbaijan, Director General Mahmudzade, interview | trend.az/business/4155239.html ; eurasianet.org/azerbaijan-islamic-banking-knocking-on-the-door ; azernews.az/business/93359.html (25.02.2016)","REFUTED - no instrument to confirm. Absence here is documented, not inferred from silence: the central bank itself states legislation is still in draft and that no bank operates in full compliance with Islamic banking principles. Coded 0 rather than left open on that basis.",2026-08-16
AZE,Azerbaijan,National central bank,2021,2020-12-31,ib_legal_framework,0,verified,high,"No dedicated instrument in force at any reference date. Draft amendments to the Civil Code, Tax Code and the Laws 'On Banks' and 'On Non-Bank Credit Organizations' were still under legal review in Feb 2026 - Central Bank of Azerbaijan, Director General Mahmudzade, interview | trend.az/business/4155239.html ; eurasianet.org/azerbaijan-islamic-banking-knocking-on-the-door ; azernews.az/business/93359.html (25.02.2016)","REFUTED - no instrument to confirm. Absence here is documented, not inferred from silence: the central bank itself states legislation is still in draft and that no bank operates in full compliance with Islamic banking principles. Coded 0 rather than left open on that basis.",2026-08-16
AZE,Azerbaijan,National central bank,2011,2010-12-31,ib_regime,,open,,,"Left open. No source examined covers the CBA licence register at 2010-12-31. Islamic-window activity at the International Bank of Azerbaijan dates from around 2012-2013, after this date, but absence of evidence is not evidence of absence (D-39). Not coded 0.",
AZE,Azerbaijan,National central bank,2014,2013-12-31,ib_regime,1,verified,medium,"CORRECTED 2026-08-16, superseding the IFSB-share inference. IFSB, IFSI Stability Report 2015, Chart 1.1.1.3, p.24: Islamic banking share of total domestic banking assets = 1.0% (1H2014). A measurable share of domestic banking assets cannot exist without licensed Islamic banks.","The IFSB 1H2014 share of 1.0% derives from the International Bank of Azerbaijan's Islamic WINDOW, not a standalone licensed Islamic bank. Register rule (D-34) gives 1, not 2. The superseded inference — a measurable share of domestic banking assets implies licensed Islamic banks — is sound for 2 versus 0 but cannot separate a standalone bank from a window, and must not be used in window-based markets.",2026-08-16
AZE,Azerbaijan,National central bank,2017,2016-12-31,ib_regime,0,bracketed,low,"No standalone licensed Islamic bank at the reference date: Azerbaijan has no dedicated Islamic banking legislation and the CBA states that no bank operates in full compliance with Islamic banking principles | trend.az/business/4155239.html (CBA Director General, Feb 2026) ; eurasianet.org/azerbaijan-islamic-banking-knocking-on-the-door ; gulfnews.com/business/banking/azerbaijans-iba-plans-stand-alone-islamic-banking-unit-1.1373662","APPARENT FALL FROM 2 IN 2014 - EXPLANATION. The verified 2014 cell is derived from the IFSB share chart (1.0%), and the project's standing inference is that a measurable share implies licensed Islamic banks. In Azerbaijan that share came from the International Bank of Azerbaijan's Islamic WINDOW, not from a standalone licensed Islamic bank; IBA was restructured and defaulted in 2017 and the window did not survive as a licensed entity. So the fall is an artefact of the 2014 cell's source basis, not a real downgrade. Value 1 is unobservable here because Azerbaijan has no dedicated framework and windows are not separately licensed (the codebook blind spot), so rule 7 gives the lower value, 0. Confidence low.",2026-08-16
AZE,Azerbaijan,National central bank,2021,2020-12-31,ib_regime,0,bracketed,medium,"No standalone licensed Islamic bank at the reference date; no dedicated legislation and draft amendments still under review - Central Bank of Azerbaijan, Director General Mahmudzade: no bank operates in full compliance with Islamic banking principles | trend.az/business/4155239.html ; modern.az/en/aktual/569958/why-is-there-no-legislation-on-islamic-banking-in-azerbaijan/","Same reasoning as the 2017 cell: no standalone licensed Islamic bank, value 1 unobservable in the absence of a dedicated framework, conservative code 0 under rule 7. See the 2017 note for the explanation of the fall from the verified 2014 cell.",2026-08-16
BEN,Benin,BCEAO,2011,2010-12-31,ib_legal_framework,0.0,verified,high,"BCEAO Instruction n°002-03-2018 du 21 mars 2018 relative aux dispositions particulieres applicables aux etablissements de credit exercant une activite de finance islamique. Art.20: entry into force on date of signature, 21.03.2018, Dakar, signed Tiemoko Meyliet Kone. Art.3: applies to all credit institutions in any UMOA member state. Art.4: two categories - exclusive Islamic credit institutions, and partial via a dedicated ""Branche islamique"" | bceao.int/sites/default/files/2018-05/Instruction 002-03-2018 dispositions particulieres FI applicables aux ETC-web.pdf","Full text verified. Regional instrument: identical value for all six UMOA economies. Companion texts: 003-03-2018 (SFD, same date), 004-05-2018 and 005-05-2018 (technical characteristics, 02.05.2018)",2026-08-16
BEN,Benin,BCEAO,2014,2013-12-31,ib_legal_framework,0.0,verified,high,"BCEAO Instruction n°002-03-2018 du 21 mars 2018 relative aux dispositions particulieres applicables aux etablissements de credit exercant une activite de finance islamique. Art.20: entry into force on date of signature, 21.03.2018, Dakar, signed Tiemoko Meyliet Kone. Art.3: applies to all credit institutions in any UMOA member state. Art.4: two categories - exclusive Islamic credit institutions, and partial via a dedicated ""Branche islamique"" | bceao.int/sites/default/files/2018-05/Instruction 002-03-2018 dispositions particulieres FI applicables aux ETC-web.pdf","Full text verified. Regional instrument: identical value for all six UMOA economies. Companion texts: 003-03-2018 (SFD, same date), 004-05-2018 and 005-05-2018 (technical characteristics, 02.05.2018)",2026-08-16
BEN,Benin,BCEAO,2017,2016-12-31,ib_legal_framework,0.0,verified,high,"BCEAO Instruction n°002-03-2018 du 21 mars 2018 relative aux dispositions particulieres applicables aux etablissements de credit exercant une activite de finance islamique. Art.20: entry into force on date of signature, 21.03.2018, Dakar, signed Tiemoko Meyliet Kone. Art.3: applies to all credit institutions in any UMOA member state. Art.4: two categories - exclusive Islamic credit institutions, and partial via a dedicated ""Branche islamique"" | bceao.int/sites/default/files/2018-05/Instruction 002-03-2018 dispositions particulieres FI applicables aux ETC-web.pdf","Full text verified. Regional instrument: identical value for all six UMOA economies. Companion texts: 003-03-2018 (SFD, same date), 004-05-2018 and 005-05-2018 (technical characteristics, 02.05.2018)",2026-08-16
BEN,Benin,BCEAO,2021,2020-12-31,ib_legal_framework,1.0,verified,high,"BCEAO Instruction n°002-03-2018 du 21 mars 2018 relative aux dispositions particulieres applicables aux etablissements de credit exercant une activite de finance islamique. Art.20: entry into force on date of signature, 21.03.2018, Dakar, signed Tiemoko Meyliet Kone. Art.3: applies to all credit institutions in any UMOA member state. Art.4: two categories - exclusive Islamic credit institutions, and partial via a dedicated ""Branche islamique"" | bceao.int/sites/default/files/2018-05/Instruction 002-03-2018 dispositions particulieres FI applicables aux ETC-web.pdf","Full text verified. Regional instrument: identical value for all six UMOA economies. Companion texts: 003-03-2018 (SFD, same date), 004-05-2018 and 005-05-2018 (technical characteristics, 02.05.2018)",2026-08-16
BEN,Benin,BCEAO,2011,2010-12-31,ib_regime,0.0,verified,high,"No Islamic credit institution and no Islamic branch in the annexed list. Rapport annuel 2010 de la Commission Bancaire de l'UMOA, Annexe - liste des etablissements de credit | cb-umoa.org/sites/default/files/2022-01/Rapport%20Annuel%202010%20de%20la%20Commission%20Bancaire.pdf","The Branche islamique category did not exist in UMOA before Instruction 002-03-2018 of 21.03.2018, so a licence list is exhaustive at this reference date",2026-08-16
BEN,Benin,BCEAO,2014,2013-12-31,ib_regime,0.0,verified,high,"No Islamic credit institution and no Islamic branch in the annexed list. Rapport annuel 2013 de la Commission Bancaire de l'UMOA, Annexe | cb-umoa.org/sites/default/files/2025-02/Rapport%20Annuel%202013%20de%20la%20Commission%20Bancaire_compressed.pdf","The Branche islamique category did not exist in UMOA before Instruction 002-03-2018 of 21.03.2018, so a licence list is exhaustive at this reference date",2026-08-16
BEN,Benin,BCEAO,2017,2016-12-31,ib_regime,0.0,verified,high,"No Islamic credit institution and no Islamic branch in the annexed list. Rapport annuel 2016 de la Commission Bancaire de l'UMOA, Annexe II | cb-umoa.org/sites/default/files/2022-01/Rapport%20Annuel%202016%20de%20la%20Commission%20Bancaire.pdf","The Branche islamique category did not exist in UMOA before Instruction 002-03-2018 of 21.03.2018, so a licence list is exhaustive at this reference date",2026-08-16
BEN,Benin,BCEAO,2021,2020-12-31,ib_regime,0.0,verified,high,"No Islamic credit institution and no Islamic branch in the annexed list. Rapport annuel 2020 de la Commission Bancaire de l'UMOA, Annexe II.1.1 Liste des etablissements de credit | cb-umoa.org/sites/default/files/2022-01/Rapport%20annuel%202020%20de%20la%20Commission%20Bancaire.pdf","Exhaustive search of the 2020 report returns 9 occurrences of ""islamique"", all accounted for: BIS, BIN, Tamweel Africa Holding, two training seminars, and one generic mention of ""l'ouverture d'une branche islamique"" in the enumeration of operations subject to prior authorisation (Instruction 002-03-2018 Art.7). No Islamic branch was authorised in 2020: of 18 files handled, 4 were declarations of intent to open succursales and 14 were other requests",2026-08-16
BFA,Burkina Faso,BCEAO,2011,2010-12-31,ib_legal_framework,0.0,verified,high,"BCEAO Instruction n°002-03-2018 du 21 mars 2018 relative aux dispositions particulieres applicables aux etablissements de credit exercant une activite de finance islamique. Art.20: entry into force on date of signature, 21.03.2018, Dakar, signed Tiemoko Meyliet Kone. Art.3: applies to all credit institutions in any UMOA member state. Art.4: two categories - exclusive Islamic credit institutions, and partial via a dedicated ""Branche islamique"" | bceao.int/sites/default/files/2018-05/Instruction 002-03-2018 dispositions particulieres FI applicables aux ETC-web.pdf","Full text verified. Regional instrument: identical value for all six UMOA economies. Companion texts: 003-03-2018 (SFD, same date), 004-05-2018 and 005-05-2018 (technical characteristics, 02.05.2018)",2026-08-16
BFA,Burkina Faso,BCEAO,2014,2013-12-31,ib_legal_framework,0.0,verified,high,"BCEAO Instruction n°002-03-2018 du 21 mars 2018 relative aux dispositions particulieres applicables aux etablissements de credit exercant une activite de finance islamique. Art.20: entry into force on date of signature, 21.03.2018, Dakar, signed Tiemoko Meyliet Kone. Art.3: applies to all credit institutions in any UMOA member state. Art.4: two categories - exclusive Islamic credit institutions, and partial via a dedicated ""Branche islamique"" | bceao.int/sites/default/files/2018-05/Instruction 002-03-2018 dispositions particulieres FI applicables aux ETC-web.pdf","Full text verified. Regional instrument: identical value for all six UMOA economies. Companion texts: 003-03-2018 (SFD, same date), 004-05-2018 and 005-05-2018 (technical characteristics, 02.05.2018)",2026-08-16
BFA,Burkina Faso,BCEAO,2017,2016-12-31,ib_legal_framework,0.0,verified,high,"BCEAO Instruction n°002-03-2018 du 21 mars 2018 relative aux dispositions particulieres applicables aux etablissements de credit exercant une activite de finance islamique. Art.20: entry into force on date of signature, 21.03.2018, Dakar, signed Tiemoko Meyliet Kone. Art.3: applies to all credit institutions in any UMOA member state. Art.4: two categories - exclusive Islamic credit institutions, and partial via a dedicated ""Branche islamique"" | bceao.int/sites/default/files/2018-05/Instruction 002-03-2018 dispositions particulieres FI applicables aux ETC-web.pdf","Full text verified. Regional instrument: identical value for all six UMOA economies. Companion texts: 003-03-2018 (SFD, same date), 004-05-2018 and 005-05-2018 (technical characteristics, 02.05.2018)",2026-08-16
BFA,Burkina Faso,BCEAO,2021,2020-12-31,ib_legal_framework,1.0,verified,high,"BCEAO Instruction n°002-03-2018 du 21 mars 2018 relative aux dispositions particulieres applicables aux etablissements de credit exercant une activite de finance islamique. Art.20: entry into force on date of signature, 21.03.2018, Dakar, signed Tiemoko Meyliet Kone. Art.3: applies to all credit institutions in any UMOA member state. Art.4: two categories - exclusive Islamic credit institutions, and partial via a dedicated ""Branche islamique"" | bceao.int/sites/default/files/2018-05/Instruction 002-03-2018 dispositions particulieres FI applicables aux ETC-web.pdf","Full text verified. Regional instrument: identical value for all six UMOA economies. Companion texts: 003-03-2018 (SFD, same date), 004-05-2018 and 005-05-2018 (technical characteristics, 02.05.2018)",2026-08-16
BFA,Burkina Faso,BCEAO,2011,2010-12-31,ib_regime,0.0,verified,high,"No Islamic credit institution and no Islamic branch in the annexed list. Rapport annuel 2010 de la Commission Bancaire de l'UMOA, Annexe - liste des etablissements de credit | cb-umoa.org/sites/default/files/2022-01/Rapport%20Annuel%202010%20de%20la%20Commission%20Bancaire.pdf","The Branche islamique category did not exist in UMOA before Instruction 002-03-2018 of 21.03.2018, so a licence list is exhaustive at this reference date",2026-08-16
BFA,Burkina Faso,BCEAO,2014,2013-12-31,ib_regime,0.0,verified,high,"No Islamic credit institution and no Islamic branch in the annexed list. Rapport annuel 2013 de la Commission Bancaire de l'UMOA, Annexe | cb-umoa.org/sites/default/files/2025-02/Rapport%20Annuel%202013%20de%20la%20Commission%20Bancaire_compressed.pdf","The Branche islamique category did not exist in UMOA before Instruction 002-03-2018 of 21.03.2018, so a licence list is exhaustive at this reference date",2026-08-16
BFA,Burkina Faso,BCEAO,2017,2016-12-31,ib_regime,0.0,verified,high,"No Islamic credit institution and no Islamic branch in the annexed list. Rapport annuel 2016 de la Commission Bancaire de l'UMOA, Annexe II | cb-umoa.org/sites/default/files/2022-01/Rapport%20Annuel%202016%20de%20la%20Commission%20Bancaire.pdf","The Branche islamique category did not exist in UMOA before Instruction 002-03-2018 of 21.03.2018, so a licence list is exhaustive at this reference date",2026-08-16
BFA,Burkina Faso,BCEAO,2021,2020-12-31,ib_regime,0.0,verified,high,"No Islamic credit institution and no Islamic branch in the annexed list. Rapport annuel 2020 de la Commission Bancaire de l'UMOA, Annexe II.1.1 Liste des etablissements de credit | cb-umoa.org/sites/default/files/2022-01/Rapport%20annuel%202020%20de%20la%20Commission%20Bancaire.pdf","Exhaustive search of the 2020 report returns 9 occurrences of ""islamique"", all accounted for: BIS, BIN, Tamweel Africa Holding, two training seminars, and one generic mention of ""l'ouverture d'une branche islamique"" in the enumeration of operations subject to prior authorisation (Instruction 002-03-2018 Art.7). No Islamic branch was authorised in 2020: of 18 files handled, 4 were declarations of intent to open succursales and 14 were other requests",2026-08-16
BGD,Bangladesh,National central bank,2011,2010-12-31,ib_legal_framework,1,verified,medium,"Bangladesh Bank, 'Guidelines for Conducting Islamic Banking', 2009, Section I (introduction) and following sections on Islamic banking branches, Shariah governance, deposit and investment modes, liquidity and accounts | bb.org.bd/aboutus/regulationguideline/islamicbanking/guideislamicbnk.pdf","BORDERLINE, JUDGEMENT RECORDED. D-35 makes a supervisory guideline a judgement call. Coded 1: the instrument is issued by the banking supervisor, addressed exclusively to Islamic banking, and sets licensing conditions for Islamic branches/windows, Shariah governance, permitted modes, liquidity and accounts - the same instrument class as BCEAO Instruction 002-03-2018, which the 16 already-coded economies score as 1. Counter-argument recorded: the Guidelines state they are 'supplementary, not a substitute' to existing banking law, and Bangladesh has no Islamic banking statute; a coder applying a statute-only threshold would score 0 in all four rounds, which is a constant and would be absorbed by country fixed effects. Issued 2009, i.e. before the earliest reference date 2010-12-31, so the exact day is immaterial; circular number not confirmed.",2026-08-16
BGD,Bangladesh,National central bank,2014,2013-12-31,ib_legal_framework,1,verified,medium,"Bangladesh Bank, 'Guidelines for Conducting Islamic Banking', 2009, Section I (introduction) and following sections on Islamic banking branches, Shariah governance, deposit and investment modes, liquidity and accounts | bb.org.bd/aboutus/regulationguideline/islamicbanking/guideislamicbnk.pdf","BORDERLINE, JUDGEMENT RECORDED. D-35 makes a supervisory guideline a judgement call. Coded 1: the instrument is issued by the banking supervisor, addressed exclusively to Islamic banking, and sets licensing conditions for Islamic branches/windows, Shariah governance, permitted modes, liquidity and accounts - the same instrument class as BCEAO Instruction 002-03-2018, which the 16 already-coded economies score as 1. Counter-argument recorded: the Guidelines state they are 'supplementary, not a substitute' to existing banking law, and Bangladesh has no Islamic banking statute; a coder applying a statute-only threshold would score 0 in all four rounds, which is a constant and would be absorbed by country fixed effects. Issued 2009, i.e. before the earliest reference date 2010-12-31, so the exact day is immaterial; circular number not confirmed.",2026-08-16
BGD,Bangladesh,National central bank,2017,2016-12-31,ib_legal_framework,1,verified,medium,"Bangladesh Bank, 'Guidelines for Conducting Islamic Banking', 2009, Section I (introduction) and following sections on Islamic banking branches, Shariah governance, deposit and investment modes, liquidity and accounts | bb.org.bd/aboutus/regulationguideline/islamicbanking/guideislamicbnk.pdf","BORDERLINE, JUDGEMENT RECORDED. D-35 makes a supervisory guideline a judgement call. Coded 1: the instrument is issued by the banking supervisor, addressed exclusively to Islamic banking, and sets licensing conditions for Islamic branches/windows, Shariah governance, permitted modes, liquidity and accounts - the same instrument class as BCEAO Instruction 002-03-2018, which the 16 already-coded economies score as 1. Counter-argument recorded: the Guidelines state they are 'supplementary, not a substitute' to existing banking law, and Bangladesh has no Islamic banking statute; a coder applying a statute-only threshold would score 0 in all four rounds, which is a constant and would be absorbed by country fixed effects. Issued 2009, i.e. before the earliest reference date 2010-12-31, so the exact day is immaterial; circular number not confirmed.",2026-08-16
BGD,Bangladesh,National central bank,2021,2020-12-31,ib_legal_framework,1,verified,medium,"Bangladesh Bank, 'Guidelines for Conducting Islamic Banking', 2009, Section I (introduction) and following sections on Islamic banking branches, Shariah governance, deposit and investment modes, liquidity and accounts | bb.org.bd/aboutus/regulationguideline/islamicbanking/guideislamicbnk.pdf","BORDERLINE, JUDGEMENT RECORDED. D-35 makes a supervisory guideline a judgement call. Coded 1: the instrument is issued by the banking supervisor, addressed exclusively to Islamic banking, and sets licensing conditions for Islamic branches/windows, Shariah governance, permitted modes, liquidity and accounts - the same instrument class as BCEAO Instruction 002-03-2018, which the 16 already-coded economies score as 1. Counter-argument recorded: the Guidelines state they are 'supplementary, not a substitute' to existing banking law, and Bangladesh has no Islamic banking statute; a coder applying a statute-only threshold would score 0 in all four rounds, which is a constant and would be absorbed by country fixed effects. Issued 2009, i.e. before the earliest reference date 2010-12-31, so the exact day is immaterial; circular number not confirmed.",2026-08-16
BGD,Bangladesh,National central bank,2011,2010-12-31,ib_regime,2,bracketed,high,"Bangladesh Bank, 'Guidelines for Conducting Islamic Banking', 2009, Section I: 'a number of full-fledged Islamic Banks has been established' alongside conventional banks operating Islamic branches | bb.org.bd/aboutus/regulationguideline/islamicbanking/guideislamicbnk.pdf . Bounded above by IFSB, IFSI Stability Report 2015, Chart 1.1.1.3, p.24 (17.0%, 1H2014)","Bracketed rather than verified: the reference date is not directly observed, but it is bounded by a dated Bangladesh Bank statement in 2009 that full-fledged Islamic banks were already established and by the IFSB 1H2014 reading, which agree.",2026-08-16
BGD,Bangladesh,National central bank,2014,2013-12-31,ib_regime,2,verified,high,"IFSB, IFSI Stability Report 2015, Chart 1.1.1.3, p.24: Islamic banking share of total domestic banking assets = 17.0% (1H2014). A measurable share of domestic banking assets cannot exist without licensed Islamic banks.",,2026-08-16
BGD,Bangladesh,National central bank,2017,2016-12-31,ib_regime,2,verified,high,"IFSB, IFSI Stability Report 2018, Chart 1.1.2, p.28: Islamic banking share of total domestic banking assets = 19.8% (1H2017). A measurable share of domestic banking assets cannot exist without licensed Islamic banks.",,2026-08-16
BGD,Bangladesh,National central bank,2021,2020-12-31,ib_regime,2,verified,high,"IFSB, IFSI Stability Report 2022, Chart 1.2.1, p.25: Islamic banking share of total domestic banking assets = 26.3% (2021). A measurable share of domestic banking assets cannot exist without licensed Islamic banks.",,2026-08-16
CMR,Cameroon,COBAC/BEAC,2011,2010-12-31,ib_legal_framework,0.0,verified,high,Reglement n°04/22/CEMAC/UMAC/COBAC du 9 novembre 2022 relatif aux conditions d'exercice et de controle de l'activite de finance islamique dans la CEMAC; entry into force 01.01.2023 | droitmediasfinance.com ; kalieu-elongo.com ; legecam.cm/wp-content/uploads/2024/05/bb-acb-05-reglement-n04-22-cemac-finance-islamique.pdf,"Post-dates every as_of_date, including 2020-12-31",2026-08-16
CMR,Cameroon,COBAC/BEAC,2014,2013-12-31,ib_legal_framework,0.0,verified,high,Reglement n°04/22/CEMAC/UMAC/COBAC du 9 novembre 2022 relatif aux conditions d'exercice et de controle de l'activite de finance islamique dans la CEMAC; entry into force 01.01.2023 | droitmediasfinance.com ; kalieu-elongo.com ; legecam.cm/wp-content/uploads/2024/05/bb-acb-05-reglement-n04-22-cemac-finance-islamique.pdf,"Post-dates every as_of_date, including 2020-12-31",2026-08-16
CMR,Cameroon,COBAC/BEAC,2017,2016-12-31,ib_legal_framework,0.0,verified,high,Reglement n°04/22/CEMAC/UMAC/COBAC du 9 novembre 2022 relatif aux conditions d'exercice et de controle de l'activite de finance islamique dans la CEMAC; entry into force 01.01.2023 | droitmediasfinance.com ; kalieu-elongo.com ; legecam.cm/wp-content/uploads/2024/05/bb-acb-05-reglement-n04-22-cemac-finance-islamique.pdf,"Post-dates every as_of_date, including 2020-12-31",2026-08-16
CMR,Cameroon,COBAC/BEAC,2021,2020-12-31,ib_legal_framework,0.0,verified,high,Reglement n°04/22/CEMAC/UMAC/COBAC du 9 novembre 2022 relatif aux conditions d'exercice et de controle de l'activite de finance islamique dans la CEMAC; entry into force 01.01.2023 | droitmediasfinance.com ; kalieu-elongo.com ; legecam.cm/wp-content/uploads/2024/05/bb-acb-05-reglement-n04-22-cemac-finance-islamique.pdf,"Post-dates every as_of_date, including 2020-12-31",2026-08-16
CMR,Cameroon,COBAC/BEAC,2011,2010-12-31,ib_regime,0.0,verified,high,"Reglement 04/22/CEMAC/UMAC/COBAC, in force 01.01.2023, is the instrument that first created an authorisation for Islamic finance activity in CEMAC | droitmediasfinance.com ; legecam.cm","No Islamic authorisation existed in any CEMAC register before Reglement 04/22 entered into force on 01.01.2023. Coded on the same criterion as Benin, Burkina Faso, Mali and Togo before March 2018. Cameroonian institutions offered Islamic products from at least 2015 outside any register. MEASUREMENT LIMITATION (applies to the whole variable, not to this economy): value 1 is unobservable in jurisdictions with no dedicated framework, because an Islamic window is not a separately licensed entity there and cannot appear in any register. Value 2 is observable in all cases. The variable therefore under-counts in one category and in a known direction.",2026-08-16
CMR,Cameroon,COBAC/BEAC,2014,2013-12-31,ib_regime,0.0,verified,high,"Reglement 04/22/CEMAC/UMAC/COBAC, in force 01.01.2023, is the instrument that first created an authorisation for Islamic finance activity in CEMAC | droitmediasfinance.com ; legecam.cm","No Islamic authorisation existed in any CEMAC register before Reglement 04/22 entered into force on 01.01.2023. Coded on the same criterion as Benin, Burkina Faso, Mali and Togo before March 2018. Cameroonian institutions offered Islamic products from at least 2015 outside any register. MEASUREMENT LIMITATION (applies to the whole variable, not to this economy): value 1 is unobservable in jurisdictions with no dedicated framework, because an Islamic window is not a separately licensed entity there and cannot appear in any register. Value 2 is observable in all cases. The variable therefore under-counts in one category and in a known direction.",2026-08-16
CMR,Cameroon,COBAC/BEAC,2017,2016-12-31,ib_regime,0.0,verified,high,"Reglement 04/22/CEMAC/UMAC/COBAC, in force 01.01.2023, is the instrument that first created an authorisation for Islamic finance activity in CEMAC | droitmediasfinance.com ; legecam.cm","No Islamic authorisation existed in any CEMAC register before Reglement 04/22 entered into force on 01.01.2023. Coded on the same criterion as Benin, Burkina Faso, Mali and Togo before March 2018. Cameroonian institutions offered Islamic products from at least 2015 outside any register. MEASUREMENT LIMITATION (applies to the whole variable, not to this economy): value 1 is unobservable in jurisdictions with no dedicated framework, because an Islamic window is not a separately licensed entity there and cannot appear in any register. Value 2 is observable in all cases. The variable therefore under-counts in one category and in a known direction.",2026-08-16
CMR,Cameroon,COBAC/BEAC,2021,2020-12-31,ib_regime,0.0,verified,high,"Reglement 04/22/CEMAC/UMAC/COBAC, in force 01.01.2023, is the instrument that first created an authorisation for Islamic finance activity in CEMAC | droitmediasfinance.com ; legecam.cm","No Islamic authorisation existed in any CEMAC register before Reglement 04/22 entered into force on 01.01.2023. Coded on the same criterion as Benin, Burkina Faso, Mali and Togo before March 2018. Cameroonian institutions offered Islamic products from at least 2015 outside any register. MEASUREMENT LIMITATION (applies to the whole variable, not to this economy): value 1 is unobservable in jurisdictions with no dedicated framework, because an Islamic window is not a separately licensed entity there and cannot appear in any register. Value 2 is observable in all cases. The variable therefore under-counts in one category and in a known direction.",2026-08-16
DZA,Algeria,National central bank,2011,2010-12-31,ib_legal_framework,0,verified,high,"Reglement n°20-02 du 15 mars 2020 definissant les operations de banque relevant de la finance islamique et les conditions de leur exercice par les banques et les etablissements financiers, JO n°16 du 24.03.2020, Art. 23 (abroge le reglement n°18-02) | bank-of-algeria.dz/wp-content/uploads/2023/01/reglement202002.pdf ; bank-of-algeria.dz/finance-islamique-reglement-2/ . Predecessor: Reglement n°18-02 du 04.11.2018 portant conditions d'exercice des operations de banque relevant de la finance participative, JO n°73 du 09.12.2018, p.18 | bank-of-algeria.dz/stoodroa/2021/03/reglement201802-1.pdf","CONFIRMED - IN-WINDOW CHANGE. First dedicated instrument is Reglement 18-02 of 04.11.2018 (JO 09.12.2018), replaced by Reglement 20-02 of 15.03.2020 (JO 24.03.2020). Nothing dedicated existed at 2010-12-31, 2013-12-31 or 2016-12-31; one or other regulation was in force at 2020-12-31. The 2018 instrument does not itself move any reference date.",2026-08-16
DZA,Algeria,National central bank,2014,2013-12-31,ib_legal_framework,0,verified,high,"Reglement n°20-02 du 15 mars 2020 definissant les operations de banque relevant de la finance islamique et les conditions de leur exercice par les banques et les etablissements financiers, JO n°16 du 24.03.2020, Art. 23 (abroge le reglement n°18-02) | bank-of-algeria.dz/wp-content/uploads/2023/01/reglement202002.pdf ; bank-of-algeria.dz/finance-islamique-reglement-2/ . Predecessor: Reglement n°18-02 du 04.11.2018 portant conditions d'exercice des operations de banque relevant de la finance participative, JO n°73 du 09.12.2018, p.18 | bank-of-algeria.dz/stoodroa/2021/03/reglement201802-1.pdf","CONFIRMED - IN-WINDOW CHANGE. First dedicated instrument is Reglement 18-02 of 04.11.2018 (JO 09.12.2018), replaced by Reglement 20-02 of 15.03.2020 (JO 24.03.2020). Nothing dedicated existed at 2010-12-31, 2013-12-31 or 2016-12-31; one or other regulation was in force at 2020-12-31. The 2018 instrument does not itself move any reference date.",2026-08-16
DZA,Algeria,National central bank,2017,2016-12-31,ib_legal_framework,0,verified,high,"Reglement n°20-02 du 15 mars 2020 definissant les operations de banque relevant de la finance islamique et les conditions de leur exercice par les banques et les etablissements financiers, JO n°16 du 24.03.2020, Art. 23 (abroge le reglement n°18-02) | bank-of-algeria.dz/wp-content/uploads/2023/01/reglement202002.pdf ; bank-of-algeria.dz/finance-islamique-reglement-2/ . Predecessor: Reglement n°18-02 du 04.11.2018 portant conditions d'exercice des operations de banque relevant de la finance participative, JO n°73 du 09.12.2018, p.18 | bank-of-algeria.dz/stoodroa/2021/03/reglement201802-1.pdf","CONFIRMED - IN-WINDOW CHANGE. First dedicated instrument is Reglement 18-02 of 04.11.2018 (JO 09.12.2018), replaced by Reglement 20-02 of 15.03.2020 (JO 24.03.2020). Nothing dedicated existed at 2010-12-31, 2013-12-31 or 2016-12-31; one or other regulation was in force at 2020-12-31. The 2018 instrument does not itself move any reference date.",2026-08-16
DZA,Algeria,National central bank,2021,2020-12-31,ib_legal_framework,1,verified,high,"Reglement n°20-02 du 15 mars 2020 definissant les operations de banque relevant de la finance islamique et les conditions de leur exercice par les banques et les etablissements financiers, JO n°16 du 24.03.2020, Art. 23 (abroge le reglement n°18-02) | bank-of-algeria.dz/wp-content/uploads/2023/01/reglement202002.pdf ; bank-of-algeria.dz/finance-islamique-reglement-2/ . Predecessor: Reglement n°18-02 du 04.11.2018 portant conditions d'exercice des operations de banque relevant de la finance participative, JO n°73 du 09.12.2018, p.18 | bank-of-algeria.dz/stoodroa/2021/03/reglement201802-1.pdf","CONFIRMED - IN-WINDOW CHANGE. First dedicated instrument is Reglement 18-02 of 04.11.2018 (JO 09.12.2018), replaced by Reglement 20-02 of 15.03.2020 (JO 24.03.2020). Nothing dedicated existed at 2010-12-31, 2013-12-31 or 2016-12-31; one or other regulation was in force at 2020-12-31. The 2018 instrument does not itself move any reference date.",2026-08-16
DZA,Algeria,National central bank,2011,2010-12-31,ib_regime,2,verified,high,"IFSB, IFSI Stability Report 2013, Chart 1.1.1, p.22: Islamic banking share of total domestic banking assets = 1.8% (2012E). A measurable share of domestic banking assets cannot exist without licensed Islamic banks.",,2026-08-16
DZA,Algeria,National central bank,2014,2013-12-31,ib_regime,2,verified,high,"IFSB, IFSI Stability Report 2015, Chart 1.1.1.3, p.24: Islamic banking share of total domestic banking assets = 1.5% (1H2014). A measurable share of domestic banking assets cannot exist without licensed Islamic banks.",,2026-08-16
DZA,Algeria,National central bank,2017,2016-12-31,ib_regime,2,verified,high,"IFSB, IFSI Stability Report 2018, Chart 1.1.2, p.28: Islamic banking share of total domestic banking assets = 3.0% (1H2017). A measurable share of domestic banking assets cannot exist without licensed Islamic banks.",,2026-08-16
DZA,Algeria,National central bank,2021,2020-12-31,ib_regime,2,verified,high,"IFSB, IFSI Stability Report 2022, Chart 1.2.1, p.25: Islamic banking share of total domestic banking assets = 2.4% (2021). A measurable share of domestic banking assets cannot exist without licensed Islamic banks.",,2026-08-16
EGY,Egypt,National central bank,2011,2010-12-31,ib_legal_framework,0,verified,high,"No standalone Islamic banking code; Islamic finance is regulated within the existing financial statutes - Chambers Global Practice Guides, Islamic Finance 2025, Egypt, 'Legal and Regulatory Framework' | practiceguides.chambers.com/practice-guides/islamic-finance-2025/egypt . Governing statutes: Law No. 88 of 2003, replaced by Law No. 194 of 2020 on the Central Bank and the Banking Sector, promulgated 15.09.2020, in force 16.09.2020 | shalakany.com/the-new-central-bank-and-banking-sector-law/","REFUTED - no dedicated instrument identified. Ambiguity recorded for 2021: Law 194/2020 was in force at 2020-12-31 and does contain Islamic-banking provisions, including a CBE Supreme Sharia Advisory Board reviewing bank-level Sharia boards. Chambers describes the regime as regulation 'within the existing financial statutes rather than a standalone code', which is the Guinea threshold, so the conservative code under rule 7 is 0. If the 194/2020 provisions are later found to form a dedicated chapter rather than scattered articles, the 2021 cell should move to 1; confidence for 2021 is medium for that reason.",2026-08-16
EGY,Egypt,National central bank,2014,2013-12-31,ib_legal_framework,0,verified,high,"No standalone Islamic banking code; Islamic finance is regulated within the existing financial statutes - Chambers Global Practice Guides, Islamic Finance 2025, Egypt, 'Legal and Regulatory Framework' | practiceguides.chambers.com/practice-guides/islamic-finance-2025/egypt . Governing statutes: Law No. 88 of 2003, replaced by Law No. 194 of 2020 on the Central Bank and the Banking Sector, promulgated 15.09.2020, in force 16.09.2020 | shalakany.com/the-new-central-bank-and-banking-sector-law/","REFUTED - no dedicated instrument identified. Ambiguity recorded for 2021: Law 194/2020 was in force at 2020-12-31 and does contain Islamic-banking provisions, including a CBE Supreme Sharia Advisory Board reviewing bank-level Sharia boards. Chambers describes the regime as regulation 'within the existing financial statutes rather than a standalone code', which is the Guinea threshold, so the conservative code under rule 7 is 0. If the 194/2020 provisions are later found to form a dedicated chapter rather than scattered articles, the 2021 cell should move to 1; confidence for 2021 is medium for that reason.",2026-08-16
EGY,Egypt,National central bank,2017,2016-12-31,ib_legal_framework,0,verified,high,"No standalone Islamic banking code; Islamic finance is regulated within the existing financial statutes - Chambers Global Practice Guides, Islamic Finance 2025, Egypt, 'Legal and Regulatory Framework' | practiceguides.chambers.com/practice-guides/islamic-finance-2025/egypt . Governing statutes: Law No. 88 of 2003, replaced by Law No. 194 of 2020 on the Central Bank and the Banking Sector, promulgated 15.09.2020, in force 16.09.2020 | shalakany.com/the-new-central-bank-and-banking-sector-law/","REFUTED - no dedicated instrument identified. Ambiguity recorded for 2021: Law 194/2020 was in force at 2020-12-31 and does contain Islamic-banking provisions, including a CBE Supreme Sharia Advisory Board reviewing bank-level Sharia boards. Chambers describes the regime as regulation 'within the existing financial statutes rather than a standalone code', which is the Guinea threshold, so the conservative code under rule 7 is 0. If the 194/2020 provisions are later found to form a dedicated chapter rather than scattered articles, the 2021 cell should move to 1; confidence for 2021 is medium for that reason.",2026-08-16
EGY,Egypt,National central bank,2021,2020-12-31,ib_legal_framework,0,verified,medium,"No standalone Islamic banking code; Islamic finance is regulated within the existing financial statutes - Chambers Global Practice Guides, Islamic Finance 2025, Egypt, 'Legal and Regulatory Framework' | practiceguides.chambers.com/practice-guides/islamic-finance-2025/egypt . Governing statutes: Law No. 88 of 2003, replaced by Law No. 194 of 2020 on the Central Bank and the Banking Sector, promulgated 15.09.2020, in force 16.09.2020 | shalakany.com/the-new-central-bank-and-banking-sector-law/","REFUTED - no dedicated instrument identified. Ambiguity recorded for 2021: Law 194/2020 was in force at 2020-12-31 and does contain Islamic-banking provisions, including a CBE Supreme Sharia Advisory Board reviewing bank-level Sharia boards. Chambers describes the regime as regulation 'within the existing financial statutes rather than a standalone code', which is the Guinea threshold, so the conservative code under rule 7 is 0. If the 194/2020 provisions are later found to form a dedicated chapter rather than scattered articles, the 2021 cell should move to 1; confidence for 2021 is medium for that reason.",2026-08-16
EGY,Egypt,National central bank,2011,2010-12-31,ib_regime,2,verified,high,"IFSB, IFSI Stability Report 2013, Chart 1.1.1, p.22: Islamic banking share of total domestic banking assets = 6.5% (2012E). A measurable share of domestic banking assets cannot exist without licensed Islamic banks.",,2026-08-16
EGY,Egypt,National central bank,2014,2013-12-31,ib_regime,2,verified,high,"IFSB, IFSI Stability Report 2015, Chart 1.1.1.3, p.24: Islamic banking share of total domestic banking assets = 6.6% (1H2014). A measurable share of domestic banking assets cannot exist without licensed Islamic banks.",,2026-08-16
EGY,Egypt,National central bank,2017,2016-12-31,ib_regime,2,verified,high,"IFSB, IFSI Stability Report 2018, Chart 1.1.2, p.28: Islamic banking share of total domestic banking assets = 6.0% (1H2017). A measurable share of domestic banking assets cannot exist without licensed Islamic banks.",,2026-08-16
EGY,Egypt,National central bank,2021,2020-12-31,ib_regime,2,verified,high,"IFSB, IFSI Stability Report 2022, Chart 1.2.1, p.25: Islamic banking share of total domestic banking assets = 4.0% (2021). A measurable share of domestic banking assets cannot exist without licensed Islamic banks.",,2026-08-16
GAB,Gabon,COBAC/BEAC,2011,2010-12-31,ib_legal_framework,0.0,verified,high,Reglement n°04/22/CEMAC/UMAC/COBAC du 9 novembre 2022 relatif aux conditions d'exercice et de controle de l'activite de finance islamique dans la CEMAC; entry into force 01.01.2023 | droitmediasfinance.com ; kalieu-elongo.com ; legecam.cm/wp-content/uploads/2024/05/bb-acb-05-reglement-n04-22-cemac-finance-islamique.pdf,"Post-dates every as_of_date, including 2020-12-31",2026-08-16
GAB,Gabon,COBAC/BEAC,2014,2013-12-31,ib_legal_framework,0.0,verified,high,Reglement n°04/22/CEMAC/UMAC/COBAC du 9 novembre 2022 relatif aux conditions d'exercice et de controle de l'activite de finance islamique dans la CEMAC; entry into force 01.01.2023 | droitmediasfinance.com ; kalieu-elongo.com ; legecam.cm/wp-content/uploads/2024/05/bb-acb-05-reglement-n04-22-cemac-finance-islamique.pdf,"Post-dates every as_of_date, including 2020-12-31",2026-08-16
GAB,Gabon,COBAC/BEAC,2017,2016-12-31,ib_legal_framework,0.0,verified,high,Reglement n°04/22/CEMAC/UMAC/COBAC du 9 novembre 2022 relatif aux conditions d'exercice et de controle de l'activite de finance islamique dans la CEMAC; entry into force 01.01.2023 | droitmediasfinance.com ; kalieu-elongo.com ; legecam.cm/wp-content/uploads/2024/05/bb-acb-05-reglement-n04-22-cemac-finance-islamique.pdf,"Post-dates every as_of_date, including 2020-12-31",2026-08-16
GAB,Gabon,COBAC/BEAC,2021,2020-12-31,ib_legal_framework,0.0,verified,high,Reglement n°04/22/CEMAC/UMAC/COBAC du 9 novembre 2022 relatif aux conditions d'exercice et de controle de l'activite de finance islamique dans la CEMAC; entry into force 01.01.2023 | droitmediasfinance.com ; kalieu-elongo.com ; legecam.cm/wp-content/uploads/2024/05/bb-acb-05-reglement-n04-22-cemac-finance-islamique.pdf,"Post-dates every as_of_date, including 2020-12-31",2026-08-16
GAB,Gabon,COBAC/BEAC,2011,2010-12-31,ib_regime,0.0,verified,high,"Reglement 04/22/CEMAC/UMAC/COBAC, in force 01.01.2023, is the instrument that first created an authorisation for Islamic finance activity in CEMAC | droitmediasfinance.com ; legecam.cm","No Islamic authorisation existed in any CEMAC register before Reglement 04/22 entered into force on 01.01.2023. Coded on the same criterion as Benin, Burkina Faso, Mali and Togo before March 2018. MEASUREMENT LIMITATION (applies to the whole variable, not to this economy): value 1 is unobservable in jurisdictions with no dedicated framework, because an Islamic window is not a separately licensed entity there and cannot appear in any register. Value 2 is observable in all cases. The variable therefore under-counts in one category and in a known direction.",2026-08-16
GAB,Gabon,COBAC/BEAC,2014,2013-12-31,ib_regime,0.0,verified,high,"Reglement 04/22/CEMAC/UMAC/COBAC, in force 01.01.2023, is the instrument that first created an authorisation for Islamic finance activity in CEMAC | droitmediasfinance.com ; legecam.cm","No Islamic authorisation existed in any CEMAC register before Reglement 04/22 entered into force on 01.01.2023. Coded on the same criterion as Benin, Burkina Faso, Mali and Togo before March 2018. MEASUREMENT LIMITATION (applies to the whole variable, not to this economy): value 1 is unobservable in jurisdictions with no dedicated framework, because an Islamic window is not a separately licensed entity there and cannot appear in any register. Value 2 is observable in all cases. The variable therefore under-counts in one category and in a known direction.",2026-08-16
GAB,Gabon,COBAC/BEAC,2017,2016-12-31,ib_regime,0.0,verified,high,"Reglement 04/22/CEMAC/UMAC/COBAC, in force 01.01.2023, is the instrument that first created an authorisation for Islamic finance activity in CEMAC | droitmediasfinance.com ; legecam.cm","No Islamic authorisation existed in any CEMAC register before Reglement 04/22 entered into force on 01.01.2023. Coded on the same criterion as Benin, Burkina Faso, Mali and Togo before March 2018. MEASUREMENT LIMITATION (applies to the whole variable, not to this economy): value 1 is unobservable in jurisdictions with no dedicated framework, because an Islamic window is not a separately licensed entity there and cannot appear in any register. Value 2 is observable in all cases. The variable therefore under-counts in one category and in a known direction.",2026-08-16
GAB,Gabon,COBAC/BEAC,2021,2020-12-31,ib_regime,0.0,verified,high,"Reglement 04/22/CEMAC/UMAC/COBAC, in force 01.01.2023, is the instrument that first created an authorisation for Islamic finance activity in CEMAC | droitmediasfinance.com ; legecam.cm","No Islamic authorisation existed in any CEMAC register before Reglement 04/22 entered into force on 01.01.2023. Coded on the same criterion as Benin, Burkina Faso, Mali and Togo before March 2018. MEASUREMENT LIMITATION (applies to the whole variable, not to this economy): value 1 is unobservable in jurisdictions with no dedicated framework, because an Islamic window is not a separately licensed entity there and cannot appear in any register. Value 2 is observable in all cases. The variable therefore under-counts in one category and in a known direction.",2026-08-16
GIN,Guinea,BCRG,2011,2010-12-31,ib_legal_framework,0.0,verified,high,"Framework limited to Article 80 of the Guinean banking law; no dedicated regulation, no sukuk rules, no specialised supervision | Balde, M.T. (2025), RAFI 9(1):51-67, DOI 10.48394/IMIST.PRSM/rafi-v9i1.53181","Coded 0 on the criterion applied to Albania. Constant across rounds, absorbed by country fixed effects. Report sensitivity at 1",2026-08-16
GIN,Guinea,BCRG,2014,2013-12-31,ib_legal_framework,0.0,verified,high,"Framework limited to Article 80 of the Guinean banking law; no dedicated regulation, no sukuk rules, no specialised supervision | Balde, M.T. (2025), RAFI 9(1):51-67, DOI 10.48394/IMIST.PRSM/rafi-v9i1.53181","Coded 0 on the criterion applied to Albania. Constant across rounds, absorbed by country fixed effects. Report sensitivity at 1",2026-08-16
GIN,Guinea,BCRG,2017,2016-12-31,ib_legal_framework,0.0,verified,high,"Framework limited to Article 80 of the Guinean banking law; no dedicated regulation, no sukuk rules, no specialised supervision | Balde, M.T. (2025), RAFI 9(1):51-67, DOI 10.48394/IMIST.PRSM/rafi-v9i1.53181","Coded 0 on the criterion applied to Albania. Constant across rounds, absorbed by country fixed effects. Report sensitivity at 1",2026-08-16
GIN,Guinea,BCRG,2021,2020-12-31,ib_legal_framework,0.0,verified,high,"Framework limited to Article 80 of the Guinean banking law; no dedicated regulation, no sukuk rules, no specialised supervision | Balde, M.T. (2025), RAFI 9(1):51-67, DOI 10.48394/IMIST.PRSM/rafi-v9i1.53181","Coded 0 on the criterion applied to Albania. Constant across rounds, absorbed by country fixed effects. Report sensitivity at 1",2026-08-16
GIN,Guinea,BCRG,2011,2010-12-31,ib_regime,2.0,verified,high,"Banque Islamique de Guinee (BIG), created 1983, entry 04 of the BCRG licensed-bank list | bcrg-guinee.org/wp-content/uploads/2023/03/BANQUES-AGREEES.pdf",Islamic banking = 2.3% of banking assets in 2022 (Balde 2025),2026-08-16
GIN,Guinea,BCRG,2014,2013-12-31,ib_regime,2.0,verified,high,"Banque Islamique de Guinee (BIG), created 1983, entry 04 of the BCRG licensed-bank list | bcrg-guinee.org/wp-content/uploads/2023/03/BANQUES-AGREEES.pdf",Islamic banking = 2.3% of banking assets in 2022 (Balde 2025),2026-08-16
GIN,Guinea,BCRG,2017,2016-12-31,ib_regime,2.0,verified,high,"Banque Islamique de Guinee (BIG), created 1983, entry 04 of the BCRG licensed-bank list | bcrg-guinee.org/wp-content/uploads/2023/03/BANQUES-AGREEES.pdf",Islamic banking = 2.3% of banking assets in 2022 (Balde 2025),2026-08-16
GIN,Guinea,BCRG,2021,2020-12-31,ib_regime,2.0,verified,high,"Banque Islamique de Guinee (BIG), created 1983, entry 04 of the BCRG licensed-bank list | bcrg-guinee.org/wp-content/uploads/2023/03/BANQUES-AGREEES.pdf",Islamic banking = 2.3% of banking assets in 2022 (Balde 2025),2026-08-16
IDN,Indonesia,National central bank,2011,2010-12-31,ib_legal_framework,1,verified,high,"Undang-Undang Republik Indonesia No. 21 Tahun 2008 tentang Perbankan Syariah (standalone Sharia Banking Act), enacted 2008; alongside UU No. 19 of 2008 on sovereign sukuk | e-journal.unair.ac.id/JHPR/article/download/16928/9130/61898 ('Regulatory Framework for Islamic Financial Institutions')","CONFIRMED. Standalone dedicated act in force from 2008, i.e. before the earliest reference date 2010-12-31, so all four rounds are 1. The earlier Law No. 10 of 1998 only amended the general banking law and would be 0 on the D-35 threshold; it is superseded here and does not affect any cell.",2026-08-16
IDN,Indonesia,National central bank,2014,2013-12-31,ib_legal_framework,1,verified,high,"Undang-Undang Republik Indonesia No. 21 Tahun 2008 tentang Perbankan Syariah (standalone Sharia Banking Act), enacted 2008; alongside UU No. 19 of 2008 on sovereign sukuk | e-journal.unair.ac.id/JHPR/article/download/16928/9130/61898 ('Regulatory Framework for Islamic Financial Institutions')","CONFIRMED. Standalone dedicated act in force from 2008, i.e. before the earliest reference date 2010-12-31, so all four rounds are 1. The earlier Law No. 10 of 1998 only amended the general banking law and would be 0 on the D-35 threshold; it is superseded here and does not affect any cell.",2026-08-16
IDN,Indonesia,National central bank,2017,2016-12-31,ib_legal_framework,1,verified,high,"Undang-Undang Republik Indonesia No. 21 Tahun 2008 tentang Perbankan Syariah (standalone Sharia Banking Act), enacted 2008; alongside UU No. 19 of 2008 on sovereign sukuk | e-journal.unair.ac.id/JHPR/article/download/16928/9130/61898 ('Regulatory Framework for Islamic Financial Institutions')","CONFIRMED. Standalone dedicated act in force from 2008, i.e. before the earliest reference date 2010-12-31, so all four rounds are 1. The earlier Law No. 10 of 1998 only amended the general banking law and would be 0 on the D-35 threshold; it is superseded here and does not affect any cell.",2026-08-16
IDN,Indonesia,National central bank,2021,2020-12-31,ib_legal_framework,1,verified,high,"Undang-Undang Republik Indonesia No. 21 Tahun 2008 tentang Perbankan Syariah (standalone Sharia Banking Act), enacted 2008; alongside UU No. 19 of 2008 on sovereign sukuk | e-journal.unair.ac.id/JHPR/article/download/16928/9130/61898 ('Regulatory Framework for Islamic Financial Institutions')","CONFIRMED. Standalone dedicated act in force from 2008, i.e. before the earliest reference date 2010-12-31, so all four rounds are 1. The earlier Law No. 10 of 1998 only amended the general banking law and would be 0 on the D-35 threshold; it is superseded here and does not affect any cell.",2026-08-16
IDN,Indonesia,National central bank,2011,2010-12-31,ib_regime,2,verified,high,"IFSB, IFSI Stability Report 2013, Chart 1.1.1, p.22: Islamic banking share of total domestic banking assets = 3.8% (2012E). A measurable share of domestic banking assets cannot exist without licensed Islamic banks.",,2026-08-16
IDN,Indonesia,National central bank,2014,2013-12-31,ib_regime,2,verified,high,"IFSB, IFSI Stability Report 2015, Chart 1.1.1.3, p.24: Islamic banking share of total domestic banking assets = 4.5% (1H2014). A measurable share of domestic banking assets cannot exist without licensed Islamic banks.",,2026-08-16
IDN,Indonesia,National central bank,2017,2016-12-31,ib_regime,2,verified,high,"IFSB, IFSI Stability Report 2018, Chart 1.1.2, p.28: Islamic banking share of total domestic banking assets = 5.6% (1H2017). A measurable share of domestic banking assets cannot exist without licensed Islamic banks.",,2026-08-16
IDN,Indonesia,National central bank,2021,2020-12-31,ib_regime,2,verified,high,"IFSB, IFSI Stability Report 2022, Chart 1.2.1, p.25: Islamic banking share of total domestic banking assets = 6.1% (2021). A measurable share of domestic banking assets cannot exist without licensed Islamic banks.",,2026-08-16
IRQ,Iraq,National central bank,2011,2010-12-31,ib_legal_framework,0,verified,medium,"Islamic Banking Law No. (43) of 2015, final article: in force from the date of publication in al-Waqa'i al-Iraqiya; published in Official Gazette issue 4390 (issue 4389 is dated 30.11.2015, so 4390 falls in Dec 2015 / early 2016) | tasjeel.mot.gov.iq/newtasjeel/n0%2043%202015.pdf ; icdi.iq/rules_and_regulations/details/3 ; gazette issue number cited in Journal of Imam Al-Kadhum College, journal.iku.edu.iq/index.php/JICK/article/view/138 ; moj.gov.iq/view.1989/ (issue 4389, 30.11.2015)","CONFIRMED - IN-WINDOW CHANGE. Law 43/2015 was passed in 2015 (CBI governor's public statement, 13.10.2015) and published in gazette issue 4390; in force well before 2016-12-31, so 2017 and 2021 are 1. Before 2015 Islamic banks operated under the general Banking Law No. 94 of 19.09.2004, which is the Guinea threshold under D-35, hence 0 for 2011 and 2014; confidence medium there because I did not read the 2004 law's Islamic provisions directly. Exact gazette date of issue 4390 not established - immaterial for the reference dates, since the nearest is 2016-12-31.",2026-08-16
IRQ,Iraq,National central bank,2014,2013-12-31,ib_legal_framework,0,verified,medium,"Islamic Banking Law No. (43) of 2015, final article: in force from the date of publication in al-Waqa'i al-Iraqiya; published in Official Gazette issue 4390 (issue 4389 is dated 30.11.2015, so 4390 falls in Dec 2015 / early 2016) | tasjeel.mot.gov.iq/newtasjeel/n0%2043%202015.pdf ; icdi.iq/rules_and_regulations/details/3 ; gazette issue number cited in Journal of Imam Al-Kadhum College, journal.iku.edu.iq/index.php/JICK/article/view/138 ; moj.gov.iq/view.1989/ (issue 4389, 30.11.2015)","CONFIRMED - IN-WINDOW CHANGE. Law 43/2015 was passed in 2015 (CBI governor's public statement, 13.10.2015) and published in gazette issue 4390; in force well before 2016-12-31, so 2017 and 2021 are 1. Before 2015 Islamic banks operated under the general Banking Law No. 94 of 19.09.2004, which is the Guinea threshold under D-35, hence 0 for 2011 and 2014; confidence medium there because I did not read the 2004 law's Islamic provisions directly. Exact gazette date of issue 4390 not established - immaterial for the reference dates, since the nearest is 2016-12-31.",2026-08-16
IRQ,Iraq,National central bank,2017,2016-12-31,ib_legal_framework,1,verified,high,"Islamic Banking Law No. (43) of 2015, final article: in force from the date of publication in al-Waqa'i al-Iraqiya; published in Official Gazette issue 4390 (issue 4389 is dated 30.11.2015, so 4390 falls in Dec 2015 / early 2016) | tasjeel.mot.gov.iq/newtasjeel/n0%2043%202015.pdf ; icdi.iq/rules_and_regulations/details/3 ; gazette issue number cited in Journal of Imam Al-Kadhum College, journal.iku.edu.iq/index.php/JICK/article/view/138 ; moj.gov.iq/view.1989/ (issue 4389, 30.11.2015)","CONFIRMED - IN-WINDOW CHANGE. Law 43/2015 was passed in 2015 (CBI governor's public statement, 13.10.2015) and published in gazette issue 4390; in force well before 2016-12-31, so 2017 and 2021 are 1. Before 2015 Islamic banks operated under the general Banking Law No. 94 of 19.09.2004, which is the Guinea threshold under D-35, hence 0 for 2011 and 2014; confidence medium there because I did not read the 2004 law's Islamic provisions directly. Exact gazette date of issue 4390 not established - immaterial for the reference dates, since the nearest is 2016-12-31.",2026-08-16
IRQ,Iraq,National central bank,2021,2020-12-31,ib_legal_framework,1,verified,high,"Islamic Banking Law No. (43) of 2015, final article: in force from the date of publication in al-Waqa'i al-Iraqiya; published in Official Gazette issue 4390 (issue 4389 is dated 30.11.2015, so 4390 falls in Dec 2015 / early 2016) | tasjeel.mot.gov.iq/newtasjeel/n0%2043%202015.pdf ; icdi.iq/rules_and_regulations/details/3 ; gazette issue number cited in Journal of Imam Al-Kadhum College, journal.iku.edu.iq/index.php/JICK/article/view/138 ; moj.gov.iq/view.1989/ (issue 4389, 30.11.2015)","CONFIRMED - IN-WINDOW CHANGE. Law 43/2015 was passed in 2015 (CBI governor's public statement, 13.10.2015) and published in gazette issue 4390; in force well before 2016-12-31, so 2017 and 2021 are 1. Before 2015 Islamic banks operated under the general Banking Law No. 94 of 19.09.2004, which is the Guinea threshold under D-35, hence 0 for 2011 and 2014; confidence medium there because I did not read the 2004 law's Islamic provisions directly. Exact gazette date of issue 4390 not established - immaterial for the reference dates, since the nearest is 2016-12-31.",2026-08-16
IRQ,Iraq,National central bank,2011,2010-12-31,ib_regime,2,bracketed,high,"Iraqi Islamic Bank for Investment and Development approved by the Central Bank of Iraq on 19.12.1992, opened 23.02.1993 | en.wikipedia.org/wiki/Iraqi_Islamic_Bank . Bounded above by the CBI Governor's statement (13.10.2015) that Iraq had 13 Islamic banks whose capital was 23.1% of total private-sector bank capital for 2014 | addustour.com/articles/88608 , and by IFSB, IFSI Stability Report 2018, Chart 1.1.2, p.28 (1H2017)",Bracketed: bounded on both sides by dated sources that agree that standalone licensed Islamic banks existed continuously. The 1992 licence source is a low-grade reference and should be replaced with the CBI licensed-bank register if that becomes available.,2026-08-16
IRQ,Iraq,National central bank,2014,2013-12-31,ib_regime,2,bracketed,high,"CBI Governor Ali Al-Allaq, 13.10.2015: 13 Islamic banks in Iraq, their capital 23.1% of total private-sector bank capital for 2014 | addustour.com/articles/88608 . Bounded below by the CBI's approval of the Iraqi Islamic Bank on 19.12.1992 and above by IFSB, IFSI Stability Report 2018, Chart 1.1.2, p.28 (1H2017)","Bracketed: the CBI Governor's count refers to 2014, just after the 2013-12-31 reference date, and the 1992 licence lies well before it; both agree.",2026-08-16
IRQ,Iraq,National central bank,2017,2016-12-31,ib_regime,2,verified,high,"IFSB, IFSI Stability Report 2018, Chart 1.1.2, p.28: Islamic banking share of total domestic banking assets = 1.5% (1H2017). A measurable share of domestic banking assets cannot exist without licensed Islamic banks.",,2026-08-16
IRQ,Iraq,National central bank,2021,2020-12-31,ib_regime,2,verified,high,"IFSB, IFSI Stability Report 2022, Chart 1.2.1, p.25: Islamic banking share of total domestic banking assets = 6.1% (2021). A measurable share of domestic banking assets cannot exist without licensed Islamic banks.",,2026-08-16
JOR,Jordan,National central bank,2011,2010-12-31,ib_legal_framework,1,verified,high,"Banking Law No. 28 of 2000, chapter headed 'Islamic Banks', Articles 50-58 (objects, permitted Islamic banking activities, conditions and restrictions, liquidation priority, Islamic Jurisprudence Supervision Board); Art. 1 in force on publication, Official Gazette No. 4448, 01.08.2000; Art. 101(b) repeals the Jordanian Islamic Bank for Finance and Investment Law No. 62 of 1985 | dic.gov.jo/ebv4.0/root_storage/en/eb_list_page/banking_law_no._28_of_2000_and_its_amendments.pdf ; sahourilaw.com/legislation/banking-law-no-28-of-2000-and-amendments/","BORDERLINE, JUDGEMENT RECORDED - resolved to 1. The instrument is a chapter inside a general banking statute, but D-35 counts a dedicated chapter as 1 and this is nine substantive articles covering licensing objects, permitted contracts, prohibition of interest, liquidation ranking and a binding Sharia supervisory board. Distinguishable from Guinea, which is a single enabling article. Art. 101(b) repealing a prior dedicated 1985 statute confirms Jordan had a dedicated framework continuously across all four rounds.",2026-08-16
JOR,Jordan,National central bank,2014,2013-12-31,ib_legal_framework,1,verified,high,"Banking Law No. 28 of 2000, chapter headed 'Islamic Banks', Articles 50-58 (objects, permitted Islamic banking activities, conditions and restrictions, liquidation priority, Islamic Jurisprudence Supervision Board); Art. 1 in force on publication, Official Gazette No. 4448, 01.08.2000; Art. 101(b) repeals the Jordanian Islamic Bank for Finance and Investment Law No. 62 of 1985 | dic.gov.jo/ebv4.0/root_storage/en/eb_list_page/banking_law_no._28_of_2000_and_its_amendments.pdf ; sahourilaw.com/legislation/banking-law-no-28-of-2000-and-amendments/","BORDERLINE, JUDGEMENT RECORDED - resolved to 1. The instrument is a chapter inside a general banking statute, but D-35 counts a dedicated chapter as 1 and this is nine substantive articles covering licensing objects, permitted contracts, prohibition of interest, liquidation ranking and a binding Sharia supervisory board. Distinguishable from Guinea, which is a single enabling article. Art. 101(b) repealing a prior dedicated 1985 statute confirms Jordan had a dedicated framework continuously across all four rounds.",2026-08-16
JOR,Jordan,National central bank,2017,2016-12-31,ib_legal_framework,1,verified,high,"Banking Law No. 28 of 2000, chapter headed 'Islamic Banks', Articles 50-58 (objects, permitted Islamic banking activities, conditions and restrictions, liquidation priority, Islamic Jurisprudence Supervision Board); Art. 1 in force on publication, Official Gazette No. 4448, 01.08.2000; Art. 101(b) repeals the Jordanian Islamic Bank for Finance and Investment Law No. 62 of 1985 | dic.gov.jo/ebv4.0/root_storage/en/eb_list_page/banking_law_no._28_of_2000_and_its_amendments.pdf ; sahourilaw.com/legislation/banking-law-no-28-of-2000-and-amendments/","BORDERLINE, JUDGEMENT RECORDED - resolved to 1. The instrument is a chapter inside a general banking statute, but D-35 counts a dedicated chapter as 1 and this is nine substantive articles covering licensing objects, permitted contracts, prohibition of interest, liquidation ranking and a binding Sharia supervisory board. Distinguishable from Guinea, which is a single enabling article. Art. 101(b) repealing a prior dedicated 1985 statute confirms Jordan had a dedicated framework continuously across all four rounds.",2026-08-16
JOR,Jordan,National central bank,2021,2020-12-31,ib_legal_framework,1,verified,high,"Banking Law No. 28 of 2000, chapter headed 'Islamic Banks', Articles 50-58 (objects, permitted Islamic banking activities, conditions and restrictions, liquidation priority, Islamic Jurisprudence Supervision Board); Art. 1 in force on publication, Official Gazette No. 4448, 01.08.2000; Art. 101(b) repeals the Jordanian Islamic Bank for Finance and Investment Law No. 62 of 1985 | dic.gov.jo/ebv4.0/root_storage/en/eb_list_page/banking_law_no._28_of_2000_and_its_amendments.pdf ; sahourilaw.com/legislation/banking-law-no-28-of-2000-and-amendments/","BORDERLINE, JUDGEMENT RECORDED - resolved to 1. The instrument is a chapter inside a general banking statute, but D-35 counts a dedicated chapter as 1 and this is nine substantive articles covering licensing objects, permitted contracts, prohibition of interest, liquidation ranking and a binding Sharia supervisory board. Distinguishable from Guinea, which is a single enabling article. Art. 101(b) repealing a prior dedicated 1985 statute confirms Jordan had a dedicated framework continuously across all four rounds.",2026-08-16
JOR,Jordan,National central bank,2011,2010-12-31,ib_regime,2,verified,high,"IFSB, IFSI Stability Report 2013, Chart 1.1.1, p.22: Islamic banking share of total domestic banking assets = 8.7% (2012E). A measurable share of domestic banking assets cannot exist without licensed Islamic banks.",,2026-08-16
JOR,Jordan,National central bank,2014,2013-12-31,ib_regime,2,verified,high,"IFSB, IFSI Stability Report 2015, Chart 1.1.1.3, p.24: Islamic banking share of total domestic banking assets = 11.7% (1H2014). A measurable share of domestic banking assets cannot exist without licensed Islamic banks.",,2026-08-16
JOR,Jordan,National central bank,2017,2016-12-31,ib_regime,2,verified,high,"IFSB, IFSI Stability Report 2018, Chart 1.1.2, p.28: Islamic banking share of total domestic banking assets = 15.5% (1H2017). A measurable share of domestic banking assets cannot exist without licensed Islamic banks.",,2026-08-16
JOR,Jordan,National central bank,2021,2020-12-31,ib_regime,2,verified,high,"IFSB, IFSI Stability Report 2022, Chart 1.2.1, p.25: Islamic banking share of total domestic banking assets = 21.3% (2021). A measurable share of domestic banking assets cannot exist without licensed Islamic banks.",,2026-08-16
KAZ,Kazakhstan,National central bank,2011,2010-12-31,ib_legal_framework,1,verified,high,"Law of the Republic of Kazakhstan of 12.02.2009 No. 133-IV 'On amendments and additions to some legislative acts on the organization and activities of Islamic banks and Islamic finance', which inserted Chapter 4-1 'Features of creation and activities of Islamic banks' into the Law 'On banks and banking activity in the Republic of Kazakhstan'; plus the 2009 Agency Instruction on prudential norms for Islamic banks | nationalbank.kz/en/page/zakonodatelnaya-baza ; nationalbank.kz/en/page/hronika-razvitiya ; adilet.zan.kz/eng/docs/Z950002444_","CONFIRMED. Dedicated chapter (4-1) in force from 2009, before the earliest reference date, so all four rounds are 1. Further Islamic-finance amendment laws followed in 2011 and 2015 but do not move any cell.",2026-08-16
KAZ,Kazakhstan,National central bank,2014,2013-12-31,ib_legal_framework,1,verified,high,"Law of the Republic of Kazakhstan of 12.02.2009 No. 133-IV 'On amendments and additions to some legislative acts on the organization and activities of Islamic banks and Islamic finance', which inserted Chapter 4-1 'Features of creation and activities of Islamic banks' into the Law 'On banks and banking activity in the Republic of Kazakhstan'; plus the 2009 Agency Instruction on prudential norms for Islamic banks | nationalbank.kz/en/page/zakonodatelnaya-baza ; nationalbank.kz/en/page/hronika-razvitiya ; adilet.zan.kz/eng/docs/Z950002444_","CONFIRMED. Dedicated chapter (4-1) in force from 2009, before the earliest reference date, so all four rounds are 1. Further Islamic-finance amendment laws followed in 2011 and 2015 but do not move any cell.",2026-08-16
KAZ,Kazakhstan,National central bank,2017,2016-12-31,ib_legal_framework,1,verified,high,"Law of the Republic of Kazakhstan of 12.02.2009 No. 133-IV 'On amendments and additions to some legislative acts on the organization and activities of Islamic banks and Islamic finance', which inserted Chapter 4-1 'Features of creation and activities of Islamic banks' into the Law 'On banks and banking activity in the Republic of Kazakhstan'; plus the 2009 Agency Instruction on prudential norms for Islamic banks | nationalbank.kz/en/page/zakonodatelnaya-baza ; nationalbank.kz/en/page/hronika-razvitiya ; adilet.zan.kz/eng/docs/Z950002444_","CONFIRMED. Dedicated chapter (4-1) in force from 2009, before the earliest reference date, so all four rounds are 1. Further Islamic-finance amendment laws followed in 2011 and 2015 but do not move any cell.",2026-08-16
KAZ,Kazakhstan,National central bank,2021,2020-12-31,ib_legal_framework,1,verified,high,"Law of the Republic of Kazakhstan of 12.02.2009 No. 133-IV 'On amendments and additions to some legislative acts on the organization and activities of Islamic banks and Islamic finance', which inserted Chapter 4-1 'Features of creation and activities of Islamic banks' into the Law 'On banks and banking activity in the Republic of Kazakhstan'; plus the 2009 Agency Instruction on prudential norms for Islamic banks | nationalbank.kz/en/page/zakonodatelnaya-baza ; nationalbank.kz/en/page/hronika-razvitiya ; adilet.zan.kz/eng/docs/Z950002444_","CONFIRMED. Dedicated chapter (4-1) in force from 2009, before the earliest reference date, so all four rounds are 1. Further Islamic-finance amendment laws followed in 2011 and 2015 but do not move any cell.",2026-08-16
KAZ,Kazakhstan,National central bank,2011,2010-12-31,ib_regime,2,verified,high,"JSC Al Hilal Bank, the first Islamic bank in Kazakhstan and in the CIS, established March 2010 under the Law of 12.02.2009 No. 133-IV | nationalbank.kz/en/page/hronika-razvitiya ; astanatimes.com/2023/08/islamic-finance-market-in-kazakhstan-opens-new-investment-opportunities/",Standalone licensed Islamic bank present at the reference date. Source is the National Bank of Kazakhstan's own chronology.,2026-08-16
KAZ,Kazakhstan,National central bank,2014,2013-12-31,ib_regime,2,verified,high,"JSC Al Hilal Bank, licensed and operating from March 2010 | nationalbank.kz/en/page/hronika-razvitiya ; mondaq.com/islamic-finance/889782/development-of-islamic-finance-in-kazakhstan-reality-or-myth","Standalone licensed Islamic bank present at the reference date. Zaman Bank converted to an Islamic bank in 2016, after this date.",2026-08-16
KAZ,Kazakhstan,National central bank,2017,2016-12-31,ib_regime,2,verified,high,"IFSB, IFSI Stability Report 2018, Chart 1.1.2, p.28: Islamic banking share of total domestic banking assets = 0.3% (1H2017). A measurable share of domestic banking assets cannot exist without licensed Islamic banks.",,2026-08-16
KAZ,Kazakhstan,National central bank,2021,2020-12-31,ib_regime,2,verified,high,"IFSB, IFSI Stability Report 2022, Chart 1.2.1, p.25: Islamic banking share of total domestic banking assets = 0.2% (2021). A measurable share of domestic banking assets cannot exist without licensed Islamic banks.",,2026-08-16
KGZ,Kyrgyz Republic,National central bank,2011,2010-12-31,ib_legal_framework,1,verified,high,"National Bank of the Kyrgyz Republic, Regulation 'On operations carried out under the Principles of Islamic Banking and Finance', approved by Resolution of the Board of the NBKR No. 38/8 of 23.09.2009 | nbkr.kg/index1.jsp?item=69&lang=ENG (register of licences of commercial banks operating in accordance with the Principles of Islamic banking, item 14)","CONFIRMED. Central bank regulation issued specifically for Islamic banking, in force from 23.09.2009, before the earliest reference date, so all four rounds are 1. An earlier dedicated pilot-project regulation (2006, IDB-NBKR memorandum of 16.05.2006) points the same way and does not move any cell.",2026-08-16
KGZ,Kyrgyz Republic,National central bank,2014,2013-12-31,ib_legal_framework,1,verified,high,"National Bank of the Kyrgyz Republic, Regulation 'On operations carried out under the Principles of Islamic Banking and Finance', approved by Resolution of the Board of the NBKR No. 38/8 of 23.09.2009 | nbkr.kg/index1.jsp?item=69&lang=ENG (register of licences of commercial banks operating in accordance with the Principles of Islamic banking, item 14)","CONFIRMED. Central bank regulation issued specifically for Islamic banking, in force from 23.09.2009, before the earliest reference date, so all four rounds are 1. An earlier dedicated pilot-project regulation (2006, IDB-NBKR memorandum of 16.05.2006) points the same way and does not move any cell.",2026-08-16
KGZ,Kyrgyz Republic,National central bank,2017,2016-12-31,ib_legal_framework,1,verified,high,"National Bank of the Kyrgyz Republic, Regulation 'On operations carried out under the Principles of Islamic Banking and Finance', approved by Resolution of the Board of the NBKR No. 38/8 of 23.09.2009 | nbkr.kg/index1.jsp?item=69&lang=ENG (register of licences of commercial banks operating in accordance with the Principles of Islamic banking, item 14)","CONFIRMED. Central bank regulation issued specifically for Islamic banking, in force from 23.09.2009, before the earliest reference date, so all four rounds are 1. An earlier dedicated pilot-project regulation (2006, IDB-NBKR memorandum of 16.05.2006) points the same way and does not move any cell.",2026-08-16
KGZ,Kyrgyz Republic,National central bank,2021,2020-12-31,ib_legal_framework,1,verified,high,"National Bank of the Kyrgyz Republic, Regulation 'On operations carried out under the Principles of Islamic Banking and Finance', approved by Resolution of the Board of the NBKR No. 38/8 of 23.09.2009 | nbkr.kg/index1.jsp?item=69&lang=ENG (register of licences of commercial banks operating in accordance with the Principles of Islamic banking, item 14)","CONFIRMED. Central bank regulation issued specifically for Islamic banking, in force from 23.09.2009, before the earliest reference date, so all four rounds are 1. An earlier dedicated pilot-project regulation (2006, IDB-NBKR memorandum of 16.05.2006) points the same way and does not move any cell.",2026-08-16
KGZ,Kyrgyz Republic,National central bank,2011,2010-12-31,ib_regime,1,verified,high,"National Bank of the Kyrgyz Republic, register of licences: CJSC EcoIslamicBank received licence No. 040 dated 22.06.2017 'in connection with the transformation of CJSC EcoIslamicBank into an Islamic bank', replacing its entry in the register of 10.03.1998 | nbkr.kg/index1.jsp?item=69&lang=ENG ; cabar.asia/en/why-would-kyrgyzstan-develop-islamic-banking",Window only at the reference date: EcoBank/EcoIslamicBank operated under the Islamic-window model from the 2006 IDB pilot and became a licensed Islamic bank only on 22.06.2017. Value 1 is observable here because the Kyrgyz Republic has a dedicated framework (NBKR Regulation of 23.09.2009) under which Islamic-window operations are separately licensed.,2026-08-16
KGZ,Kyrgyz Republic,National central bank,2014,2013-12-31,ib_regime,1,verified,high,"National Bank of the Kyrgyz Republic, register of licences: transformation of CJSC EcoIslamicBank into an Islamic bank dated 22.06.2017 (licence No. 040), i.e. after this reference date | nbkr.kg/index1.jsp?item=69&lang=ENG ; documents1.worldbank.org/curated/en/167041481601059316/pdf/110902-WP-Islamic-Banking-KR-Eng-PUBLIC.pdf","Window only at the reference date, on the same NBKR register evidence as the 2011 cell.",2026-08-16
KGZ,Kyrgyz Republic,National central bank,2017,2016-12-31,ib_regime,1,verified,medium,"CORRECTED 2026-08-16, superseding the IFSB-share inference. IFSB, IFSI Stability Report 2018, Chart 1.1.2, p.28: Islamic banking share of total domestic banking assets = 1.5% (1H2017). A measurable share of domestic banking assets cannot exist without licensed Islamic banks.","EcoIslamicBank was transformed into an Islamic bank on 2017-06-22 (NBKR register, licence 040), after the 2016-12-31 reference date. Islamic windows operated from 2009. Register rule (D-34) gives 1, not 2. The superseded inference — a measurable share of domestic banking assets implies licensed Islamic banks — is sound for 2 versus 0 but cannot separate a standalone bank from a window, and must not be used in window-based markets.",2026-08-16
KGZ,Kyrgyz Republic,National central bank,2021,2020-12-31,ib_regime,2,verified,high,"IFSB, IFSI Stability Report 2022, Chart 1.2.1, p.25: Islamic banking share of total domestic banking assets = 1.5% (2021). A measurable share of domestic banking assets cannot exist without licensed Islamic banks.",,2026-08-16
LBN,Lebanon,National central bank,2011,2010-12-31,ib_legal_framework,1,verified,high,"Law No. 575 of 11.02.2004 'Establishing Islamic banks in Lebanon', Official Gazette No. 9 of 13.02.2004; final article: in force on its publication date in the Official Gazette | bdl.gov.lb/CB%20Com/Laws%20And%20Regulations/Laws/Law_575_EN.pdf ; abl.org.lb/english/lebanese-banking-sector/main-banking-amp-financial-regulations","CONFIRMED. Standalone dedicated act introducing Islamic banks as a distinct category of licensed institution; in force 13.02.2004, before the earliest reference date, so all four rounds are 1.",2026-08-16
LBN,Lebanon,National central bank,2014,2013-12-31,ib_legal_framework,1,verified,high,"Law No. 575 of 11.02.2004 'Establishing Islamic banks in Lebanon', Official Gazette No. 9 of 13.02.2004; final article: in force on its publication date in the Official Gazette | bdl.gov.lb/CB%20Com/Laws%20And%20Regulations/Laws/Law_575_EN.pdf ; abl.org.lb/english/lebanese-banking-sector/main-banking-amp-financial-regulations","CONFIRMED. Standalone dedicated act introducing Islamic banks as a distinct category of licensed institution; in force 13.02.2004, before the earliest reference date, so all four rounds are 1.",2026-08-16
LBN,Lebanon,National central bank,2017,2016-12-31,ib_legal_framework,1,verified,high,"Law No. 575 of 11.02.2004 'Establishing Islamic banks in Lebanon', Official Gazette No. 9 of 13.02.2004; final article: in force on its publication date in the Official Gazette | bdl.gov.lb/CB%20Com/Laws%20And%20Regulations/Laws/Law_575_EN.pdf ; abl.org.lb/english/lebanese-banking-sector/main-banking-amp-financial-regulations","CONFIRMED. Standalone dedicated act introducing Islamic banks as a distinct category of licensed institution; in force 13.02.2004, before the earliest reference date, so all four rounds are 1.",2026-08-16
LBN,Lebanon,National central bank,2021,2020-12-31,ib_legal_framework,1,verified,high,"Law No. 575 of 11.02.2004 'Establishing Islamic banks in Lebanon', Official Gazette No. 9 of 13.02.2004; final article: in force on its publication date in the Official Gazette | bdl.gov.lb/CB%20Com/Laws%20And%20Regulations/Laws/Law_575_EN.pdf ; abl.org.lb/english/lebanese-banking-sector/main-banking-amp-financial-regulations","CONFIRMED. Standalone dedicated act introducing Islamic banks as a distinct category of licensed institution; in force 13.02.2004, before the earliest reference date, so all four rounds are 1.",2026-08-16
LBN,Lebanon,National central bank,2011,2010-12-31,ib_regime,2,bracketed,medium,"Banque du Liban had licensed three Islamic banks by early 2006, two of them already operating - BDL First Vice-Governor Ahmad Jachi, interview, 04.04.2006 | arabnews.com/node/282805 ; Lebanese Islamic Bank licensed under Law 575 and established 2005, Arab Finance House launched 2005 | globalbankingandfinance.com/list-of-islamic-banks-in-lebanon/ . Bounded above by IFSB, IFSI Stability Report 2015, Chart 1.1.1.3, p.24 (1H2014)","Bracketed: bounded by a dated 2006 BDL statement and the IFSB 1H2014 reading, which agree. SOURCE FLAG: the 2006 evidence is a news interview and a commercial banking directory, which the coding rules class as last resort. Replace with the BDL list of licensed banks for 2010 if it can be obtained; confidence medium for that reason.",2026-08-16
LBN,Lebanon,National central bank,2014,2013-12-31,ib_regime,2,verified,high,"IFSB, IFSI Stability Report 2015, Chart 1.1.1.3, p.24: Islamic banking share of total domestic banking assets = 0.3% (1H2014). A measurable share of domestic banking assets cannot exist without licensed Islamic banks.",,2026-08-16
LBN,Lebanon,National central bank,2017,2016-12-31,ib_regime,2,verified,high,"IFSB, IFSI Stability Report 2018, Chart 1.1.2, p.28: Islamic banking share of total domestic banking assets = 0.5% (1H2017). A measurable share of domestic banking assets cannot exist without licensed Islamic banks.",,2026-08-16
LBN,Lebanon,National central bank,2021,2020-12-31,ib_regime,2,verified,high,"IFSB, IFSI Stability Report 2022, Chart 1.2.1, p.25: Islamic banking share of total domestic banking assets = 0.4% (2021). A measurable share of domestic banking assets cannot exist without licensed Islamic banks.",,2026-08-16
MLI,Mali,BCEAO,2011,2010-12-31,ib_legal_framework,0.0,verified,high,"BCEAO Instruction n°002-03-2018 du 21 mars 2018 relative aux dispositions particulieres applicables aux etablissements de credit exercant une activite de finance islamique. Art.20: entry into force on date of signature, 21.03.2018, Dakar, signed Tiemoko Meyliet Kone. Art.3: applies to all credit institutions in any UMOA member state. Art.4: two categories - exclusive Islamic credit institutions, and partial via a dedicated ""Branche islamique"" | bceao.int/sites/default/files/2018-05/Instruction 002-03-2018 dispositions particulieres FI applicables aux ETC-web.pdf","Full text verified. Regional instrument: identical value for all six UMOA economies. Companion texts: 003-03-2018 (SFD, same date), 004-05-2018 and 005-05-2018 (technical characteristics, 02.05.2018)",2026-08-16
MLI,Mali,BCEAO,2014,2013-12-31,ib_legal_framework,0.0,verified,high,"BCEAO Instruction n°002-03-2018 du 21 mars 2018 relative aux dispositions particulieres applicables aux etablissements de credit exercant une activite de finance islamique. Art.20: entry into force on date of signature, 21.03.2018, Dakar, signed Tiemoko Meyliet Kone. Art.3: applies to all credit institutions in any UMOA member state. Art.4: two categories - exclusive Islamic credit institutions, and partial via a dedicated ""Branche islamique"" | bceao.int/sites/default/files/2018-05/Instruction 002-03-2018 dispositions particulieres FI applicables aux ETC-web.pdf","Full text verified. Regional instrument: identical value for all six UMOA economies. Companion texts: 003-03-2018 (SFD, same date), 004-05-2018 and 005-05-2018 (technical characteristics, 02.05.2018)",2026-08-16
MLI,Mali,BCEAO,2017,2016-12-31,ib_legal_framework,0.0,verified,high,"BCEAO Instruction n°002-03-2018 du 21 mars 2018 relative aux dispositions particulieres applicables aux etablissements de credit exercant une activite de finance islamique. Art.20: entry into force on date of signature, 21.03.2018, Dakar, signed Tiemoko Meyliet Kone. Art.3: applies to all credit institutions in any UMOA member state. Art.4: two categories - exclusive Islamic credit institutions, and partial via a dedicated ""Branche islamique"" | bceao.int/sites/default/files/2018-05/Instruction 002-03-2018 dispositions particulieres FI applicables aux ETC-web.pdf","Full text verified. Regional instrument: identical value for all six UMOA economies. Companion texts: 003-03-2018 (SFD, same date), 004-05-2018 and 005-05-2018 (technical characteristics, 02.05.2018)",2026-08-16
MLI,Mali,BCEAO,2021,2020-12-31,ib_legal_framework,1.0,verified,high,"BCEAO Instruction n°002-03-2018 du 21 mars 2018 relative aux dispositions particulieres applicables aux etablissements de credit exercant une activite de finance islamique. Art.20: entry into force on date of signature, 21.03.2018, Dakar, signed Tiemoko Meyliet Kone. Art.3: applies to all credit institutions in any UMOA member state. Art.4: two categories - exclusive Islamic credit institutions, and partial via a dedicated ""Branche islamique"" | bceao.int/sites/default/files/2018-05/Instruction 002-03-2018 dispositions particulieres FI applicables aux ETC-web.pdf","Full text verified. Regional instrument: identical value for all six UMOA economies. Companion texts: 003-03-2018 (SFD, same date), 004-05-2018 and 005-05-2018 (technical characteristics, 02.05.2018)",2026-08-16
MLI,Mali,BCEAO,2011,2010-12-31,ib_regime,0.0,verified,high,"No Islamic credit institution and no Islamic branch in the annexed list. Rapport annuel 2010 de la Commission Bancaire de l'UMOA, Annexe - liste des etablissements de credit | cb-umoa.org/sites/default/files/2022-01/Rapport%20Annuel%202010%20de%20la%20Commission%20Bancaire.pdf","The Branche islamique category did not exist in UMOA before Instruction 002-03-2018 of 21.03.2018, so a licence list is exhaustive at this reference date",2026-08-16
MLI,Mali,BCEAO,2014,2013-12-31,ib_regime,0.0,verified,high,"No Islamic credit institution and no Islamic branch in the annexed list. Rapport annuel 2013 de la Commission Bancaire de l'UMOA, Annexe | cb-umoa.org/sites/default/files/2025-02/Rapport%20Annuel%202013%20de%20la%20Commission%20Bancaire_compressed.pdf","The Branche islamique category did not exist in UMOA before Instruction 002-03-2018 of 21.03.2018, so a licence list is exhaustive at this reference date",2026-08-16
MLI,Mali,BCEAO,2017,2016-12-31,ib_regime,0.0,verified,high,"No Islamic credit institution and no Islamic branch in the annexed list. Rapport annuel 2016 de la Commission Bancaire de l'UMOA, Annexe II | cb-umoa.org/sites/default/files/2022-01/Rapport%20Annuel%202016%20de%20la%20Commission%20Bancaire.pdf","The Branche islamique category did not exist in UMOA before Instruction 002-03-2018 of 21.03.2018, so a licence list is exhaustive at this reference date",2026-08-16
MLI,Mali,BCEAO,2021,2020-12-31,ib_regime,0.0,verified,high,"No Islamic credit institution and no Islamic branch in the annexed list. Rapport annuel 2020 de la Commission Bancaire de l'UMOA, Annexe II.1.1 Liste des etablissements de credit | cb-umoa.org/sites/default/files/2022-01/Rapport%20annuel%202020%20de%20la%20Commission%20Bancaire.pdf","Exhaustive search of the 2020 report returns 9 occurrences of ""islamique"", all accounted for: BIS, BIN, Tamweel Africa Holding, two training seminars, and one generic mention of ""l'ouverture d'une branche islamique"" in the enumeration of operations subject to prior authorisation (Instruction 002-03-2018 Art.7). No Islamic branch was authorised in 2020: of 18 files handled, 4 were declarations of intent to open succursales and 14 were other requests",2026-08-16
MRT,Mauritania,BCM,2011,2010-12-31,ib_legal_framework,0.0,verified,high,"Loi n°2018-036 bis/PR du 16 aout 2018 portant reglementation des etablissements de credit, Titre 3 ""De la finance islamique"", Art.32-40 (Art.40 = guichets islamiques) | droit-afrique.com/uploads/Mauritanie-Loi-2018-36-reglementation-etablissements-credit.pdf. Predecessor Ordonnance n°2007-020: full text contains no Islamic banking provision | africa-laws.org","Amended by Loi n°2025-003 of 30.01.2025, after all reference dates",2026-08-16
MRT,Mauritania,BCM,2014,2013-12-31,ib_legal_framework,0.0,verified,high,"Loi n°2018-036 bis/PR du 16 aout 2018 portant reglementation des etablissements de credit, Titre 3 ""De la finance islamique"", Art.32-40 (Art.40 = guichets islamiques) | droit-afrique.com/uploads/Mauritanie-Loi-2018-36-reglementation-etablissements-credit.pdf. Predecessor Ordonnance n°2007-020: full text contains no Islamic banking provision | africa-laws.org","Amended by Loi n°2025-003 of 30.01.2025, after all reference dates",2026-08-16
MRT,Mauritania,BCM,2017,2016-12-31,ib_legal_framework,0.0,verified,high,"Loi n°2018-036 bis/PR du 16 aout 2018 portant reglementation des etablissements de credit, Titre 3 ""De la finance islamique"", Art.32-40 (Art.40 = guichets islamiques) | droit-afrique.com/uploads/Mauritanie-Loi-2018-36-reglementation-etablissements-credit.pdf. Predecessor Ordonnance n°2007-020: full text contains no Islamic banking provision | africa-laws.org","Amended by Loi n°2025-003 of 30.01.2025, after all reference dates",2026-08-16
MRT,Mauritania,BCM,2021,2020-12-31,ib_legal_framework,1.0,verified,high,"Loi n°2018-036 bis/PR du 16 aout 2018 portant reglementation des etablissements de credit, Titre 3 ""De la finance islamique"", Art.32-40 (Art.40 = guichets islamiques) | droit-afrique.com/uploads/Mauritanie-Loi-2018-36-reglementation-etablissements-credit.pdf. Predecessor Ordonnance n°2007-020: full text contains no Islamic banking provision | africa-laws.org","Amended by Loi n°2025-003 of 30.01.2025, after all reference dates",2026-08-16
MRT,Mauritania,BCM,2011,2010-12-31,ib_regime,2.0,verified,high,"Banque Al Wava Mauritanienne Islamique (BAMIS), created 21.09.1985 as Banque Al Baraka Mauritanienne Islamique | bamis.mr/historique.php ; LEI 254900DMQ38P9RITTE36 entity creation date 1985-09-21",Practice precedes framework by 33 years,2026-08-16
MRT,Mauritania,BCM,2014,2013-12-31,ib_regime,2.0,verified,high,"Banque Al Wava Mauritanienne Islamique (BAMIS), created 21.09.1985 as Banque Al Baraka Mauritanienne Islamique | bamis.mr/historique.php ; LEI 254900DMQ38P9RITTE36 entity creation date 1985-09-21",Practice precedes framework by 33 years,2026-08-16
MRT,Mauritania,BCM,2017,2016-12-31,ib_regime,2.0,verified,high,"Banque Al Wava Mauritanienne Islamique (BAMIS), created 21.09.1985 as Banque Al Baraka Mauritanienne Islamique | bamis.mr/historique.php ; LEI 254900DMQ38P9RITTE36 entity creation date 1985-09-21",Practice precedes framework by 33 years,2026-08-16
MRT,Mauritania,BCM,2021,2020-12-31,ib_regime,2.0,verified,high,"Banque Al Wava Mauritanienne Islamique (BAMIS), created 21.09.1985 as Banque Al Baraka Mauritanienne Islamique | bamis.mr/historique.php ; LEI 254900DMQ38P9RITTE36 entity creation date 1985-09-21",Practice precedes framework by 33 years,2026-08-16
MYS,Malaysia,National central bank,2011,2010-12-31,ib_legal_framework,1,verified,high,"Islamic Banking Act 1983 (Act 276), Royal Assent 09.03.1983, gazetted 10.03.1983 | islamicbankers.center/wp-content/uploads/2013/12/islamic-banking-act-1983.pdf . Repealed and replaced by the Islamic Financial Services Act 2013 (Act 759), in force 30.06.2013 per P.U.(B) 277/2013 | bnm.gov.my/-/financial-services-act-2013-and-islamic-financial-services-act-2013-come-into-force","CONFIRMED. Continuous dedicated framework across all four rounds: Act 276 covers 2010-12-31; IFSA 2013 came into force 30.06.2013, before the 2013-12-31 reference date, and covers 2014, 2017 and 2021. No gap.",2026-08-16
MYS,Malaysia,National central bank,2014,2013-12-31,ib_legal_framework,1,verified,high,"Islamic Banking Act 1983 (Act 276), Royal Assent 09.03.1983, gazetted 10.03.1983 | islamicbankers.center/wp-content/uploads/2013/12/islamic-banking-act-1983.pdf . Repealed and replaced by the Islamic Financial Services Act 2013 (Act 759), in force 30.06.2013 per P.U.(B) 277/2013 | bnm.gov.my/-/financial-services-act-2013-and-islamic-financial-services-act-2013-come-into-force","CONFIRMED. Continuous dedicated framework across all four rounds: Act 276 covers 2010-12-31; IFSA 2013 came into force 30.06.2013, before the 2013-12-31 reference date, and covers 2014, 2017 and 2021. No gap.",2026-08-16
MYS,Malaysia,National central bank,2017,2016-12-31,ib_legal_framework,1,verified,high,"Islamic Banking Act 1983 (Act 276), Royal Assent 09.03.1983, gazetted 10.03.1983 | islamicbankers.center/wp-content/uploads/2013/12/islamic-banking-act-1983.pdf . Repealed and replaced by the Islamic Financial Services Act 2013 (Act 759), in force 30.06.2013 per P.U.(B) 277/2013 | bnm.gov.my/-/financial-services-act-2013-and-islamic-financial-services-act-2013-come-into-force","CONFIRMED. Continuous dedicated framework across all four rounds: Act 276 covers 2010-12-31; IFSA 2013 came into force 30.06.2013, before the 2013-12-31 reference date, and covers 2014, 2017 and 2021. No gap.",2026-08-16
MYS,Malaysia,National central bank,2021,2020-12-31,ib_legal_framework,1,verified,high,"Islamic Banking Act 1983 (Act 276), Royal Assent 09.03.1983, gazetted 10.03.1983 | islamicbankers.center/wp-content/uploads/2013/12/islamic-banking-act-1983.pdf . Repealed and replaced by the Islamic Financial Services Act 2013 (Act 759), in force 30.06.2013 per P.U.(B) 277/2013 | bnm.gov.my/-/financial-services-act-2013-and-islamic-financial-services-act-2013-come-into-force","CONFIRMED. Continuous dedicated framework across all four rounds: Act 276 covers 2010-12-31; IFSA 2013 came into force 30.06.2013, before the 2013-12-31 reference date, and covers 2014, 2017 and 2021. No gap.",2026-08-16
MYS,Malaysia,National central bank,2011,2010-12-31,ib_regime,2,verified,high,"IFSB, IFSI Stability Report 2013, Chart 1.1.1, p.22: Islamic banking share of total domestic banking assets = 18.8% (2012E). A measurable share of domestic banking assets cannot exist without licensed Islamic banks.",,2026-08-16
MYS,Malaysia,National central bank,2014,2013-12-31,ib_regime,2,verified,high,"IFSB, IFSI Stability Report 2015, Chart 1.1.1.3, p.24: Islamic banking share of total domestic banking assets = 21.9% (1H2014). A measurable share of domestic banking assets cannot exist without licensed Islamic banks.",,2026-08-16
MYS,Malaysia,National central bank,2017,2016-12-31,ib_regime,2,verified,high,"IFSB, IFSI Stability Report 2018, Chart 1.1.2, p.28: Islamic banking share of total domestic banking assets = 24.7% (1H2017). A measurable share of domestic banking assets cannot exist without licensed Islamic banks.",,2026-08-16
MYS,Malaysia,National central bank,2021,2020-12-31,ib_regime,2,verified,high,"IFSB, IFSI Stability Report 2022, Chart 1.2.1, p.25: Islamic banking share of total domestic banking assets = 31.5% (2021). A measurable share of domestic banking assets cannot exist without licensed Islamic banks.",,2026-08-16
NER,Niger,BCEAO,2011,2010-12-31,ib_legal_framework,0.0,verified,high,"BCEAO Instruction n°002-03-2018 du 21 mars 2018 relative aux dispositions particulieres applicables aux etablissements de credit exercant une activite de finance islamique. Art.20: entry into force on date of signature, 21.03.2018, Dakar, signed Tiemoko Meyliet Kone. Art.3: applies to all credit institutions in any UMOA member state. Art.4: two categories - exclusive Islamic credit institutions, and partial via a dedicated ""Branche islamique"" | bceao.int/sites/default/files/2018-05/Instruction 002-03-2018 dispositions particulieres FI applicables aux ETC-web.pdf","Full text verified. Regional instrument: identical value for all six UMOA economies. Companion texts: 003-03-2018 (SFD, same date), 004-05-2018 and 005-05-2018 (technical characteristics, 02.05.2018)",2026-08-16
NER,Niger,BCEAO,2014,2013-12-31,ib_legal_framework,0.0,verified,high,"BCEAO Instruction n°002-03-2018 du 21 mars 2018 relative aux dispositions particulieres applicables aux etablissements de credit exercant une activite de finance islamique. Art.20: entry into force on date of signature, 21.03.2018, Dakar, signed Tiemoko Meyliet Kone. Art.3: applies to all credit institutions in any UMOA member state. Art.4: two categories - exclusive Islamic credit institutions, and partial via a dedicated ""Branche islamique"" | bceao.int/sites/default/files/2018-05/Instruction 002-03-2018 dispositions particulieres FI applicables aux ETC-web.pdf","Full text verified. Regional instrument: identical value for all six UMOA economies. Companion texts: 003-03-2018 (SFD, same date), 004-05-2018 and 005-05-2018 (technical characteristics, 02.05.2018)",2026-08-16
NER,Niger,BCEAO,2017,2016-12-31,ib_legal_framework,0.0,verified,high,"BCEAO Instruction n°002-03-2018 du 21 mars 2018 relative aux dispositions particulieres applicables aux etablissements de credit exercant une activite de finance islamique. Art.20: entry into force on date of signature, 21.03.2018, Dakar, signed Tiemoko Meyliet Kone. Art.3: applies to all credit institutions in any UMOA member state. Art.4: two categories - exclusive Islamic credit institutions, and partial via a dedicated ""Branche islamique"" | bceao.int/sites/default/files/2018-05/Instruction 002-03-2018 dispositions particulieres FI applicables aux ETC-web.pdf","Full text verified. Regional instrument: identical value for all six UMOA economies. Companion texts: 003-03-2018 (SFD, same date), 004-05-2018 and 005-05-2018 (technical characteristics, 02.05.2018)",2026-08-16
NER,Niger,BCEAO,2021,2020-12-31,ib_legal_framework,1.0,verified,high,"BCEAO Instruction n°002-03-2018 du 21 mars 2018 relative aux dispositions particulieres applicables aux etablissements de credit exercant une activite de finance islamique. Art.20: entry into force on date of signature, 21.03.2018, Dakar, signed Tiemoko Meyliet Kone. Art.3: applies to all credit institutions in any UMOA member state. Art.4: two categories - exclusive Islamic credit institutions, and partial via a dedicated ""Branche islamique"" | bceao.int/sites/default/files/2018-05/Instruction 002-03-2018 dispositions particulieres FI applicables aux ETC-web.pdf","Full text verified. Regional instrument: identical value for all six UMOA economies. Companion texts: 003-03-2018 (SFD, same date), 004-05-2018 and 005-05-2018 (technical characteristics, 02.05.2018)",2026-08-16
NER,Niger,BCEAO,2011,2010-12-31,ib_regime,2.0,verified,high,"Banque Islamique du Niger, agrement n° H 0081 V du 03.06.1997 (listed as ""Banque Islamique du Niger pour le Commerce et l'Investissement"", BINCI, in the 2010 report). Rapport annuel 2010 de la Commission Bancaire de l'UMOA, Annexe - liste des etablissements de credit | cb-umoa.org/sites/default/files/2022-01/Rapport%20Annuel%202010%20de%20la%20Commission%20Bancaire.pdf",Present in the annexed list of credit institutions at every reference date,2026-08-16
NER,Niger,BCEAO,2014,2013-12-31,ib_regime,2.0,verified,high,"Banque Islamique du Niger, agrement n° H 0081 V du 03.06.1997 (listed as ""Banque Islamique du Niger pour le Commerce et l'Investissement"", BINCI, in the 2010 report). Rapport annuel 2013 de la Commission Bancaire de l'UMOA, Annexe | cb-umoa.org/sites/default/files/2025-02/Rapport%20Annuel%202013%20de%20la%20Commission%20Bancaire_compressed.pdf",Present in the annexed list of credit institutions at every reference date,2026-08-16
NER,Niger,BCEAO,2017,2016-12-31,ib_regime,2.0,verified,high,"Banque Islamique du Niger, agrement n° H 0081 V du 03.06.1997 (listed as ""Banque Islamique du Niger pour le Commerce et l'Investissement"", BINCI, in the 2010 report). Rapport annuel 2016 de la Commission Bancaire de l'UMOA, Annexe II | cb-umoa.org/sites/default/files/2022-01/Rapport%20Annuel%202016%20de%20la%20Commission%20Bancaire.pdf",Present in the annexed list of credit institutions at every reference date,2026-08-16
NER,Niger,BCEAO,2021,2020-12-31,ib_regime,2.0,verified,high,"Banque Islamique du Niger, agrement n° H 0081 V du 03.06.1997 (listed as ""Banque Islamique du Niger pour le Commerce et l'Investissement"", BINCI, in the 2010 report). Rapport annuel 2020 de la Commission Bancaire de l'UMOA, Annexe II.1.1 Liste des etablissements de credit | cb-umoa.org/sites/default/files/2022-01/Rapport%20annuel%202020%20de%20la%20Commission%20Bancaire.pdf",Present in the annexed list of credit institutions at every reference date,2026-08-16
NGA,Nigeria,National central bank,2011,2010-12-31,ib_legal_framework,0,verified,high,"CBN, Framework for the Regulation and Supervision of Institutions Offering Non-Interest Financial Services in Nigeria, issued 13.01.2011 and re-issued 21.06.2011 (Circular FPR/DIR/CIR/GEN/01/010); Guidelines PDF dated 20.06.2011 | cbn.gov.ng/OUT/2011/CIRCULARS/FPR/NON-INTEREST%20BANKING%20GUIDELINES%20JUNE%2020%202011.PDF ; mondaq.com/nigeria/islamic-finance/307646/investigating-islamic-finance-in-nigeria . Prior text was an exposure draft only: CBN Draft Framework for the Regulation and Supervision of Non-Interest Banking, Circular BSD/Dir/NIB/01/008, published 04.03.2009 | cbn.gov.ng/out/circulars/bsd/2009/the%20draft%20framework%20for%20the%20regulation%20and%20supervision%20of%20non-interest%20banks%20(nibs)%20in%20nigeria.pdf","CONFIRMED - IN-WINDOW CHANGE. At 2010-12-31 only the March 2009 exposure draft existed, which was not in force; the operative framework was issued 13.01.2011. Hence 0 for 2011 and 1 for 2014, 2017 and 2021. Section 61/66 BOFIA 1991 provides only for a 'profit and loss sharing bank', an enabling provision in a general banking statute, which is the Guinea threshold under D-35 and does not lift the 2011 cell.",2026-08-16
NGA,Nigeria,National central bank,2014,2013-12-31,ib_legal_framework,1,verified,high,"CBN, Framework for the Regulation and Supervision of Institutions Offering Non-Interest Financial Services in Nigeria, issued 13.01.2011 and re-issued 21.06.2011 (Circular FPR/DIR/CIR/GEN/01/010); Guidelines PDF dated 20.06.2011 | cbn.gov.ng/OUT/2011/CIRCULARS/FPR/NON-INTEREST%20BANKING%20GUIDELINES%20JUNE%2020%202011.PDF ; mondaq.com/nigeria/islamic-finance/307646/investigating-islamic-finance-in-nigeria . Prior text was an exposure draft only: CBN Draft Framework for the Regulation and Supervision of Non-Interest Banking, Circular BSD/Dir/NIB/01/008, published 04.03.2009 | cbn.gov.ng/out/circulars/bsd/2009/the%20draft%20framework%20for%20the%20regulation%20and%20supervision%20of%20non-interest%20banks%20(nibs)%20in%20nigeria.pdf","CONFIRMED - IN-WINDOW CHANGE. At 2010-12-31 only the March 2009 exposure draft existed, which was not in force; the operative framework was issued 13.01.2011. Hence 0 for 2011 and 1 for 2014, 2017 and 2021. Section 61/66 BOFIA 1991 provides only for a 'profit and loss sharing bank', an enabling provision in a general banking statute, which is the Guinea threshold under D-35 and does not lift the 2011 cell.",2026-08-16
NGA,Nigeria,National central bank,2017,2016-12-31,ib_legal_framework,1,verified,high,"CBN, Framework for the Regulation and Supervision of Institutions Offering Non-Interest Financial Services in Nigeria, issued 13.01.2011 and re-issued 21.06.2011 (Circular FPR/DIR/CIR/GEN/01/010); Guidelines PDF dated 20.06.2011 | cbn.gov.ng/OUT/2011/CIRCULARS/FPR/NON-INTEREST%20BANKING%20GUIDELINES%20JUNE%2020%202011.PDF ; mondaq.com/nigeria/islamic-finance/307646/investigating-islamic-finance-in-nigeria . Prior text was an exposure draft only: CBN Draft Framework for the Regulation and Supervision of Non-Interest Banking, Circular BSD/Dir/NIB/01/008, published 04.03.2009 | cbn.gov.ng/out/circulars/bsd/2009/the%20draft%20framework%20for%20the%20regulation%20and%20supervision%20of%20non-interest%20banks%20(nibs)%20in%20nigeria.pdf","CONFIRMED - IN-WINDOW CHANGE. At 2010-12-31 only the March 2009 exposure draft existed, which was not in force; the operative framework was issued 13.01.2011. Hence 0 for 2011 and 1 for 2014, 2017 and 2021. Section 61/66 BOFIA 1991 provides only for a 'profit and loss sharing bank', an enabling provision in a general banking statute, which is the Guinea threshold under D-35 and does not lift the 2011 cell.",2026-08-16
NGA,Nigeria,National central bank,2021,2020-12-31,ib_legal_framework,1,verified,high,"CBN, Framework for the Regulation and Supervision of Institutions Offering Non-Interest Financial Services in Nigeria, issued 13.01.2011 and re-issued 21.06.2011 (Circular FPR/DIR/CIR/GEN/01/010); Guidelines PDF dated 20.06.2011 | cbn.gov.ng/OUT/2011/CIRCULARS/FPR/NON-INTEREST%20BANKING%20GUIDELINES%20JUNE%2020%202011.PDF ; mondaq.com/nigeria/islamic-finance/307646/investigating-islamic-finance-in-nigeria . Prior text was an exposure draft only: CBN Draft Framework for the Regulation and Supervision of Non-Interest Banking, Circular BSD/Dir/NIB/01/008, published 04.03.2009 | cbn.gov.ng/out/circulars/bsd/2009/the%20draft%20framework%20for%20the%20regulation%20and%20supervision%20of%20non-interest%20banks%20(nibs)%20in%20nigeria.pdf","CONFIRMED - IN-WINDOW CHANGE. At 2010-12-31 only the March 2009 exposure draft existed, which was not in force; the operative framework was issued 13.01.2011. Hence 0 for 2011 and 1 for 2014, 2017 and 2021. Section 61/66 BOFIA 1991 provides only for a 'profit and loss sharing bank', an enabling provision in a general banking statute, which is the Guinea threshold under D-35 and does not lift the 2011 cell.",2026-08-16
NGA,Nigeria,National central bank,2011,2010-12-31,ib_regime,0,verified,medium,"No licensed non-interest financial institution at the reference date: the CBN framework was issued 13.01.2011, Jaiz received its Approval-in-Principle in June 2011 and its regional banking licence on 11.11.2011, and Stanbic IBTC's Islamic window was licensed in July 2011 | cbn.gov.ng/Out/2015/MPD/UNDERSTANDING%20MONETARY%20POLICY%20SERIES%20NO%2016.pdf ; mondaq.com/nigeria/islamic-finance/307646/investigating-islamic-finance-in-nigeria ; en.wikipedia.org/wiki/Jaiz_Bank","AMBIGUITY RECORDED, CONSERVATIVE CODE. Habib Nigeria Bank operated a non-interest window from 1996/1999, but it was discontinued for want of a regulatory framework and the bank had become Bank PHB by 2005. Nigeria had no dedicated window licensing before 2011, so value 1 is unobservable at this date (the codebook blind spot) and rule 7 gives the lower value, 0. Confidence medium.",2026-08-16
NGA,Nigeria,National central bank,2014,2013-12-31,ib_regime,2,verified,high,"Jaiz Bank licensed by the CBN as a regional non-interest bank on 11.11.2011, commenced operations January 2012; Stanbic IBTC Islamic window licensed July 2011; Sterling Bank window 2013 | en.wikipedia.org/wiki/Jaiz_Bank ; mondaq.com/nigeria/islamic-finance/307646/investigating-islamic-finance-in-nigeria ; cbn.gov.ng/Out/2015/MPD/UNDERSTANDING%20MONETARY%20POLICY%20SERIES%20NO%2016.pdf",Standalone licensed non-interest bank present at the reference date.,2026-08-16
NGA,Nigeria,National central bank,2017,2016-12-31,ib_regime,2,verified,high,"IFSB, IFSI Stability Report 2018, Chart 1.1.2, p.28: Islamic banking share of total domestic banking assets = 0.4% (1H2017). A measurable share of domestic banking assets cannot exist without licensed Islamic banks.",,2026-08-16
NGA,Nigeria,National central bank,2021,2020-12-31,ib_regime,2,verified,high,"IFSB, IFSI Stability Report 2022, Chart 1.2.1, p.25: Islamic banking share of total domestic banking assets = 0.8% (2021). A measurable share of domestic banking assets cannot exist without licensed Islamic banks.",,2026-08-16
PAK,Pakistan,National central bank,2011,2010-12-31,ib_legal_framework,1,verified,high,"State Bank of Pakistan, BPD Circular No. 01 of 01.01.2003 'Policies for Promotion of Islamic Banking' | sbp.org.pk/bpd/2003/C1.htm ; IBD Circular No. 02 of 29.04.2004, Annexures I and III (detailed criteria for scheduled Islamic commercial banks and guidelines for stand-alone Islamic branches) | sbp.org.pk/ibd/2004/cir02.htm ; IBD Circular No. 02 of 2008 'Instructions and Guidelines for Shariah Compliance' | sbp.org.pk/circulars/ibd-circular-no-02-of-2008 ; IBD Circular No. 03 of 2014 (Shariah Governance Framework)","CONFIRMED. A dedicated central bank regulatory suite for Islamic banking has been in force continuously since 2003, before the earliest reference date, so all four rounds are 1. The underlying enabling amendment to the Banking Companies Ordinance 1962 (gazetted 04.11.2002) would be 0 on its own, but the SBP circulars are dedicated instruments in their own right.",2026-08-16
PAK,Pakistan,National central bank,2014,2013-12-31,ib_legal_framework,1,verified,high,"State Bank of Pakistan, BPD Circular No. 01 of 01.01.2003 'Policies for Promotion of Islamic Banking' | sbp.org.pk/bpd/2003/C1.htm ; IBD Circular No. 02 of 29.04.2004, Annexures I and III (detailed criteria for scheduled Islamic commercial banks and guidelines for stand-alone Islamic branches) | sbp.org.pk/ibd/2004/cir02.htm ; IBD Circular No. 02 of 2008 'Instructions and Guidelines for Shariah Compliance' | sbp.org.pk/circulars/ibd-circular-no-02-of-2008 ; IBD Circular No. 03 of 2014 (Shariah Governance Framework)","CONFIRMED. A dedicated central bank regulatory suite for Islamic banking has been in force continuously since 2003, before the earliest reference date, so all four rounds are 1. The underlying enabling amendment to the Banking Companies Ordinance 1962 (gazetted 04.11.2002) would be 0 on its own, but the SBP circulars are dedicated instruments in their own right.",2026-08-16
PAK,Pakistan,National central bank,2017,2016-12-31,ib_legal_framework,1,verified,high,"State Bank of Pakistan, BPD Circular No. 01 of 01.01.2003 'Policies for Promotion of Islamic Banking' | sbp.org.pk/bpd/2003/C1.htm ; IBD Circular No. 02 of 29.04.2004, Annexures I and III (detailed criteria for scheduled Islamic commercial banks and guidelines for stand-alone Islamic branches) | sbp.org.pk/ibd/2004/cir02.htm ; IBD Circular No. 02 of 2008 'Instructions and Guidelines for Shariah Compliance' | sbp.org.pk/circulars/ibd-circular-no-02-of-2008 ; IBD Circular No. 03 of 2014 (Shariah Governance Framework)","CONFIRMED. A dedicated central bank regulatory suite for Islamic banking has been in force continuously since 2003, before the earliest reference date, so all four rounds are 1. The underlying enabling amendment to the Banking Companies Ordinance 1962 (gazetted 04.11.2002) would be 0 on its own, but the SBP circulars are dedicated instruments in their own right.",2026-08-16
PAK,Pakistan,National central bank,2021,2020-12-31,ib_legal_framework,1,verified,high,"State Bank of Pakistan, BPD Circular No. 01 of 01.01.2003 'Policies for Promotion of Islamic Banking' | sbp.org.pk/bpd/2003/C1.htm ; IBD Circular No. 02 of 29.04.2004, Annexures I and III (detailed criteria for scheduled Islamic commercial banks and guidelines for stand-alone Islamic branches) | sbp.org.pk/ibd/2004/cir02.htm ; IBD Circular No. 02 of 2008 'Instructions and Guidelines for Shariah Compliance' | sbp.org.pk/circulars/ibd-circular-no-02-of-2008 ; IBD Circular No. 03 of 2014 (Shariah Governance Framework)","CONFIRMED. A dedicated central bank regulatory suite for Islamic banking has been in force continuously since 2003, before the earliest reference date, so all four rounds are 1. The underlying enabling amendment to the Banking Companies Ordinance 1962 (gazetted 04.11.2002) would be 0 on its own, but the SBP circulars are dedicated instruments in their own right.",2026-08-16
PAK,Pakistan,National central bank,2011,2010-12-31,ib_regime,2,verified,high,"IFSB, IFSI Stability Report 2013, Chart 1.1.1, p.22: Islamic banking share of total domestic banking assets = 4.9% (2012E). A measurable share of domestic banking assets cannot exist without licensed Islamic banks.",,2026-08-16
PAK,Pakistan,National central bank,2014,2013-12-31,ib_regime,2,verified,high,"IFSB, IFSI Stability Report 2015, Chart 1.1.1.3, p.24: Islamic banking share of total domestic banking assets = 9.8% (1H2014). A measurable share of domestic banking assets cannot exist without licensed Islamic banks.",,2026-08-16
PAK,Pakistan,National central bank,2017,2016-12-31,ib_regime,2,verified,high,"IFSB, IFSI Stability Report 2018, Chart 1.1.2, p.28: Islamic banking share of total domestic banking assets = 11.5% (1H2017). A measurable share of domestic banking assets cannot exist without licensed Islamic banks.",,2026-08-16
PAK,Pakistan,National central bank,2021,2020-12-31,ib_regime,2,verified,high,"IFSB, IFSI Stability Report 2022, Chart 1.2.1, p.25: Islamic banking share of total domestic banking assets = 18.6% (2021). A measurable share of domestic banking assets cannot exist without licensed Islamic banks.",,2026-08-16
PSE,West Bank and Gaza,National central bank,2011,2010-12-31,ib_legal_framework,1,bracketed,medium,"Decree-Law No. (9) of 2010 concerning Banks, Chapter Four 'Islamic Banks', Articles 20-24 (Sharia compliance and prohibition of interest; PMA power to issue instructions regulating Islamic banks; disclosure to investment account holders; Higher Sharia Supervisory Board for Banks and Islamic Financial Institutions; mandatory bank-level Sharia supervisory boards). Art. 77: in force from the date of publication in the Official Gazette; signed in Ramallah 08.11.2010 | maqam.najah.edu/legislation/420/ ; muqtafi.birzeit.edu/pg/getleg.asp?id=16165","BORDERLINE, JUDGEMENT RECORDED - resolved to 1. Chapter Four is a dedicated chapter of five substantive articles, which D-35 counts as 1, not a single enabling article. TIMING CAVEAT ON THE 2011 CELL ONLY: the decree-law was signed 08.11.2010 and enters into force on publication in al-Waqa'i al-Filastiniyya, whose date I could not confirm; the cell is therefore marked bracketed. If publication fell after 2010-12-31 the 2011 cell becomes 0. The predecessor Banking Law No. 2 of 2002 was not examined for Islamic-bank provisions. Verify against the Official Gazette before publication.",2026-08-16
PSE,West Bank and Gaza,National central bank,2014,2013-12-31,ib_legal_framework,1,verified,high,"Decree-Law No. (9) of 2010 concerning Banks, Chapter Four 'Islamic Banks', Articles 20-24 (Sharia compliance and prohibition of interest; PMA power to issue instructions regulating Islamic banks; disclosure to investment account holders; Higher Sharia Supervisory Board for Banks and Islamic Financial Institutions; mandatory bank-level Sharia supervisory boards). Art. 77: in force from the date of publication in the Official Gazette; signed in Ramallah 08.11.2010 | maqam.najah.edu/legislation/420/ ; muqtafi.birzeit.edu/pg/getleg.asp?id=16165","BORDERLINE, JUDGEMENT RECORDED - resolved to 1. Chapter Four is a dedicated chapter of five substantive articles, which D-35 counts as 1, not a single enabling article. TIMING CAVEAT ON THE 2011 CELL ONLY: the decree-law was signed 08.11.2010 and enters into force on publication in al-Waqa'i al-Filastiniyya, whose date I could not confirm; the cell is therefore marked bracketed. If publication fell after 2010-12-31 the 2011 cell becomes 0. The predecessor Banking Law No. 2 of 2002 was not examined for Islamic-bank provisions. Verify against the Official Gazette before publication.",2026-08-16
PSE,West Bank and Gaza,National central bank,2017,2016-12-31,ib_legal_framework,1,verified,high,"Decree-Law No. (9) of 2010 concerning Banks, Chapter Four 'Islamic Banks', Articles 20-24 (Sharia compliance and prohibition of interest; PMA power to issue instructions regulating Islamic banks; disclosure to investment account holders; Higher Sharia Supervisory Board for Banks and Islamic Financial Institutions; mandatory bank-level Sharia supervisory boards). Art. 77: in force from the date of publication in the Official Gazette; signed in Ramallah 08.11.2010 | maqam.najah.edu/legislation/420/ ; muqtafi.birzeit.edu/pg/getleg.asp?id=16165","BORDERLINE, JUDGEMENT RECORDED - resolved to 1. Chapter Four is a dedicated chapter of five substantive articles, which D-35 counts as 1, not a single enabling article. TIMING CAVEAT ON THE 2011 CELL ONLY: the decree-law was signed 08.11.2010 and enters into force on publication in al-Waqa'i al-Filastiniyya, whose date I could not confirm; the cell is therefore marked bracketed. If publication fell after 2010-12-31 the 2011 cell becomes 0. The predecessor Banking Law No. 2 of 2002 was not examined for Islamic-bank provisions. Verify against the Official Gazette before publication.",2026-08-16
PSE,West Bank and Gaza,National central bank,2021,2020-12-31,ib_legal_framework,1,verified,high,"Decree-Law No. (9) of 2010 concerning Banks, Chapter Four 'Islamic Banks', Articles 20-24 (Sharia compliance and prohibition of interest; PMA power to issue instructions regulating Islamic banks; disclosure to investment account holders; Higher Sharia Supervisory Board for Banks and Islamic Financial Institutions; mandatory bank-level Sharia supervisory boards). Art. 77: in force from the date of publication in the Official Gazette; signed in Ramallah 08.11.2010 | maqam.najah.edu/legislation/420/ ; muqtafi.birzeit.edu/pg/getleg.asp?id=16165","BORDERLINE, JUDGEMENT RECORDED - resolved to 1. Chapter Four is a dedicated chapter of five substantive articles, which D-35 counts as 1, not a single enabling article. TIMING CAVEAT ON THE 2011 CELL ONLY: the decree-law was signed 08.11.2010 and enters into force on publication in al-Waqa'i al-Filastiniyya, whose date I could not confirm; the cell is therefore marked bracketed. If publication fell after 2010-12-31 the 2011 cell becomes 0. The predecessor Banking Law No. 2 of 2002 was not examined for Islamic-bank provisions. Verify against the Official Gazette before publication.",2026-08-16
PSE,West Bank and Gaza,National central bank,2011,2010-12-31,ib_regime,2,verified,high,"IFSB, IFSI Stability Report 2013, Chart 1.1.1, p.22: Islamic banking share of total domestic banking assets = 8.9% (2012E). A measurable share of domestic banking assets cannot exist without licensed Islamic banks.",,2026-08-16
PSE,West Bank and Gaza,National central bank,2014,2013-12-31,ib_regime,2,bracketed,high,"Bounded on both sides by the project's own IFSB readings, which agree: IFSB, IFSI Stability Report 2013, Chart 1.1.1, p.22 (2012E) and IFSB, IFSI Stability Report 2018, Chart 1.1.2, p.28 (1H2017), both recording a positive Islamic banking share of total domestic banking assets for West Bank and Gaza. PMA licensing of Islamic banks is provided for by Decree-Law No. (9) of 2010, Chapter Four | maqam.najah.edu/legislation/420/","Bracketed rather than verified: the reference date 2013-12-31 falls between two IFSB editions that both record standalone Islamic banking activity, so the cell is bounded rather than directly observed. No re-derivation of the IFSB values was performed.",2026-08-16
PSE,West Bank and Gaza,National central bank,2017,2016-12-31,ib_regime,2,verified,high,"IFSB, IFSI Stability Report 2018, Chart 1.1.2, p.28: Islamic banking share of total domestic banking assets = 12.0% (1H2017). A measurable share of domestic banking assets cannot exist without licensed Islamic banks.",,2026-08-16
PSE,West Bank and Gaza,National central bank,2021,2020-12-31,ib_regime,2,verified,high,"IFSB, IFSI Stability Report 2022, Chart 1.2.1, p.25: Islamic banking share of total domestic banking assets = 18.0% (2021). A measurable share of domestic banking assets cannot exist without licensed Islamic banks.",,2026-08-16
SAU,Saudi Arabia,National central bank,2011,2010-12-31,ib_legal_framework,0,verified,high,"For 2021: SAMA Circular No. 41042498 of 18/06/1441H (12.02.2020), 'Shariah Governance Framework for Local Banks Operating in Saudi Arabia', Edition 1.0, February 2020, described by SAMA as the first stage of establishing a supervisory framework for banks practising Islamic banking; effective 12.02.2020 | rulebook.sama.gov.sa/en/shariah-governance-framework-local-banks-operating-saudi-arabia ; rulebook.sama.gov.sa/en/risk-management-framework-shari%E2%80%99ah-compliant-banking . For 2011-2017: no dedicated instrument; banks licensed under the Banking Control Law, Royal Decree No. M/5 of 22/2/1386H (1966), with Sharia compliance implemented institutionally through bank-level Sharia boards | rulebook.sama.gov.sa/en/banking-control-law ; practiceguides.chambers.com/practice-guides/islamic-finance-2025/saudi-arabia","CONFIRMED - IN-WINDOW CHANGE NOT FLAGGED IN THE HANDOFF. Saudi Arabia had no dedicated Islamic banking instrument at 2010-12-31, 2013-12-31 or 2016-12-31: the Banking Control Law 1966 is a general statute and Sharia compliance was left to bank-level boards. SAMA's Shariah Governance Framework of 12.02.2020 is a central bank regulation issued specifically for Islamic banking and was in force at 2020-12-31, so the 2021 cell is 1.",2026-08-16
SAU,Saudi Arabia,National central bank,2014,2013-12-31,ib_legal_framework,0,verified,high,"For 2021: SAMA Circular No. 41042498 of 18/06/1441H (12.02.2020), 'Shariah Governance Framework for Local Banks Operating in Saudi Arabia', Edition 1.0, February 2020, described by SAMA as the first stage of establishing a supervisory framework for banks practising Islamic banking; effective 12.02.2020 | rulebook.sama.gov.sa/en/shariah-governance-framework-local-banks-operating-saudi-arabia ; rulebook.sama.gov.sa/en/risk-management-framework-shari%E2%80%99ah-compliant-banking . For 2011-2017: no dedicated instrument; banks licensed under the Banking Control Law, Royal Decree No. M/5 of 22/2/1386H (1966), with Sharia compliance implemented institutionally through bank-level Sharia boards | rulebook.sama.gov.sa/en/banking-control-law ; practiceguides.chambers.com/practice-guides/islamic-finance-2025/saudi-arabia","CONFIRMED - IN-WINDOW CHANGE NOT FLAGGED IN THE HANDOFF. Saudi Arabia had no dedicated Islamic banking instrument at 2010-12-31, 2013-12-31 or 2016-12-31: the Banking Control Law 1966 is a general statute and Sharia compliance was left to bank-level boards. SAMA's Shariah Governance Framework of 12.02.2020 is a central bank regulation issued specifically for Islamic banking and was in force at 2020-12-31, so the 2021 cell is 1.",2026-08-16
SAU,Saudi Arabia,National central bank,2017,2016-12-31,ib_legal_framework,0,verified,high,"For 2021: SAMA Circular No. 41042498 of 18/06/1441H (12.02.2020), 'Shariah Governance Framework for Local Banks Operating in Saudi Arabia', Edition 1.0, February 2020, described by SAMA as the first stage of establishing a supervisory framework for banks practising Islamic banking; effective 12.02.2020 | rulebook.sama.gov.sa/en/shariah-governance-framework-local-banks-operating-saudi-arabia ; rulebook.sama.gov.sa/en/risk-management-framework-shari%E2%80%99ah-compliant-banking . For 2011-2017: no dedicated instrument; banks licensed under the Banking Control Law, Royal Decree No. M/5 of 22/2/1386H (1966), with Sharia compliance implemented institutionally through bank-level Sharia boards | rulebook.sama.gov.sa/en/banking-control-law ; practiceguides.chambers.com/practice-guides/islamic-finance-2025/saudi-arabia","CONFIRMED - IN-WINDOW CHANGE NOT FLAGGED IN THE HANDOFF. Saudi Arabia had no dedicated Islamic banking instrument at 2010-12-31, 2013-12-31 or 2016-12-31: the Banking Control Law 1966 is a general statute and Sharia compliance was left to bank-level boards. SAMA's Shariah Governance Framework of 12.02.2020 is a central bank regulation issued specifically for Islamic banking and was in force at 2020-12-31, so the 2021 cell is 1.",2026-08-16
SAU,Saudi Arabia,National central bank,2021,2020-12-31,ib_legal_framework,1,verified,high,"For 2021: SAMA Circular No. 41042498 of 18/06/1441H (12.02.2020), 'Shariah Governance Framework for Local Banks Operating in Saudi Arabia', Edition 1.0, February 2020, described by SAMA as the first stage of establishing a supervisory framework for banks practising Islamic banking; effective 12.02.2020 | rulebook.sama.gov.sa/en/shariah-governance-framework-local-banks-operating-saudi-arabia ; rulebook.sama.gov.sa/en/risk-management-framework-shari%E2%80%99ah-compliant-banking . For 2011-2017: no dedicated instrument; banks licensed under the Banking Control Law, Royal Decree No. M/5 of 22/2/1386H (1966), with Sharia compliance implemented institutionally through bank-level Sharia boards | rulebook.sama.gov.sa/en/banking-control-law ; practiceguides.chambers.com/practice-guides/islamic-finance-2025/saudi-arabia","CONFIRMED - IN-WINDOW CHANGE NOT FLAGGED IN THE HANDOFF. Saudi Arabia had no dedicated Islamic banking instrument at 2010-12-31, 2013-12-31 or 2016-12-31: the Banking Control Law 1966 is a general statute and Sharia compliance was left to bank-level boards. SAMA's Shariah Governance Framework of 12.02.2020 is a central bank regulation issued specifically for Islamic banking and was in force at 2020-12-31, so the 2021 cell is 1.",2026-08-16
SAU,Saudi Arabia,National central bank,2011,2010-12-31,ib_regime,2,verified,high,"IFSB, IFSI Stability Report 2013, Chart 1.1.1, p.22: Islamic banking share of total domestic banking assets = 35.8% (2012E). A measurable share of domestic banking assets cannot exist without licensed Islamic banks.",,2026-08-16
SAU,Saudi Arabia,National central bank,2014,2013-12-31,ib_regime,2,verified,high,"IFSB, IFSI Stability Report 2015, Chart 1.1.1.3, p.24: Islamic banking share of total domestic banking assets = 51.3% (1H2014). A measurable share of domestic banking assets cannot exist without licensed Islamic banks.",,2026-08-16
SAU,Saudi Arabia,National central bank,2017,2016-12-31,ib_regime,2,verified,high,"IFSB, IFSI Stability Report 2018, Chart 1.1.2, p.28: Islamic banking share of total domestic banking assets = 51.5% (1H2017). A measurable share of domestic banking assets cannot exist without licensed Islamic banks.",,2026-08-16
SAU,Saudi Arabia,National central bank,2021,2020-12-31,ib_regime,2,verified,high,"IFSB, IFSI Stability Report 2022, Chart 1.2.1, p.25: Islamic banking share of total domestic banking assets = 77.2% (2021). A measurable share of domestic banking assets cannot exist without licensed Islamic banks.",,2026-08-16
SEN,Senegal,BCEAO,2011,2010-12-31,ib_legal_framework,0.0,verified,high,"BCEAO Instruction n°002-03-2018 du 21 mars 2018 relative aux dispositions particulieres applicables aux etablissements de credit exercant une activite de finance islamique. Art.20: entry into force on date of signature, 21.03.2018, Dakar, signed Tiemoko Meyliet Kone. Art.3: applies to all credit institutions in any UMOA member state. Art.4: two categories - exclusive Islamic credit institutions, and partial via a dedicated ""Branche islamique"" | bceao.int/sites/default/files/2018-05/Instruction 002-03-2018 dispositions particulieres FI applicables aux ETC-web.pdf","Full text verified. Regional instrument: identical value for all six UMOA economies. Companion texts: 003-03-2018 (SFD, same date), 004-05-2018 and 005-05-2018 (technical characteristics, 02.05.2018)",2026-08-16
SEN,Senegal,BCEAO,2014,2013-12-31,ib_legal_framework,0.0,verified,high,"BCEAO Instruction n°002-03-2018 du 21 mars 2018 relative aux dispositions particulieres applicables aux etablissements de credit exercant une activite de finance islamique. Art.20: entry into force on date of signature, 21.03.2018, Dakar, signed Tiemoko Meyliet Kone. Art.3: applies to all credit institutions in any UMOA member state. Art.4: two categories - exclusive Islamic credit institutions, and partial via a dedicated ""Branche islamique"" | bceao.int/sites/default/files/2018-05/Instruction 002-03-2018 dispositions particulieres FI applicables aux ETC-web.pdf","Full text verified. Regional instrument: identical value for all six UMOA economies. Companion texts: 003-03-2018 (SFD, same date), 004-05-2018 and 005-05-2018 (technical characteristics, 02.05.2018)",2026-08-16
SEN,Senegal,BCEAO,2017,2016-12-31,ib_legal_framework,0.0,verified,high,"BCEAO Instruction n°002-03-2018 du 21 mars 2018 relative aux dispositions particulieres applicables aux etablissements de credit exercant une activite de finance islamique. Art.20: entry into force on date of signature, 21.03.2018, Dakar, signed Tiemoko Meyliet Kone. Art.3: applies to all credit institutions in any UMOA member state. Art.4: two categories - exclusive Islamic credit institutions, and partial via a dedicated ""Branche islamique"" | bceao.int/sites/default/files/2018-05/Instruction 002-03-2018 dispositions particulieres FI applicables aux ETC-web.pdf","Full text verified. Regional instrument: identical value for all six UMOA economies. Companion texts: 003-03-2018 (SFD, same date), 004-05-2018 and 005-05-2018 (technical characteristics, 02.05.2018)",2026-08-16
SEN,Senegal,BCEAO,2021,2020-12-31,ib_legal_framework,1.0,verified,high,"BCEAO Instruction n°002-03-2018 du 21 mars 2018 relative aux dispositions particulieres applicables aux etablissements de credit exercant une activite de finance islamique. Art.20: entry into force on date of signature, 21.03.2018, Dakar, signed Tiemoko Meyliet Kone. Art.3: applies to all credit institutions in any UMOA member state. Art.4: two categories - exclusive Islamic credit institutions, and partial via a dedicated ""Branche islamique"" | bceao.int/sites/default/files/2018-05/Instruction 002-03-2018 dispositions particulieres FI applicables aux ETC-web.pdf","Full text verified. Regional instrument: identical value for all six UMOA economies. Companion texts: 003-03-2018 (SFD, same date), 004-05-2018 and 005-05-2018 (technical characteristics, 02.05.2018)",2026-08-16
SEN,Senegal,BCEAO,2011,2010-12-31,ib_regime,2.0,verified,high,"Banque Islamique du Senegal, agrement n° K 0079 A du 20.07.1982. Rapport annuel 2010 de la Commission Bancaire de l'UMOA, Annexe - liste des etablissements de credit | cb-umoa.org/sites/default/files/2022-01/Rapport%20Annuel%202010%20de%20la%20Commission%20Bancaire.pdf","Present at every reference date. At 31.12.2020 the report also lists Tamweel Africa Holding (CF-K-007, Senegal) as a financial holding of category ""BANQUE ISLAMIQUE"" with 2 establishments",2026-08-16
SEN,Senegal,BCEAO,2014,2013-12-31,ib_regime,2.0,verified,high,"Banque Islamique du Senegal, agrement n° K 0079 A du 20.07.1982. Rapport annuel 2013 de la Commission Bancaire de l'UMOA, Annexe | cb-umoa.org/sites/default/files/2025-02/Rapport%20Annuel%202013%20de%20la%20Commission%20Bancaire_compressed.pdf","Present at every reference date. At 31.12.2020 the report also lists Tamweel Africa Holding (CF-K-007, Senegal) as a financial holding of category ""BANQUE ISLAMIQUE"" with 2 establishments",2026-08-16
SEN,Senegal,BCEAO,2017,2016-12-31,ib_regime,2.0,verified,high,"Banque Islamique du Senegal, agrement n° K 0079 A du 20.07.1982. Rapport annuel 2016 de la Commission Bancaire de l'UMOA, Annexe II | cb-umoa.org/sites/default/files/2022-01/Rapport%20Annuel%202016%20de%20la%20Commission%20Bancaire.pdf","Present at every reference date. At 31.12.2020 the report also lists Tamweel Africa Holding (CF-K-007, Senegal) as a financial holding of category ""BANQUE ISLAMIQUE"" with 2 establishments",2026-08-16
SEN,Senegal,BCEAO,2021,2020-12-31,ib_regime,2.0,verified,high,"Banque Islamique du Senegal, agrement n° K 0079 A du 20.07.1982. Rapport annuel 2020 de la Commission Bancaire de l'UMOA, Annexe II.1.1 Liste des etablissements de credit | cb-umoa.org/sites/default/files/2022-01/Rapport%20annuel%202020%20de%20la%20Commission%20Bancaire.pdf","Present at every reference date. At 31.12.2020 the report also lists Tamweel Africa Holding (CF-K-007, Senegal) as a financial holding of category ""BANQUE ISLAMIQUE"" with 2 establishments",2026-08-16
SLE,Sierra Leone,BSL,2011,2010-12-31,ib_legal_framework,0.0,verified,high,IsDB/CBSL consultancy tender 2026 commissions the gap analysis and drafting of the full prudential suite incl. licensing and window requirements | isdb.org/project-procurement/tenders/2026/eoi/empower-central-bank-sierra-leone-cbsl-diversify-its-financial-landscape-lower,A framework still being drafted in 2026 existed in no reference year,2026-08-16
SLE,Sierra Leone,BSL,2014,2013-12-31,ib_legal_framework,0.0,verified,high,IsDB/CBSL consultancy tender 2026 commissions the gap analysis and drafting of the full prudential suite incl. licensing and window requirements | isdb.org/project-procurement/tenders/2026/eoi/empower-central-bank-sierra-leone-cbsl-diversify-its-financial-landscape-lower,A framework still being drafted in 2026 existed in no reference year,2026-08-16
SLE,Sierra Leone,BSL,2017,2016-12-31,ib_legal_framework,0.0,verified,high,IsDB/CBSL consultancy tender 2026 commissions the gap analysis and drafting of the full prudential suite incl. licensing and window requirements | isdb.org/project-procurement/tenders/2026/eoi/empower-central-bank-sierra-leone-cbsl-diversify-its-financial-landscape-lower,A framework still being drafted in 2026 existed in no reference year,2026-08-16
SLE,Sierra Leone,BSL,2021,2020-12-31,ib_legal_framework,0.0,verified,high,IsDB/CBSL consultancy tender 2026 commissions the gap analysis and drafting of the full prudential suite incl. licensing and window requirements | isdb.org/project-procurement/tenders/2026/eoi/empower-central-bank-sierra-leone-cbsl-diversify-its-financial-landscape-lower,A framework still being drafted in 2026 existed in no reference year,2026-08-16
SLE,Sierra Leone,BSL,2011,2010-12-31,ib_regime,0.0,bracketed,medium,"Bank of Sierra Leone, Financial Stability Report 2017, s.2.1.1-2.1.2 and Table 7 (components of the financial system, 2012-2017: 13,13,13,13,13,14 commercial banks), pp.21-22 | bsl.gov.sl ; Bank of Sierra Leone, Financial Stability Report 2025 (13 commercial banks; two state-owned, two domestic-private, nine foreign-owned), p.7 | bsl.gov.sl | Full-text search of both reports returns zero occurrences of 'Islamic', 'Shari', 'sukuk', 'takaful' or 'interest-free' across 59 and 72 pages.","2011: Table 7 of the 2017 FSR begins at 2012, and the historical narrative runs only to 2001, so 2010 is not directly covered. 2021: falls between the two reports, both of which are silent. Bracketed on primary sources from both sides.",2026-08-16
SLE,Sierra Leone,BSL,2014,2013-12-31,ib_regime,0.0,verified,medium,"Bank of Sierra Leone, Financial Stability Report 2017, s.2.1.1-2.1.2 and Table 7 (components of the financial system, 2012-2017: 13,13,13,13,13,14 commercial banks), pp.21-22 | bsl.gov.sl | Full-text search of both reports returns zero occurrences of 'Islamic', 'Shari', 'sukuk', 'takaful' or 'interest-free' across 59 and 72 pages.","Reference year covered by Table 7 of the 2017 FSR. Evidence is system-level: a bank count for the year plus total silence on Islamic finance across a full financial stability review. It is NOT a named per-institution roster, hence confidence medium rather than high.",2026-08-16
SLE,Sierra Leone,BSL,2017,2016-12-31,ib_regime,0.0,verified,medium,"Bank of Sierra Leone, Financial Stability Report 2017, s.2.1.1-2.1.2 and Table 7 (components of the financial system, 2012-2017: 13,13,13,13,13,14 commercial banks), pp.21-22 | bsl.gov.sl | Full-text search of both reports returns zero occurrences of 'Islamic', 'Shari', 'sukuk', 'takaful' or 'interest-free' across 59 and 72 pages.","Reference year covered by Table 7 of the 2017 FSR. Evidence is system-level: a bank count for the year plus total silence on Islamic finance across a full financial stability review. It is NOT a named per-institution roster, hence confidence medium rather than high.",2026-08-16
SLE,Sierra Leone,BSL,2021,2020-12-31,ib_regime,0.0,bracketed,medium,"Bank of Sierra Leone, Financial Stability Report 2017, s.2.1.1-2.1.2 and Table 7 (components of the financial system, 2012-2017: 13,13,13,13,13,14 commercial banks), pp.21-22 | bsl.gov.sl ; Bank of Sierra Leone, Financial Stability Report 2025 (13 commercial banks; two state-owned, two domestic-private, nine foreign-owned), p.7 | bsl.gov.sl | Full-text search of both reports returns zero occurrences of 'Islamic', 'Shari', 'sukuk', 'takaful' or 'interest-free' across 59 and 72 pages.",2020 falls between the 2017 and 2025 reports; both are silent on Islamic finance. Bracketed on primary sources from both sides.,2026-08-16
TCD,Chad,COBAC/BEAC,2011,2010-12-31,ib_legal_framework,0.0,verified,high,Reglement n°04/22/CEMAC/UMAC/COBAC du 9 novembre 2022 relatif aux conditions d'exercice et de controle de l'activite de finance islamique dans la CEMAC; entry into force 01.01.2023 | droitmediasfinance.com ; kalieu-elongo.com ; legecam.cm/wp-content/uploads/2024/05/bb-acb-05-reglement-n04-22-cemac-finance-islamique.pdf,"Post-dates every as_of_date, including 2020-12-31",2026-08-16
TCD,Chad,COBAC/BEAC,2014,2013-12-31,ib_legal_framework,0.0,verified,high,Reglement n°04/22/CEMAC/UMAC/COBAC du 9 novembre 2022 relatif aux conditions d'exercice et de controle de l'activite de finance islamique dans la CEMAC; entry into force 01.01.2023 | droitmediasfinance.com ; kalieu-elongo.com ; legecam.cm/wp-content/uploads/2024/05/bb-acb-05-reglement-n04-22-cemac-finance-islamique.pdf,"Post-dates every as_of_date, including 2020-12-31",2026-08-16
TCD,Chad,COBAC/BEAC,2017,2016-12-31,ib_legal_framework,0.0,verified,high,Reglement n°04/22/CEMAC/UMAC/COBAC du 9 novembre 2022 relatif aux conditions d'exercice et de controle de l'activite de finance islamique dans la CEMAC; entry into force 01.01.2023 | droitmediasfinance.com ; kalieu-elongo.com ; legecam.cm/wp-content/uploads/2024/05/bb-acb-05-reglement-n04-22-cemac-finance-islamique.pdf,"Post-dates every as_of_date, including 2020-12-31",2026-08-16
TCD,Chad,COBAC/BEAC,2021,2020-12-31,ib_legal_framework,0.0,verified,high,Reglement n°04/22/CEMAC/UMAC/COBAC du 9 novembre 2022 relatif aux conditions d'exercice et de controle de l'activite de finance islamique dans la CEMAC; entry into force 01.01.2023 | droitmediasfinance.com ; kalieu-elongo.com ; legecam.cm/wp-content/uploads/2024/05/bb-acb-05-reglement-n04-22-cemac-finance-islamique.pdf,"Post-dates every as_of_date, including 2020-12-31",2026-08-16
TCD,Chad,COBAC/BEAC,2011,2010-12-31,ib_regime,0.0,verified,high,"Reglement 04/22/CEMAC/UMAC/COBAC, in force 01.01.2023, is the instrument that first created an authorisation for Islamic finance activity in CEMAC | droitmediasfinance.com ; legecam.cm","No Islamic authorisation existed in any CEMAC register before Reglement 04/22 entered into force on 01.01.2023. Coded on the same criterion as Benin, Burkina Faso, Mali and Togo before March 2018. MEASUREMENT LIMITATION (applies to the whole variable, not to this economy): value 1 is unobservable in jurisdictions with no dedicated framework, because an Islamic window is not a separately licensed entity there and cannot appear in any register. Value 2 is observable in all cases. The variable therefore under-counts in one category and in a known direction.",2026-08-16
TCD,Chad,COBAC/BEAC,2014,2013-12-31,ib_regime,0.0,verified,high,"Reglement 04/22/CEMAC/UMAC/COBAC, in force 01.01.2023, is the instrument that first created an authorisation for Islamic finance activity in CEMAC | droitmediasfinance.com ; legecam.cm","No Islamic authorisation existed in any CEMAC register before Reglement 04/22 entered into force on 01.01.2023. Coded on the same criterion as Benin, Burkina Faso, Mali and Togo before March 2018. MEASUREMENT LIMITATION (applies to the whole variable, not to this economy): value 1 is unobservable in jurisdictions with no dedicated framework, because an Islamic window is not a separately licensed entity there and cannot appear in any register. Value 2 is observable in all cases. The variable therefore under-counts in one category and in a known direction.",2026-08-16
TCD,Chad,COBAC/BEAC,2017,2016-12-31,ib_regime,0.0,verified,high,"Reglement 04/22/CEMAC/UMAC/COBAC, in force 01.01.2023, is the instrument that first created an authorisation for Islamic finance activity in CEMAC | droitmediasfinance.com ; legecam.cm","No Islamic authorisation existed in any CEMAC register before Reglement 04/22 entered into force on 01.01.2023. Coded on the same criterion as Benin, Burkina Faso, Mali and Togo before March 2018. MEASUREMENT LIMITATION (applies to the whole variable, not to this economy): value 1 is unobservable in jurisdictions with no dedicated framework, because an Islamic window is not a separately licensed entity there and cannot appear in any register. Value 2 is observable in all cases. The variable therefore under-counts in one category and in a known direction.",2026-08-16
TCD,Chad,COBAC/BEAC,2021,2020-12-31,ib_regime,0.0,verified,high,"Reglement 04/22/CEMAC/UMAC/COBAC, in force 01.01.2023, is the instrument that first created an authorisation for Islamic finance activity in CEMAC | droitmediasfinance.com ; legecam.cm","No Islamic authorisation existed in any CEMAC register before Reglement 04/22 entered into force on 01.01.2023. Coded on the same criterion as Benin, Burkina Faso, Mali and Togo before March 2018. MEASUREMENT LIMITATION (applies to the whole variable, not to this economy): value 1 is unobservable in jurisdictions with no dedicated framework, because an Islamic window is not a separately licensed entity there and cannot appear in any register. Value 2 is observable in all cases. The variable therefore under-counts in one category and in a known direction.",2026-08-16
TGO,Togo,BCEAO,2011,2010-12-31,ib_legal_framework,0.0,verified,high,"BCEAO Instruction n°002-03-2018 du 21 mars 2018 relative aux dispositions particulieres applicables aux etablissements de credit exercant une activite de finance islamique. Art.20: entry into force on date of signature, 21.03.2018, Dakar, signed Tiemoko Meyliet Kone. Art.3: applies to all credit institutions in any UMOA member state. Art.4: two categories - exclusive Islamic credit institutions, and partial via a dedicated ""Branche islamique"" | bceao.int/sites/default/files/2018-05/Instruction 002-03-2018 dispositions particulieres FI applicables aux ETC-web.pdf","Full text verified. Regional instrument: identical value for all six UMOA economies. Companion texts: 003-03-2018 (SFD, same date), 004-05-2018 and 005-05-2018 (technical characteristics, 02.05.2018)",2026-08-16
TGO,Togo,BCEAO,2014,2013-12-31,ib_legal_framework,0.0,verified,high,"BCEAO Instruction n°002-03-2018 du 21 mars 2018 relative aux dispositions particulieres applicables aux etablissements de credit exercant une activite de finance islamique. Art.20: entry into force on date of signature, 21.03.2018, Dakar, signed Tiemoko Meyliet Kone. Art.3: applies to all credit institutions in any UMOA member state. Art.4: two categories - exclusive Islamic credit institutions, and partial via a dedicated ""Branche islamique"" | bceao.int/sites/default/files/2018-05/Instruction 002-03-2018 dispositions particulieres FI applicables aux ETC-web.pdf","Full text verified. Regional instrument: identical value for all six UMOA economies. Companion texts: 003-03-2018 (SFD, same date), 004-05-2018 and 005-05-2018 (technical characteristics, 02.05.2018)",2026-08-16
TGO,Togo,BCEAO,2017,2016-12-31,ib_legal_framework,0.0,verified,high,"BCEAO Instruction n°002-03-2018 du 21 mars 2018 relative aux dispositions particulieres applicables aux etablissements de credit exercant une activite de finance islamique. Art.20: entry into force on date of signature, 21.03.2018, Dakar, signed Tiemoko Meyliet Kone. Art.3: applies to all credit institutions in any UMOA member state. Art.4: two categories - exclusive Islamic credit institutions, and partial via a dedicated ""Branche islamique"" | bceao.int/sites/default/files/2018-05/Instruction 002-03-2018 dispositions particulieres FI applicables aux ETC-web.pdf","Full text verified. Regional instrument: identical value for all six UMOA economies. Companion texts: 003-03-2018 (SFD, same date), 004-05-2018 and 005-05-2018 (technical characteristics, 02.05.2018)",2026-08-16
TGO,Togo,BCEAO,2021,2020-12-31,ib_legal_framework,1.0,verified,high,"BCEAO Instruction n°002-03-2018 du 21 mars 2018 relative aux dispositions particulieres applicables aux etablissements de credit exercant une activite de finance islamique. Art.20: entry into force on date of signature, 21.03.2018, Dakar, signed Tiemoko Meyliet Kone. Art.3: applies to all credit institutions in any UMOA member state. Art.4: two categories - exclusive Islamic credit institutions, and partial via a dedicated ""Branche islamique"" | bceao.int/sites/default/files/2018-05/Instruction 002-03-2018 dispositions particulieres FI applicables aux ETC-web.pdf","Full text verified. Regional instrument: identical value for all six UMOA economies. Companion texts: 003-03-2018 (SFD, same date), 004-05-2018 and 005-05-2018 (technical characteristics, 02.05.2018)",2026-08-16
TGO,Togo,BCEAO,2011,2010-12-31,ib_regime,0.0,verified,high,"No Islamic credit institution and no Islamic branch in the annexed list. Rapport annuel 2010 de la Commission Bancaire de l'UMOA, Annexe - liste des etablissements de credit | cb-umoa.org/sites/default/files/2022-01/Rapport%20Annuel%202010%20de%20la%20Commission%20Bancaire.pdf","The Branche islamique category did not exist in UMOA before Instruction 002-03-2018 of 21.03.2018, so a licence list is exhaustive at this reference date",2026-08-16
TGO,Togo,BCEAO,2014,2013-12-31,ib_regime,0.0,verified,high,"No Islamic credit institution and no Islamic branch in the annexed list. Rapport annuel 2013 de la Commission Bancaire de l'UMOA, Annexe | cb-umoa.org/sites/default/files/2025-02/Rapport%20Annuel%202013%20de%20la%20Commission%20Bancaire_compressed.pdf","The Branche islamique category did not exist in UMOA before Instruction 002-03-2018 of 21.03.2018, so a licence list is exhaustive at this reference date",2026-08-16
TGO,Togo,BCEAO,2017,2016-12-31,ib_regime,0.0,verified,high,"No Islamic credit institution and no Islamic branch in the annexed list. Rapport annuel 2016 de la Commission Bancaire de l'UMOA, Annexe II | cb-umoa.org/sites/default/files/2022-01/Rapport%20Annuel%202016%20de%20la%20Commission%20Bancaire.pdf","The Branche islamique category did not exist in UMOA before Instruction 002-03-2018 of 21.03.2018, so a licence list is exhaustive at this reference date",2026-08-16
TGO,Togo,BCEAO,2021,2020-12-31,ib_regime,0.0,verified,high,"No Islamic credit institution and no Islamic branch in the annexed list. Rapport annuel 2020 de la Commission Bancaire de l'UMOA, Annexe II.1.1 Liste des etablissements de credit | cb-umoa.org/sites/default/files/2022-01/Rapport%20annuel%202020%20de%20la%20Commission%20Bancaire.pdf","Exhaustive search of the 2020 report returns 9 occurrences of ""islamique"", all accounted for: BIS, BIN, Tamweel Africa Holding, two training seminars, and one generic mention of ""l'ouverture d'une branche islamique"" in the enumeration of operations subject to prior authorisation (Instruction 002-03-2018 Art.7). No Islamic branch was authorised in 2020: of 18 files handled, 4 were declarations of intent to open succursales and 14 were other requests",2026-08-16
TJK,Tajikistan,NBT,2011,2010-12-31,ib_legal_framework,0.0,verified,high,"Law RT No.1108 ""On Islamic Banking Activity"", adopted 26.07.2014, in force 05.08.2014 | nbt.tj/en/old_news/?ELEMENT_ID=488630 ; cis-legislation.com/document.fwx?rgn=70095","as_of 2013-12-31 precedes entry into force by 7 months, hence 0 for round 2014. Law defines the Islamic bank window",2026-08-16
TJK,Tajikistan,NBT,2014,2013-12-31,ib_legal_framework,0.0,verified,high,"Law RT No.1108 ""On Islamic Banking Activity"", adopted 26.07.2014, in force 05.08.2014 | nbt.tj/en/old_news/?ELEMENT_ID=488630 ; cis-legislation.com/document.fwx?rgn=70095","as_of 2013-12-31 precedes entry into force by 7 months, hence 0 for round 2014. Law defines the Islamic bank window",2026-08-16
TJK,Tajikistan,NBT,2017,2016-12-31,ib_legal_framework,1.0,verified,high,"Law RT No.1108 ""On Islamic Banking Activity"", adopted 26.07.2014, in force 05.08.2014 | nbt.tj/en/old_news/?ELEMENT_ID=488630 ; cis-legislation.com/document.fwx?rgn=70095","as_of 2013-12-31 precedes entry into force by 7 months, hence 0 for round 2014. Law defines the Islamic bank window",2026-08-16
TJK,Tajikistan,NBT,2021,2020-12-31,ib_legal_framework,1.0,verified,high,"Law RT No.1108 ""On Islamic Banking Activity"", adopted 26.07.2014, in force 05.08.2014 | nbt.tj/en/old_news/?ELEMENT_ID=488630 ; cis-legislation.com/document.fwx?rgn=70095","as_of 2013-12-31 precedes entry into force by 7 months, hence 0 for round 2014. Law defines the Islamic bank window",2026-08-16
TJK,Tajikistan,NBT,2011,2010-12-31,ib_regime,0.0,verified,high,"NBT Board resolution 16.09.2019, licence No.116, OJSC Tawhidbank | nbt.tj/en/old_news/?ELEMENT_ID=488630 ; asiaplustj.info 09.04.2024","Sohibkorbonk conversion began Oct 2017, after as_of 2016-12-31. Asr Leasing (2013), Alif Capital (2014) out of scope",2026-08-16
TJK,Tajikistan,NBT,2014,2013-12-31,ib_regime,0.0,verified,high,"NBT Board resolution 16.09.2019, licence No.116, OJSC Tawhidbank | nbt.tj/en/old_news/?ELEMENT_ID=488630 ; asiaplustj.info 09.04.2024","Sohibkorbonk conversion began Oct 2017, after as_of 2016-12-31. Asr Leasing (2013), Alif Capital (2014) out of scope",2026-08-16
TJK,Tajikistan,NBT,2017,2016-12-31,ib_regime,0.0,verified,high,"NBT Board resolution 16.09.2019, licence No.116, OJSC Tawhidbank | nbt.tj/en/old_news/?ELEMENT_ID=488630 ; asiaplustj.info 09.04.2024","Sohibkorbonk conversion began Oct 2017, after as_of 2016-12-31. Asr Leasing (2013), Alif Capital (2014) out of scope",2026-08-16
TJK,Tajikistan,NBT,2021,2020-12-31,ib_regime,2.0,verified,high,"NBT Board resolution 16.09.2019, licence No.116, OJSC Tawhidbank | nbt.tj/en/old_news/?ELEMENT_ID=488630 ; asiaplustj.info 09.04.2024","Sohibkorbonk conversion began Oct 2017, after as_of 2016-12-31. Asr Leasing (2013), Alif Capital (2014) out of scope",2026-08-16
TUR,Turkiye,National central bank,2011,2010-12-31,ib_legal_framework,0,verified,medium,"For 2021: BDDK, 'Faizsiz Bankacilik Ilke ve Standartlarina Uyuma Iliskin Teblig', Resmi Gazete 14.09.2019 No. 30888 | resmigazete.gov.tr/eskiler/2019/09/20190914-4.htm ; bddk.org.tr/Mevzuat/DokumanGetir/1323 . For 2011-2017: participation banks constituted as a category within the general Banking Law No. 5411, Resmi Gazete 01.11.2005 No. 25983; the dedicated Council of Ministers Decree 83/7506 of 16.12.1983 on Special Finance Houses (RG 19.12.1983 No. 18256) and its amendments were repealed when the special finance houses were brought under Law 5411 | isarder.org/2020/vol.12_issue.2_article31.pdf ; tkbbegitim.org.tr (Katilim bankalarinin bankacilik sektorundeki yeri ve onemi)","BORDERLINE, JUDGEMENT RECORDED - IN-WINDOW CHANGE NOT FLAGGED IN THE HANDOFF. Turkiye had a dedicated instrument from 1983 (Decree 83/7506) until it was superseded in 2005, and again from 14.09.2019 (BDDK Teblig). Between those dates participation banks were one of three statutory bank categories inside the general Banking Law 5411, with no dedicated chapter. That is genuinely ambiguous: more than Guinea's single enabling article, less than Jordan's dedicated chapter. Rule 7 requires the lower value, so 2011, 2014 and 2017 are coded 0 at medium confidence. SENSITIVITY: if Law 5411's participation-bank provisions are counted as a dedicated framework, Turkiye becomes 1 in all four rounds and the in-window change disappears. Report this one line.",2026-08-16
TUR,Turkiye,National central bank,2014,2013-12-31,ib_legal_framework,0,verified,medium,"For 2021: BDDK, 'Faizsiz Bankacilik Ilke ve Standartlarina Uyuma Iliskin Teblig', Resmi Gazete 14.09.2019 No. 30888 | resmigazete.gov.tr/eskiler/2019/09/20190914-4.htm ; bddk.org.tr/Mevzuat/DokumanGetir/1323 . For 2011-2017: participation banks constituted as a category within the general Banking Law No. 5411, Resmi Gazete 01.11.2005 No. 25983; the dedicated Council of Ministers Decree 83/7506 of 16.12.1983 on Special Finance Houses (RG 19.12.1983 No. 18256) and its amendments were repealed when the special finance houses were brought under Law 5411 | isarder.org/2020/vol.12_issue.2_article31.pdf ; tkbbegitim.org.tr (Katilim bankalarinin bankacilik sektorundeki yeri ve onemi)","BORDERLINE, JUDGEMENT RECORDED - IN-WINDOW CHANGE NOT FLAGGED IN THE HANDOFF. Turkiye had a dedicated instrument from 1983 (Decree 83/7506) until it was superseded in 2005, and again from 14.09.2019 (BDDK Teblig). Between those dates participation banks were one of three statutory bank categories inside the general Banking Law 5411, with no dedicated chapter. That is genuinely ambiguous: more than Guinea's single enabling article, less than Jordan's dedicated chapter. Rule 7 requires the lower value, so 2011, 2014 and 2017 are coded 0 at medium confidence. SENSITIVITY: if Law 5411's participation-bank provisions are counted as a dedicated framework, Turkiye becomes 1 in all four rounds and the in-window change disappears. Report this one line.",2026-08-16
TUR,Turkiye,National central bank,2017,2016-12-31,ib_legal_framework,0,verified,medium,"For 2021: BDDK, 'Faizsiz Bankacilik Ilke ve Standartlarina Uyuma Iliskin Teblig', Resmi Gazete 14.09.2019 No. 30888 | resmigazete.gov.tr/eskiler/2019/09/20190914-4.htm ; bddk.org.tr/Mevzuat/DokumanGetir/1323 . For 2011-2017: participation banks constituted as a category within the general Banking Law No. 5411, Resmi Gazete 01.11.2005 No. 25983; the dedicated Council of Ministers Decree 83/7506 of 16.12.1983 on Special Finance Houses (RG 19.12.1983 No. 18256) and its amendments were repealed when the special finance houses were brought under Law 5411 | isarder.org/2020/vol.12_issue.2_article31.pdf ; tkbbegitim.org.tr (Katilim bankalarinin bankacilik sektorundeki yeri ve onemi)","BORDERLINE, JUDGEMENT RECORDED - IN-WINDOW CHANGE NOT FLAGGED IN THE HANDOFF. Turkiye had a dedicated instrument from 1983 (Decree 83/7506) until it was superseded in 2005, and again from 14.09.2019 (BDDK Teblig). Between those dates participation banks were one of three statutory bank categories inside the general Banking Law 5411, with no dedicated chapter. That is genuinely ambiguous: more than Guinea's single enabling article, less than Jordan's dedicated chapter. Rule 7 requires the lower value, so 2011, 2014 and 2017 are coded 0 at medium confidence. SENSITIVITY: if Law 5411's participation-bank provisions are counted as a dedicated framework, Turkiye becomes 1 in all four rounds and the in-window change disappears. Report this one line.",2026-08-16
TUR,Turkiye,National central bank,2021,2020-12-31,ib_legal_framework,1,verified,high,"For 2021: BDDK, 'Faizsiz Bankacilik Ilke ve Standartlarina Uyuma Iliskin Teblig', Resmi Gazete 14.09.2019 No. 30888 | resmigazete.gov.tr/eskiler/2019/09/20190914-4.htm ; bddk.org.tr/Mevzuat/DokumanGetir/1323 . For 2011-2017: participation banks constituted as a category within the general Banking Law No. 5411, Resmi Gazete 01.11.2005 No. 25983; the dedicated Council of Ministers Decree 83/7506 of 16.12.1983 on Special Finance Houses (RG 19.12.1983 No. 18256) and its amendments were repealed when the special finance houses were brought under Law 5411 | isarder.org/2020/vol.12_issue.2_article31.pdf ; tkbbegitim.org.tr (Katilim bankalarinin bankacilik sektorundeki yeri ve onemi)","BORDERLINE, JUDGEMENT RECORDED - IN-WINDOW CHANGE NOT FLAGGED IN THE HANDOFF. Turkiye had a dedicated instrument from 1983 (Decree 83/7506) until it was superseded in 2005, and again from 14.09.2019 (BDDK Teblig). Between those dates participation banks were one of three statutory bank categories inside the general Banking Law 5411, with no dedicated chapter. That is genuinely ambiguous: more than Guinea's single enabling article, less than Jordan's dedicated chapter. Rule 7 requires the lower value, so 2011, 2014 and 2017 are coded 0 at medium confidence. SENSITIVITY: if Law 5411's participation-bank provisions are counted as a dedicated framework, Turkiye becomes 1 in all four rounds and the in-window change disappears. Report this one line.",2026-08-16
TUR,Turkiye,National central bank,2011,2010-12-31,ib_regime,2,verified,high,"IFSB, IFSI Stability Report 2013, Chart 1.1.1, p.22: Islamic banking share of total domestic banking assets = 5.2% (2012E). A measurable share of domestic banking assets cannot exist without licensed Islamic banks.",,2026-08-16
TUR,Turkiye,National central bank,2014,2013-12-31,ib_regime,2,verified,high,"IFSB, IFSI Stability Report 2015, Chart 1.1.1.3, p.24: Islamic banking share of total domestic banking assets = 5.7% (1H2014). A measurable share of domestic banking assets cannot exist without licensed Islamic banks.",,2026-08-16
TUR,Turkiye,National central bank,2017,2016-12-31,ib_regime,2,verified,high,"IFSB, IFSI Stability Report 2018, Chart 1.1.2, p.28: Islamic banking share of total domestic banking assets = 5.4% (1H2017). A measurable share of domestic banking assets cannot exist without licensed Islamic banks.",,2026-08-16
TUR,Turkiye,National central bank,2021,2020-12-31,ib_regime,2,verified,high,"IFSB, IFSI Stability Report 2022, Chart 1.2.1, p.25: Islamic banking share of total domestic banking assets = 6.0% (2021). A measurable share of domestic banking assets cannot exist without licensed Islamic banks.",,2026-08-16
UGA,Uganda,Bank of Uganda,2011,2010-12-31,ib_legal_framework,0.0,verified,high,"Financial Institutions (Amendment) Act 2016 (Act 2 of 2016), assented 19.01.2016, commenced 04.02.2016; FI (Islamic Banking) Regulations 2018 | dfcugroup.com/wp-content/uploads/2021/11/Financial-Institutions-Amendment-Act-2016.pdf ; archive.finance.go.ug",The 2016 Act introduces both Islamic financial institutions and the Islamic window,2026-08-16
UGA,Uganda,Bank of Uganda,2014,2013-12-31,ib_legal_framework,0.0,verified,high,"Financial Institutions (Amendment) Act 2016 (Act 2 of 2016), assented 19.01.2016, commenced 04.02.2016; FI (Islamic Banking) Regulations 2018 | dfcugroup.com/wp-content/uploads/2021/11/Financial-Institutions-Amendment-Act-2016.pdf ; archive.finance.go.ug",The 2016 Act introduces both Islamic financial institutions and the Islamic window,2026-08-16
UGA,Uganda,Bank of Uganda,2017,2016-12-31,ib_legal_framework,1.0,verified,high,"Financial Institutions (Amendment) Act 2016 (Act 2 of 2016), assented 19.01.2016, commenced 04.02.2016; FI (Islamic Banking) Regulations 2018 | dfcugroup.com/wp-content/uploads/2021/11/Financial-Institutions-Amendment-Act-2016.pdf ; archive.finance.go.ug",The 2016 Act introduces both Islamic financial institutions and the Islamic window,2026-08-16
UGA,Uganda,Bank of Uganda,2021,2020-12-31,ib_legal_framework,1.0,verified,high,"Financial Institutions (Amendment) Act 2016 (Act 2 of 2016), assented 19.01.2016, commenced 04.02.2016; FI (Islamic Banking) Regulations 2018 | dfcugroup.com/wp-content/uploads/2021/11/Financial-Institutions-Amendment-Act-2016.pdf ; archive.finance.go.ug",The 2016 Act introduces both Islamic financial institutions and the Islamic window,2026-08-16
UGA,Uganda,Bank of Uganda,2011,2010-12-31,ib_regime,0.0,verified,high,First Islamic banking licence issued 08.09.2023 to Salaam Bank Ltd | centralbanking.com ; observer.ug ; allafrica.com,Implementation blocked until the 2023 amendment removed the Central Shariah Advisory Council requirement. 7-year gap between framework and regime,2026-08-16
UGA,Uganda,Bank of Uganda,2014,2013-12-31,ib_regime,0.0,verified,high,First Islamic banking licence issued 08.09.2023 to Salaam Bank Ltd | centralbanking.com ; observer.ug ; allafrica.com,Implementation blocked until the 2023 amendment removed the Central Shariah Advisory Council requirement. 7-year gap between framework and regime,2026-08-16
UGA,Uganda,Bank of Uganda,2017,2016-12-31,ib_regime,0.0,verified,high,First Islamic banking licence issued 08.09.2023 to Salaam Bank Ltd | centralbanking.com ; observer.ug ; allafrica.com,Implementation blocked until the 2023 amendment removed the Central Shariah Advisory Council requirement. 7-year gap between framework and regime,2026-08-16
UGA,Uganda,Bank of Uganda,2021,2020-12-31,ib_regime,0.0,verified,high,First Islamic banking licence issued 08.09.2023 to Salaam Bank Ltd | centralbanking.com ; observer.ug ; allafrica.com,Implementation blocked until the 2023 amendment removed the Central Shariah Advisory Council requirement. 7-year gap between framework and regime,2026-08-16
UZB,Uzbekistan,CBU,2011,2010-12-31,ib_legal_framework,0.0,verified,high,"Law No. ZRU-1126 of 27.03.2026, in force 29.06.2026 | kpmg.com/us/en/taxnewsflash/news/2026/05/uzbekistan-law-introducing-islamic-banking-enacted.html ; kinstellar.com",Post-dates every as_of_date,2026-08-16
UZB,Uzbekistan,CBU,2014,2013-12-31,ib_legal_framework,0.0,verified,high,"Law No. ZRU-1126 of 27.03.2026, in force 29.06.2026 | kpmg.com/us/en/taxnewsflash/news/2026/05/uzbekistan-law-introducing-islamic-banking-enacted.html ; kinstellar.com",Post-dates every as_of_date,2026-08-16
UZB,Uzbekistan,CBU,2017,2016-12-31,ib_legal_framework,0.0,verified,high,"Law No. ZRU-1126 of 27.03.2026, in force 29.06.2026 | kpmg.com/us/en/taxnewsflash/news/2026/05/uzbekistan-law-introducing-islamic-banking-enacted.html ; kinstellar.com",Post-dates every as_of_date,2026-08-16
UZB,Uzbekistan,CBU,2021,2020-12-31,ib_legal_framework,0.0,verified,high,"Law No. ZRU-1126 of 27.03.2026, in force 29.06.2026 | kpmg.com/us/en/taxnewsflash/news/2026/05/uzbekistan-law-introducing-islamic-banking-enacted.html ; kinstellar.com",Post-dates every as_of_date,2026-08-16
UZB,Uzbekistan,CBU,2011,2010-12-31,ib_regime,0.0,verified,high,The 2026 law itself creates the separate Islamic banking licence | kinstellar.com ; uzdaily.uz,No such licence could exist before the law,2026-08-16
UZB,Uzbekistan,CBU,2014,2013-12-31,ib_regime,0.0,verified,high,The 2026 law itself creates the separate Islamic banking licence | kinstellar.com ; uzdaily.uz,No such licence could exist before the law,2026-08-16
UZB,Uzbekistan,CBU,2017,2016-12-31,ib_regime,0.0,verified,high,The 2026 law itself creates the separate Islamic banking licence | kinstellar.com ; uzdaily.uz,No such licence could exist before the law,2026-08-16
UZB,Uzbekistan,CBU,2021,2020-12-31,ib_regime,0.0,verified,high,The 2026 law itself creates the separate Islamic banking licence | kinstellar.com ; uzdaily.uz,No such licence could exist before the law,2026-08-16
