"iso3","round","economy_label","regionwb_raw","is_oic","pop_adult","n_total","n_unbanked_fin","n_asked","n_religion_dk_ref","relig_A_p","relig_A_n","relig_A_se","relig_A_deff","relig_B_p","relig_B_n","relig_B_se","relig_B_deff","relig_all_p","relig_all_n","relig_all_se","unbanked_fin_share","unbanked_fin_se","unbanked_answered_share","far_A_p","expensive_A_p","documentation_A_p","trust_A_p","money_A_p","family_A_p","no_need_A_p","account_fin_p","account_mob_p","anydigpayment_p","mobileowner_p","internet_access_p","internet_use_p","female_p","in_balanced_oic_frame","decomposition_check"
"AFG",2011,"Afghanistan","South Asia",1,15112214,1000,859,859,98,0.369780639854604,761,0.0219842994803472,1.57824350194254,0.369780639854604,761,0.0219842994803472,1.57824350194254,0.331555802082698,902,0.020001852110015,0.909949879265936,0.0114396051880599,0.896628342178931,0.4693423310932,0.475300774910323,0.37016337811689,0.367071846372919,0.402307805254355,0.132179979733874,,0.0900501207340641,,,,,,0.500846271411983,1,0.331555802082698
"AFG",2014,"Afghanistan","South Asia",1,16307350,1000,890,890,51,0.243907996643067,839,0.0172775603545229,1.35808237903299,0.243907996643067,839,0.0172775603545229,1.35808237903299,0.218370177653859,949,0.0156848327141708,0.900389988114011,0.0110443269580559,0.8952973279241,0.369784373117906,0.398944184044671,0.334365384005594,0.325991806189063,0.739909761934977,0.214745432056873,0.381727172768897,0.0996100118859884,0.00304403806148431,,,,,0.486430722117795,1,0.218370177653859
"AFG",2017,"Afghanistan","South Asia",1,19456060,1000,847,847,20,0.167627715141087,827,0.0157304984105182,1.46665186648184,0.167627715141087,827,0.0157304984105182,1.46665186648184,0.142744503275949,980,0.013535264398819,0.854529160911065,0.01351091071887,0.851556696073833,0.360227414319871,0.265028364666763,0.248987143334956,0.241126211852385,0.842623667674388,0.16388413535386,0.324028311766982,0.145470839088935,0.00913816131730575,0.000562696496983085,0.60011932877048,,,0.497091366789133,1,0.142744503275949
"AFG",2021,"Afghanistan","South Asia",1,22647496,1002,884,936,32,0.169600845293692,852,0.0163023967403427,1.60778362083047,0.167547063168716,904,0.0157297196824814,1.60366587312311,0.152799141355446,970,0.0146466394397806,0.90346178155657,0.0118132512481596,0.900933843170704,0.413140664592819,0.322478587706903,0.392028203034954,0.423422283689906,0.944567696546788,0.151880495992181,0.474817117750596,0.0965382184434304,0,0.0788157599978411,0.679255015325189,0.161937662104614,,0.508655791732045,1,0.152799141355446
"AGO",2011,"Angola","Sub-Saharan Africa",0,10551734,1000,585,582,67,0.126067083847124,513,0.0181490982414336,1.53372559095262,0.127393037406468,515,0.0181848745625525,1.53201663833591,0.0721257526870999,921,0.0105398830353004,0.600495013906999,0.0191003751655696,0.572122004301803,0.203067432510146,0.345140312893966,0.416187392560142,0.246752434594975,0.543100291210874,0.16681555604616,,0.39498579457394,,,,,,0.502017900921947,0,0.0721257526870999
"AGO",2014,"Angola","Sub-Saharan Africa",0,11272417,1000,683,709,53,0.0445257058456277,630,0.00922502587421037,1.26021868658391,0.043741822650537,656,0.00894738973470815,1.25552253423003,0.0307178779283808,947,0.00629033676190522,0.706818786952635,0.0161606903982414,0.689890869667082,0.446804378958398,0.248952227017991,0.461406407062464,0.133388748689024,0.641425362132775,0.105882724739037,0.226590706354484,0.293181213047365,,,,,,0.493751497273404,0,0.0307178779283808
"ALB",2011,"Albania","Europe & Central Asia",1,2204736.5,1006,638,634,9,0.0745908947358787,625,0.0128765112269618,1.50126325214834,0.0745908947358787,625,0.0128765112269618,1.50126325214834,0.0532391077384951,991,0.00895872776882537,0.715147653850786,0.0178693876458066,0.713748077791682,0.11232553443912,0.13969201608693,0.143610289452248,0.122084622814336,0.490091488869218,0.167546889979589,,0.283296309304664,,,,,,0.490949829,1,0.0532391077384951
"ALB",2014,"Albania","Europe & Central Asia",1,2201445.75,999,617,659,7,0.0554717524171243,610,0.0104049178218442,1.260434573661,0.0559987732796878,652,0.0101158626891782,1.26212501684614,0.0342938504428635,992,0.00648143941665515,0.620136476514106,0.0172294331342509,0.618221868762828,0.193610832184961,0.492620500615145,0.141246413029307,0.166266792885333,0.807259120363557,0.174791390865387,0.266145527939018,0.379863523485894,,,,,,0.50791112453242,1,0.0342938504428635
"ALB",2017,"Albania","Europe & Central Asia (excluding high income)",1,2366387,1000,586,640,11,0.0538826182844797,575,0.0107952188931894,1.31442871538538,0.0641853112427015,629,0.0112060845590862,1.31502172213446,0.0324624002644628,989,0.00641861618415596,0.606824954430157,0.0176030223277982,0.602465160343058,0.260423328009144,0.410786073272075,0.198167347343218,0.163002058996067,0.784663720920662,0.224822536219422,0.30215568520539,0.393175045569843,0.0237776202304095,0.0239134985004857,0.860100830602808,,,0.514734084384054,1,0.0324624002644628
"ALB",2021,"Albania","Europe & Central Asia (excluding high income)",1,2348633.75,1000,571,625,3,0.0097477231449681,568,0.0054098945455202,1.72217348838101,0.00977125405414106,622,0.00518553730793522,1.7285903187759,0.00542658048038725,997,0.00299086568973724,0.558258257125835,0.0201771654989685,0.556702360098165,0.167390575763844,0.312305209754056,0.0947799531635712,0.157599691164,0.746165401683414,0.210437304185941,0.520846971773989,0.441741742874165,,0.345528841437981,0.906096219150938,0.781314985103843,,0.51242741300099,1,0.00542658048038725
"ALB",2024,"Albania","Europe & Central Asia (excluding high income)",1,2278004,1000,588,588,588,,0,,,,0,,,0,412,0,0.53930749372958,0.0179742299440962,0,0.154880389925423,0.422283352922088,0.0612310365765189,0.211365157428132,0.80648258124838,0.334408698196943,,0.46069250627042,,0.353089968468564,,,0.828401698549119,0.522751484504707,1,
"ARE",2011,"United Arab Emirates","High Income",1,7676518.5,1024,380,376,26,0.0314042727839783,350,0.0108434294239823,1.35291361920393,0.0314042727839783,350,0.0108434294239823,1.35291361920393,0.0120863949601499,994,0.0041024105850818,0.402676297232515,0.0181066300797832,0.384864666132823,0.0207388831536074,0.123355067400568,0.144281099157968,0.0397282894649204,0.478760494722547,0.514540841590754,,0.597323702767485,,,,,,0.419322450409302,1,0.0120863949601499
"ARE",2014,"United Arab Emirates",,1,7916773,1002,168,200,11,0.0876787223139412,158,0.0271505910403851,1.45604114317719,0.146622159754991,189,0.0308443265850548,1.43704846853247,0.0137621080592154,991,0.00433419438068732,0.167956838180082,0.0138337361845512,0.156960636469347,0.0931615645383639,0.230818751703666,0.193801619178736,0.0760875913220894,0.59611817580571,0.694542338638769,0.487880194590731,0.832043161819918,0.11490987399191,,,,,0.279743242866701,1,0.0137621080592154
"ARE",2017,"United Arab Emirates","High income: nonOECD",1,7982274,1003,107,134,0,0.0802627943106519,107,0.028618426296419,1.18712716840781,0.0636085389940828,134,0.0228388566878473,1.17349340136919,0.0101204525159851,1003,0.00348137454961048,0.126091454987407,0.0115461030627645,0.126091454987407,0.159729757645462,0.312663033864745,0.262953356695378,0.0845179787462105,0.471884188832492,0.552635469947156,0.4142884910851,0.873908545012593,0.213317965807921,,1,,,0.274478455458299,1,0.0101204525159851
"ARE",2021,"United Arab Emirates","High income",1,8425228,1000,155,181,11,0.169647062771581,145,0.0370455353751277,1.41263734171816,0.144024243142713,170,0.0314278078782537,1.36200917839264,0.0245435911036781,989,0.00584254981621535,0.154392740053519,0.0135501810650209,0.144674424081981,0.223817588213722,0.346340144587937,0.234862249327326,0.270553019121945,0.286910241476675,0.465771166662272,0.357713098646348,0.845607259946481,0.132578891939491,0.766119280152843,1,0.756153883278964,,0.269823280164261,1,0.0245435911036781
"ARG",2011,"Argentina","Latin America & Caribbean",0,30694550,1000,601,567,11,0.00524198625498129,556,0.00363529103513237,1.40909358627996,0.00524198625498129,556,0.00363529103513237,1.40909358627996,0.00342458064047216,954,0.00228791982216016,0.66839751728137,0.0179798366604277,0.65329828692662,0.04767590303934,0.376482928444849,0.204726715426972,0.275031265609158,0.632839215433063,0.128818391763851,,0.331401694047097,,,,,,0.530782272394391,0,0.00342458064047216
"ARG",2014,"Argentina","Latin America & Caribbean",0,31402182,1000,449,478,7,0.0195680464564728,442,0.00770020173128516,1.36603412198007,0.0181634317468102,471,0.00719296152798558,1.36646739170414,0.00967804949474861,993,0.00367845117956471,0.498027055083936,0.0187480262216613,0.494584347818085,0.0218398072372671,0.209676108226513,0.266102519844661,0.191058913358452,0.442001571116,0.190732944286539,0.366007404301936,0.501972944916064,0.00432319586807002,,,,,0.529879937459062,0,0.00967804949474861
"ARG",2017,"Argentina","Latin America & Caribbean (excluding high income)",0,32859854,1000,474,529,9,0.0292334536616128,465,0.00907631533459487,1.34982409719054,0.0284840985263317,520,0.00846258629699339,1.34572763769484,0.0150967172632217,991,0.00453435392453549,0.520833071125415,0.0184953652928699,0.516419217447631,0.11300942936623,0.437509077088995,0.30599186852016,0.269645831994678,0.592719768117025,0.238473918414642,0.394046975765929,0.479166928874585,0.0241616738334285,0.0812351927404656,0.816805273374133,,,0.522529541606575,0,0.0150967172632217
"ARG",2021,"Argentina","Latin America & Caribbean (excluding high income)",0,34288808,1003,214,258,2,0.00792195142201173,213,0.00846394642486033,1.94154472654515,0.0158575929485457,256,0.0109172462346687,1.95510895568741,0.00264027367897993,1001,0.00256697753627909,0.336745604937245,0.0236430389211871,0.333285769923271,0.162238319720618,0.511450073701441,0.22391170051258,0.340364170264611,0.707358971976552,0.248781746614002,0.450894193958186,0.663254395062755,0.350841379354412,0.650202140261449,0.921369764071786,0.85439543649525,,0.492725969746111,0,0.00264027367897993
"ARG",2024,"Argentina","Latin America & Caribbean (excluding high income)",0,35433130,1000,229,229,229,,0,,,,0,,,0,771,0,0.27101005329236,0.0166729912958612,0,0.279044404268186,0.571209830469124,0.220967854527866,0.247622368246328,0.40550344178389,0.490420985177353,,0.72898994670764,0.567395436775823,0.722127352742009,,,0.881292738401423,0.528171595334149,0,
"ARM",2011,"Armenia","Europe & Central Asia",0,2359036,1000,814,804,18,0.00351068952349234,786,0.00238445349086272,1.27742434966455,0.00351068952349234,786,0.00238445349086272,1.27742434966455,0.00288040484525573,972,0.00194103010409059,0.825131272597866,0.0135692579361294,0.820466984044315,0.0851187562576057,0.249232635595857,0.17531407536703,0.250320557270418,0.75352448074065,0.0527912979306219,,0.174868727402134,,,,,,0.538109272219718,0,0.00288040484525573
"ARM",2014,"Armenia","Europe & Central Asia",0,2373847,1000,806,823,10,0.00612055943592271,796,0.00328695089513036,1.41375669090045,0.00598839694276123,813,0.0032182235411682,1.41455854466717,0.00505249954967771,990,0.00267683150390599,0.827600361234748,0.014193685381056,0.825496362313492,0.0576523017403735,0.297987245422451,0.258935646800919,0.216871269017066,0.739293575216749,0.0645646469456518,0.43418231099912,0.172399638765252,0.00657837438510916,,,,,0.541289325625296,0,0.00505249954967771
"ARM",2017,"Armenia","Europe & Central Asia (excluding high income)",0,2342187,1000,537,664,27,0.00492510161955359,520,0.00347380852376604,1.28039547288214,0.0143463466391038,637,0.00534497123754116,1.28695843670521,0.00267845113952382,973,0.00187575027947891,0.54671181167352,0.0178157430377101,0.543836725904266,0.12950490304475,0.258049360174391,0.0681769652733421,0.187661847021009,0.559420935637965,0.181473123167296,0.347031734824826,0.45328818832648,0.0975530704396967,0.0306582990592063,0.896692514214664,,,0.538390680958869,0,0.00267845113952382
"ARM",2021,"Armenia","Europe & Central Asia (excluding high income)",0,2345922.75,1000,465,588,7,0.00627960889688076,461,0.00467459365402254,1.61432829167487,0.00937204637383213,581,0.00507520276050272,1.61189934864593,0.00299136300913663,993,0.00218581253480121,0.477530627282057,0.019926028735702,0.476361355979114,0.139250349603659,0.303390168215529,0.12774283530479,0.190498099438274,0.450840503780297,0.307755322107318,0.37719980937698,0.522469372717943,0.167427430860951,0.474708687571894,0.939180279383688,0.817861949724936,,0.55996126828914,0,0.00299136300913663
"ARM",2024,"Armenia","Europe & Central Asia (excluding high income)",0,2406318,1000,318,318,318,,0,,,,0,,,0,682,0,0.294667292796848,0.0170587940753653,0,0.127870671111814,0.244781084021945,0.120562761912328,0.237042509634596,0.320533303269364,0.512677524679032,,0.705332707203152,0.173602692204797,0.605803804426707,,,0.875233130922058,0.553302768023254,0,
"AUS",2011,"Australia","High Income",0,18113282,1010,4,8,5,0,3,0,1.20259066310714,0,3,0,1.20259066310714,0,1004,0,0.00517429310463296,0.002769897576256,0.00340947705864224,0,0,0,0,0.761374881566189,0.545119420764986,,0.99480400196548,,,,,,0.528574379877517,0,0
"AUS",2014,"Australia","High Income: OECD",0,18718950,1002,4,8,0,0,4,0,1.04796186442677,0,8,0,1.28224997507773,0,1002,0,0.0114043363969576,0.00435228548956901,0.0114043363969576,0,0,0,0,0.56322042419633,0.43677957580367,0.281610212098165,0.988595663603042,,,,,,0.516845121546562,0,0
"AUS",2017,"Australia","High income: OECD",0,19567536,1008,5,8,1,0,5,0,1.70610260712933,0,7,0,1.65788612253916,0,1007,0,0.00480626891150453,0.00322702213564261,0.0048093098933713,0,0.592116293548843,0.0892448932257616,0,0,0.14381891758388,0.316690664183494,0.995193731088496,,,0.904639931226063,,,0.508256634429283,0,0
"AUS",2021,"Australia","High income",0,20731388,1000,4,6,0,0.387828306619363,4,0.272363320322401,1.24981140406724,0.301068267801145,6,0.212268079746853,1.28475669786082,0.00262501657989465,1000,0.00208197073073265,0.00676850177022017,0.00333619075246544,0.00676850177022017,0.707398944793802,0.387828306619363,0,0.238790997556655,0.373380695823982,0.626619304176018,0.292601055206198,0.99323149822978,,0.98949552622401,0.954586117056272,0.941477497463961,,0.518813967498714,0,0.00262501657989465
"AUS",2024,"Australia","High income",0,21852264,1000,16,0,0,,0,,,,0,,,0,984,0,0.0198962217099006,0.00517111651193433,0,,,,,,,,0.980103778290099,,,,,0.923078743676891,0.50537430405367,0,
"AUT",2011,"Austria","High Income",0,7178251,1004,9,22,13,0,9,0,2.62561048094789,0,9,0,2.62561048094789,0,991,0,0.0126490720738845,0.00511813617668253,0.0128617218666639,0,0.083095770829932,0.021767647555087,0.0655060111609137,0.460876651428296,0.301675791454383,,0.987138278133336,,,,,,0.558162395321699,0,0
"AUT",2014,"Austria","High Income: OECD",0,7246193.5,1000,27,39,1,0,26,0,1.17938803845241,0,38,0,1.18440240423102,0,999,0,0.0326594242920712,0.00660798850092994,0.0311490421374316,0,0.168096969282173,0.0374158190385027,0.0180210447914936,0.295363895579305,0.476061506461369,0.333446483852723,0.967340575707929,,,,,,0.514832236304763,0,0
"AUT",2017,"Austria","High income: OECD",0,7514308,1000,16,29,1,0.0670368131173532,15,0.0739381795805726,1.31114553028117,0.0373382803888321,28,0.0399206159347369,1.2414364227054,0.00111019043522429,999,0.00119687091801434,0.0183633573119528,0.00482292514468857,0.016560907113541,0,0.466595044518536,0.206669599704694,0.0545252386123522,0.412050569175608,0.771967257785856,0.28513881218458,0.981636642688047,,,0.942577453407873,,,0.518816624061254,0,0.00111019043522429
"AUT",2021,"Austria","High income",0,7632041.5,1000,1,4,0,1,1,0,1,0.115690082029551,4,0.191217388383051,1.42959865596263,0.000492825138072173,1000,0.000899956102822795,0.000492825138072173,0.000899956102822795,0.000492825138072173,1,1,0,,,0,0,0.999507174861928,,0.993001499882384,0.938111961004537,0.914587092688336,,0.513639399126915,0,0.000492825138072173
"AUT",2024,"Austria","High income",0,7825678,1000,3,0,0,,0,,,,0,,,0,997,0,0.00491502535958944,0.00291301454694314,0,,,,,,,,0.995084974640411,,,,,0.93774666744161,0.506319376686571,0,
"AZE",2011,"Azerbaijan","Europe & Central Asia",1,7117584.5,1000,812,794,69,0.0597160421921652,725,0.00981013399262847,1.24261857772439,0.0597160421921652,725,0.00981013399262847,1.24261857772439,0.0499913165020446,912,0.00813567473679164,0.850540251847704,0.012718295698189,0.837150532199931,0.0604773677126688,0.209245022319627,0.237219585567811,0.236346151702497,0.718899377103465,0.0671409438539584,,0.149075773212164,,,,,,0.527195259650986,1,0.0499913165020446
"AZE",2014,"Azerbaijan","Europe & Central Asia",1,7324987,1000,647,647,45,0.065040439253603,602,0.0111054795179059,1.22094142650242,0.065040439253603,602,0.0111054795179059,1.22094142650242,0.0449703237572249,955,0.00751540073367678,0.708485068842791,0.016091469518228,0.691420972448826,0.0913877163136553,0.232157654606386,0.30698686932525,0.2656663199174,0.681098658008858,0.11607843869537,0.548062683517709,0.291514931157209,,,,,,0.51545092243397,1,0.044970323757225
"AZE",2017,"Azerbaijan","Europe & Central Asia (excluding high income)",1,7500482,1000,607,658,6,0.0542991805215603,602,0.0105035651356758,1.29337039714724,0.0560380935347978,652,0.0103219616988576,1.31321024336488,0.0387379857186833,994,0.0072704266581181,0.714287954672615,0.0169585159606411,0.713417501822183,0.171701493949209,0.530791939568444,0.466339915399581,0.455364723849433,0.711009792429794,0.229283840721247,0.50423500385503,0.285712045327385,,0.0168587175506684,0.817328140336154,,,0.503877177599071,1,0.0387379857186833
"AZE",2021,"Azerbaijan","Europe & Central Asia (excluding high income)",1,7732693,1008,494,541,36,0.131214729414085,461,0.0193464550570066,1.5135915152586,0.128850092438877,505,0.0184430869344702,1.53031549457538,0.0684463285748158,972,0.0103420854187445,0.537413457721041,0.020074079403046,0.521636015106309,0.296291656916558,0.534116816931109,0.20807145407876,0.311002034056478,0.755611206115362,0.302105832283875,0.296664118845152,0.462586542278959,,0.425469316663984,0.849745408240278,0.658658647633294,,0.529015813685419,1,0.0684463285748158
"AZE",2024,"Azerbaijan","Europe & Central Asia (excluding high income)",1,7885113,1000,392,392,392,,0,,,,0,,,0,608,0,0.436953344426043,0.0173697190659947,0,0.220055487480229,0.285451155406147,0.196418634069421,0.284847308337152,0.630911398166822,0.628866240545487,,0.563046655573957,,0.515916421610172,,,0.863523885554865,0.513640779350428,1,
"BDI",2011,"Burundi","Sub-Saharan Africa",0,5341412,1000,897,893,0,0.0184793257085834,893,0.00515776085873852,1.30974964977345,0.0184793257085834,893,0.00515776085873852,1.30974964977345,0.0171392747081443,996,0.00474603308129407,0.927620153906317,0.00946053758380311,0.927483771779799,0.153177112132059,0.392330915827823,0.0877767375241816,0.0728591013609155,0.874526159785906,0.0103360491104565,,0.0723798460936825,,,,,,0.513486363724481,0,0.0171392747081443
"BDI",2014,"Burundi","Sub-Saharan Africa",0,5633715,1000,884,896,0,0.0176627957785616,884,0.00513889596252514,1.34546336133622,0.0174613846847196,896,0.00507446566131036,1.34480816610542,0.0164363864911125,1000,0.00472328624069588,0.930565392771076,0.00944281119829025,0.930565392771076,0.159486724486739,0.404566365106034,0.0474110925984983,0.0574574759214901,0.78526267527736,0.00834806969139868,0.133271479833502,0.0694346072289239,0.00746384649432944,,,,,0.506421769844906,0,0.0164363864911125
"BEL",2011,"Belgium","High Income",0,9190469,1002,17,26,13,0,13,0,1.77643783277638,0,13,0,1.77643783277638,0,987,0,0.0199963688972918,0.00614764842797436,0.0166996743904244,0,0.0602822620626745,0.105156502880181,0.0132514345072698,0,0.718683362166226,,0.979659006731368,,,,,,0.534825965129574,0,0
"BEL",2014,"Belgium","High Income: OECD",0,9293588,1004,8,12,0,0,8,0,1.196097899467,0.0705249949318981,12,0.0840968502632678,1.29467251200307,0,1004,0,0.0187424686679719,0.00542072203468386,0.0187424686679719,0,0.211175697495618,0,0.349668264173659,0.17483413208683,0.658804845888001,0.416819488987415,0.981257531332028,,,,,,0.509744647348311,0,0
"BEL",2017,"Belgium","High income: OECD",0,9415427,1001,8,15,0,0,8,0,1.29768639836292,0,15,0,1.26305511287965,0,1001,0,0.0136167739782735,0.00435926699891899,0.0136167739782735,0,0.347900234550395,0.112444061512049,0.226382610926736,0.112444061512049,0.781993118546471,0.263780455203459,0.986383226021727,,,0.944820209006333,,,0.51335463706821,0,0
"BEL",2021,"Belgium","High income",0,9587552,1012,7,13,0,0,7,0,1.15142456476083,0.304230431096924,13,0.141162934950435,1.22381741266686,0,1012,0,0.00994303159879588,0.00358799364677771,0.00994303159879588,0.214001672965472,0.631307081231751,0.667039760193393,0.132012963596864,0.634341227147147,0.585728004353856,0.41814726701245,0.990056968401204,,0.97414604049026,0.951281301378899,0.937019562539323,,0.509594130952294,0,0
"BEL",2024,"Belgium","High income",0,9867164,1002,16,0,0,,0,,,,0,,,0,986,0,0.0176309067792024,0.00481150508193351,0,,,,,,,,0.982369093220798,,,,,0.950414619150483,0.51214043474784,0,
"BEN",2011,"Benin","Sub-Saharan Africa",1,5556038,1000,859,852,7,0.0161955650453986,845,0.00497961493725112,1.31505328446337,0.0161955650453986,845,0.00497961493725112,1.31505328446337,0.0144651561628362,986,0.0043879251813641,0.895360629667264,0.011151428294358,0.893155386816583,0.233004446052467,0.277471388847767,0.369768001943868,0.244750818401723,0.912086484827105,0.047906736522969,,0.104639370332736,,,,,,0.511184704403251,1,0.0144651561628362
"BEN",2014,"Benin","Sub-Saharan Africa",1,5909110,1000,785,803,4,0.035820419190865,781,0.00808077425593285,1.47661878529672,0.037209463193363,799,0.00815933822895518,1.48481188204672,0.0300716075205332,996,0.00668321150764416,0.840200658229445,0.0143029964280125,0.839510206742699,0.277844407212595,0.206280197008534,0.292410519267969,0.0711254050303829,0.690126032194985,0.057656939597858,0.141385597121256,0.159799341770555,0.0202272709275182,,,,,0.509362482839086,1,0.0300716075205332
"BEN",2017,"Benin","Sub-Saharan Africa (excluding high income)",1,6211794,1000,643,663,18,0.0966767044640018,626,0.0143684415021079,1.47988719930707,0.1011176853074,645,0.0144767531897206,1.48720932471293,0.0653035997623534,982,0.00975504108063151,0.681154854355817,0.0182293838317692,0.675484338490971,0.354154902000812,0.342526499490715,0.430786826048337,0.190310514921824,0.717468177809668,0.112585789877694,0.177852221499852,0.318845145644183,0.180938375864279,0.0112130533522253,0.73311775372579,,,0.505755560399651,1,0.0653035997623534
"BEN",2021,"Benin","Sub-Saharan Africa (excluding high income)",1,7038174,1000,732,748,4,0.0881057833181277,728,0.0126095343133003,1.44072335640659,0.090193590246748,744,0.0126042473031094,1.44039664117497,0.0669870201551506,996,0.00967263703261382,0.762117444065897,0.016448946550561,0.760302191665187,0.27740320864341,0.212808946020649,0.444246304588037,0.164088262975464,0.777184707599303,0.101548899086099,0.155177587582668,0.237882555934103,0.366837174702481,0.436854440969685,0.723911106266079,0.289734662799898,,0.520400237011841,1,0.0669870201551506
"BEN",2024,"Benin","Sub-Saharan Africa (excluding high income)",1,8207504,1000,731,0,0,,0,,,,0,,,0,269,0,0.800938222077131,0.0174779604332829,0,,,,,,,,0.199061777922869,0.44872851941716,0.477471020213987,,,0.343432198648777,0.532340098322313,1,
"BFA",2011,"Burkina Faso","Sub-Saharan Africa",1,8662748,1000,790,790,4,0.0111512152504939,786,0.00443523786012659,1.40218169919903,0.0111512152504939,786,0.00443523786012659,1.40218169919903,0.00965742190431976,996,0.00376741809290523,0.866469079815863,0.0130773209138101,0.866042102800587,0.303935546266946,0.287077799077603,0.208278557349821,0.0864169549840378,0.899814919668912,0.0211104244590486,,0.133530920184137,,,,,,0.479817409238686,1,0.00965742190431976
"BFA",2014,"Burkina Faso","Sub-Saharan Africa",1,9222753,1000,780,803,20,0.0284062921415641,761,0.00720219314436347,1.43025983127059,0.0295586610054257,783,0.0072534425671957,1.43613765752927,0.0245189848866102,980,0.00606483269593837,0.865755141336005,0.0132046001439576,0.863153302951989,0.26629745387783,0.257485904362377,0.161369836938107,0.122894982071509,0.664612521892409,0.0250141647451355,0.200540237002463,0.134244858663995,0.0308096956837415,,,,,0.50210477724639,1,0.0245189848866102
"BFA",2017,"Burkina Faso","Sub-Saharan Africa (excluding high income)",1,10183266,1000,704,729,17,0.0145436611135559,688,0.00570661077825558,1.5632693358272,0.0151672806018036,712,0.00573984380488543,1.57039879005844,0.0110990900493014,983,0.00427276359808129,0.766594728153037,0.0171020966757522,0.763156536902258,0.272913306622348,0.248268455590162,0.185198678249269,0.131141861890851,0.725606924544671,0.0720471197626101,0.122481640005491,0.233405271846963,0.330227985441853,0.00333816461422262,0.712492293743183,,,0.483908474414235,1,0.0110990900493014
"BFA",2021,"Burkina Faso","Sub-Saharan Africa (excluding high income)",1,11628431,1000,717,750,14,0.0721785643242123,704,0.0115986171638781,1.41420525141807,0.0713638996246393,736,0.0113224307703794,1.42374766815773,0.0568452121416129,986,0.00906458568052354,0.78947356837268,0.0158211768760765,0.787563630197397,0.250730399518027,0.226325499639843,0.271668702638782,0.126568698237948,0.819366088370325,0.102480621133009,0.119593553737154,0.21052643162732,0.246651697561207,0.332947459067552,0.76132080474266,0.245321982668235,,0.534845920404416,1,0.0568452121416129
"BFA",2024,"Burkina Faso","Sub-Saharan Africa (excluding high income)",1,13262560,1000,750,0,0,,0,,,,0,,,0,250,0,0.794501084801469,0.0153500147707706,0,,,,,,,,0.205498915198531,0.441573641486017,0.484426646795631,,,0.313159542907364,0.529102583825781,1,
"BGD",2011,"Bangladesh","South Asia",1,105291832,1000,649,566,42,0.0455098094715729,524,0.0100421651438956,1.21649273160006,0.0455098094715729,524,0.0100421651438956,1.21649273160006,0.0290474027353404,875,0.0063020715619746,0.682563509077982,0.0163129899023266,0.638266849996031,0.131798148939761,0.318866319288949,0.101884199454165,0.0993360732877406,0.736591327318485,0.236205143764816,,0.317436490922018,,,,,,0.491845953162963,1,0.0290474027353404
"BGD",2014,"Bangladesh","South Asia",1,109618200,1000,653,660,31,0.044737309144154,622,0.00926296469592053,1.24881391030611,0.0443601815714797,629,0.00917506836663486,1.24905542871298,0.0313711102083278,969,0.00632521984915424,0.708578971130533,0.0162441453541964,0.701229260509227,0.228345401582438,0.342663973296323,0.10557175886569,0.0972209478523175,0.785971896806724,0.181570571876435,0.291474631004569,0.291421028869467,0.026917143225706,,,,,0.491077939856599,1,0.0313711102083278
"BGD",2017,"Bangladesh","South Asia",1,115857168,1000,582,636,14,0.0553348530767327,568,0.0109639950443853,1.30619898869224,0.0523883322997781,622,0.010213963485498,1.3071156472204,0.0322148840128048,986,0.0064965061088396,0.590273514739736,0.017984072360358,0.582180709292432,0.148886773722782,0.17801002234958,0.143889921454354,0.12084873355919,0.610600583793321,0.176491364554807,0.325863928126263,0.409726485260264,0.212459588612049,0.00308211987961397,0.740600805156268,,,0.505716114314302,1,0.0322148840128048
"BGD",2021,"Bangladesh","South Asia",1,120627496,1000,620,740,23,0.0844974107927192,597,0.0128271297152661,1.26978539082147,0.0931171877064905,717,0.0122463325259835,1.27335714337445,0.0520531967397139,977,0.00801091053916246,0.623138134635018,0.0172752198307612,0.616033038780391,0.323205526863139,0.478974219725299,0.290439258174165,0.207394040493873,0.781766177085104,0.226394494367869,0.28553747090886,0.376861865364982,0.290057917762865,0.452641568679425,0.789431454784358,0.269680523650312,,0.518216748025939,1,0.0520531967397139
"BGD",2024,"Bangladesh","South Asia",1,122837439,1000,712,712,712,,0,,,,0,,,0,288,0,0.67052106300096,0.0169078065053828,0,0.120607494361488,0.181281899172975,0.11164598835892,0.0899631481422213,0.816209808687114,0.181237298133581,,0.32947893699904,0.20768372550151,0.339475359910252,,,0.43578876106479,0.507167904992737,1,
"BGR",2011,"Bulgaria","Europe & Central Asia",0,6363315.5,1006,432,435,23,0.00128627483516718,409,0.00217136509751312,1.50111588910762,0.00128205370088553,412,0.00216177208864046,1.50372339259486,0.000586355981913126,981,0.000943013216551946,0.469133545029972,0.0191798819877289,0.455855907215129,0.109714514013286,0.135670697767523,0.127191025064916,0.269726180561487,0.872132221809613,0.212738703999919,,0.52963530555969,,,,,,0.527081964156778,0,0.000586355981913126
"BGR",2014,"Bulgaria","Europe & Central Asia",0,6270902,1000,355,365,26,0.0352172913527216,331,0.0126136160090068,1.54996447363304,0.0346114429861936,339,0.0123571496206411,1.54922485490254,0.0124382279029817,974,0.00420439093440638,0.370131722553653,0.0180978455081617,0.353185251483587,0.20183563845257,0.366983161298719,0.0644878110186817,0.30196020644607,0.750390211199922,0.241334367028082,0.659554501872818,0.629868277446347,,,,,,0.525682035205786,0,0.0124382279029817
"BGR",2017,"Bulgaria","Europe & Central Asia (excluding high income)",0,6123295.5,1000,256,284,7,0.00807992822175852,249,0.00746031354137633,1.72913669235624,0.0102331962377464,277,0.00795375387598098,1.73013454895449,0.00219643599566013,993,0.00181615017243413,0.277959706330281,0.0173031395869099,0.27183855293978,0.227234409755385,0.4402452440726,0.116460073966662,0.350458895226284,0.657200091402251,0.25229053473655,0.70074440677749,0.722040293669719,,0.0729325130954116,0.887907821868322,,,0.525131190324606,0,0.00219643599566013
"BGR",2021,"Bulgaria","Europe & Central Asia (excluding high income)",0,5910398.5,1005,93,133,2,0.16715391264685,91,0.0456632096034239,1.36299092457737,0.172027362142401,131,0.0388508579656468,1.38822227575661,0.0266662205263068,1003,0.00651728159805441,0.160334794943803,0.0148308845878974,0.15953093830741,0.344076958774518,0.593588722248115,0.205997817979533,0.462481097234565,0.598559007001471,0.219137752010106,0.515223930982381,0.839665205056197,,0.752259081771346,0.955297634521176,0.890070430944176,,0.513012022402331,0,0.0266662205263068
"BGR",2024,"Bulgaria","Europe & Central Asia (excluding high income)",0,5509377,1000,160,160,160,,0,,,,0,,,0,840,0,0.152756050228441,0.0128678243404655,0,0.450937595099361,0.561353308070863,0.0972278547708752,0.404449097556299,0.444693081500812,0.477642051958412,,0.847243949771558,,0.776017333145516,,,0.794311802385689,0.52697252552488,0,
"BHR",2011,"Bahrain","High Income",1,1036687,1010,313,317,22,0,295,0,1.31002150171467,0,295,0,1.31002150171467,0,988,0,0.351346693091168,0.01759858167291,0.337089252028932,0.0675233994953234,0.0558515320437765,0.020490789413437,0.0226459493818769,0.0523702093364493,0.814936556869618,,0.647416587283735,,,,,,0.478872340872817,0,0
"BHR",2014,"Bahrain",,1,1052550,1005,148,164,3,0.0504402472554029,146,0.0228417651428911,1.59042309634426,0.0468338108573696,161,0.0208543954226177,1.56853046317922,0.00896243679763479,1002,0.00397131967113382,0.180606561319725,0.0161832225417639,0.177684236008077,0.126566534395707,0.163527105029822,0.276265030568046,0.0883966736543439,0.53176287486791,0.691283144262073,0.464423362037849,0.819393438680275,,,,,,0.353386647901859,0,0.00896243679763479
"BHR",2017,"Bahrain","High income: nonOECD",1,1135982,1060,131,138,2,0.0593406888412576,130,0.0225343078730337,1.18262446011336,0.0570046203549946,136,0.0216421595931201,1.18500580113471,0.0102603995161177,1058,0.00371986017568615,0.173871498030605,0.0139732762597214,0.172906646627668,0.121891546949042,0.199009008453472,0.230071424249914,0.0815785846791343,0.573206645473212,0.445297838084951,0.350993975515454,0.826128501969394,,,0.9919213564016,,,0.339311269413363,0,0.0102603995161177
"BHR",2024,"Bahrain","High income",1,1277545,1015,140,0,0,,0,,,,0,,,0,875,0,0.176779478950555,0.0139561047211013,0,,,,,,,,0.823220521049445,,,,,0.974615589513861,0.343334283392224,0,
"BIH",2011,"Bosnia and Herzegovina","Europe & Central Asia",0,3190283,1009,396,396,25,0.0122643150588968,370,0.0083261134750169,2.11739718914333,0.0122603407901647,371,0.00832215981464594,2.12178306562145,0.00517824712249601,979,0.00333509644983949,0.433999714942173,0.0226189495830898,0.422220653793429,0.144572558969221,0.149685122640363,0.133479940292559,0.205544528504936,0.557059132147101,0.380183427469983,,0.564307969330847,,,,,,0.564700523355572,0,0.00517824712249601
"BIH",2014,"Bosnia and Herzegovina","Europe & Central Asia",0,3227661,1001,460,470,37,0.0104566926815358,425,0.00569605662795118,1.33262628838965,0.0102275550472662,433,0.00557853680162784,1.33113259088218,0.004783613673859,964,0.00254067226276212,0.473149700733359,0.0180515033480892,0.457469088893262,0.10856457451249,0.118346103626637,0.0636449772378049,0.0882703842123857,0.466452741883465,0.231734931958341,0.58936216806141,0.526850299266641,,,,,,0.521640052102483,0,0.004783613673859
"BIH",2017,"Bosnia and Herzegovina","Europe & Central Asia (excluding high income)",0,3016713,1000,361,383,21,0,340,0,1.26155087970774,0.0033456057542509,362,0.00340644857076962,1.25977473783728,0,979,0,0.411565013063495,0.0176025095597069,0.399133132870224,0.0804558693335126,0.0853835208558452,0.139190234154736,0.0975240699153849,0.547522922089783,0.335329759483787,0.639371041558094,0.588434986936505,,0.019379561467637,0.859511732796714,,,0.513702917665498,0,0
"BIH",2021,"Bosnia and Herzegovina","Europe & Central Asia (excluding high income)",0,2804359.5,1000,127,166,2,0.0277049245083761,127,0.0182862394844602,1.57651268692646,0.0364463561279069,164,0.018346532252247,1.57188877580001,0.00573303768495755,998,0.00321429117957331,0.206621062619243,0.0172187962509905,0.206932081089925,0.200865622712415,0.309222070128182,0.265419126359959,0.166739389149169,0.608607013799253,0.487178229601544,0.734879041186123,0.793378937380757,,0.665192405906672,0.951299100798528,0.919475207477256,,0.511000635433738,0,0.00573303768495755
"BIH",2024,"Bosnia and Herzegovina","Europe & Central Asia (excluding high income)",0,2764009,1000,183,183,183,,0,,,,0,,,0,817,0,0.225411077053088,0.0159463949682885,0,0.116451964428755,0.218512671247221,0.183363907951931,0.163872081758621,0.252051667484038,0.534579280274591,,0.774588922946912,,0.620701862210389,,,0.84792158824864,0.513135318698111,0,
"BLR",2011,"Belarus","Europe & Central Asia",0,8057132,1007,380,371,18,0.0313131567134867,353,0.0102093496128544,1.21299945324364,0.0313131567134867,353,0.0102093496128544,1.21299945324364,0.0124246444584262,980,0.00391823609675769,0.413980205286312,0.0171881593400473,0.396786710842057,0.208805458683421,0.173421163666458,0.138928838697728,0.309071311441019,0.689655227183347,0.259984144738421,,0.586019794713688,,,,,,0.547721805454775,0,0.0124246444584262
"BLR",2014,"Belarus","Europe & Central Asia",0,8017403.5,1036,259,419,8,0.00791394605720629,253,0.00630264513085938,1.28004076502972,0.00938125979174696,411,0.00529912301247053,1.24188711709023,0.00218428552878136,1028,0.00163362887120698,0.280150138533436,0.015650464464949,0.276004601622523,0.108505880000032,0.10327260028827,0.200683170412081,0.0938964522309403,0.284582736690088,0.251988318698719,0.744424822965133,0.719849861466564,,,,,,0.548871719766208,0,0.00218428552878136
"BLR",2017,"Belarus","Europe & Central Asia (excluding high income)",0,7942824.5,1053,159,213,9,0.0291775773701814,153,0.0162731530022411,1.43036152132109,0.0367955749748751,204,0.0158588575297701,1.44763775049348,0.00537398922948236,1044,0.00266459785352044,0.188441149537287,0.0142010048255829,0.184182160201361,0.292711226225405,0.159150622553429,0.166742941387708,0.29937027429938,0.569487252899674,0.498494245692028,0.736906786355467,0.811558850462713,,0.172788248633652,0.896893263603399,,,0.548796511095222,0,0.00537398922948236
"BLZ",2014,"Belize","Latin America & Caribbean",0,219521,504,245,268,4,0.0417160752554613,242,0.0143430926163336,1.24538412758285,0.0514870524559795,264,0.015200177310754,1.24899281910128,0.021540933679413,500,0.00727480136700503,0.517907502554873,0.0249274374434477,0.516370093483157,0.284071949933389,0.276913575106854,0.102966932340417,0.0936310218632723,0.482814809266127,0.228643324100022,0.186559838413781,0.482092497445127,,,,,,0.502888779144937,0,0.021540933679413
"BLZ",2024,"Belize","Latin America & Caribbean (excluding high income)",0,300138,509,164,164,164,,0,,,,0,,,0,345,0,0.326955422981275,0.025820938130518,0,0.378207384673644,0.499067653229215,0.407760927749507,0.363134620376525,0.314060531310624,0.709552668971423,,0.673044577018725,0.136663450906245,0.511585793892382,,,0.860345933829906,0.526397083667507,0,
"BOL",2011,"Bolivia","Latin America & Caribbean",0,6646321,1000,722,723,35,0.0241917180087482,688,0.00696847997252837,1.41525057298965,0.0241917180087482,688,0.00696847997252837,1.41525057298965,0.0171440256189806,965,0.00493826764881522,0.719175997031714,0.0168255414766268,0.708673340718547,0.357350035719102,0.435133426172838,0.151226131732046,0.361251355304701,0.536751022433595,0.150575842666872,,0.280440711542374,,,,,,0.514215046042573,0,0.0171440256189806
"BOL",2014,"Bolivia","Latin America & Caribbean",0,6951232,1000,621,650,3,0.0383851632242553,618,0.00957050338603846,1.53353428700164,0.0394772000760716,647,0.00947951178036934,1.53328257801522,0.0227397045508671,997,0.00573718940007069,0.592891797400087,0.0188890121026141,0.592408697548485,0.252961215675233,0.350157684185981,0.152129770680528,0.364016241336971,0.610012895648962,0.201659111467304,0.442358969587728,0.407108202599913,0.0277714354001718,,,,,0.513087065893919,0,0.0227397045508671
"BOL",2017,"Bolivia","Latin America & Caribbean (excluding high income)",0,7400247,1000,469,558,10,0.100271193158044,461,0.0166079230529522,1.40943082344429,0.0949115141504853,548,0.0149657821523046,1.42879346421243,0.0484560115748808,990,0.00818406279798236,0.487924963978633,0.0189522251782682,0.48324957596252,0.296847033133579,0.466971619044737,0.177935186626015,0.345747812882494,0.660267027433451,0.372932908224804,0.459975022605301,0.512075036021367,0.0711938978476356,0.0187596633765315,0.88101287658849,,,0.51198037026596,0,0.0484560115748808
"BOL",2021,"Bolivia","Latin America & Caribbean (excluding high income)",0,8147429.5,1000,256,352,4,0.229900546614709,252,0.0394407917273751,2.21413945230542,0.227555479241035,348,0.0331096544456042,2.17037084183978,0.072243071351863,996,0.0119633570869692,0.320350354670133,0.0215846053512927,0.314236187845761,0.479602164363469,0.550996933231703,0.312369775390698,0.45718505037843,0.700832740674546,0.458735684557427,0.504699928763403,0.679649645329867,0.129542214546544,0.554545929838326,1,0.822754226633994,,0.47951045824679,0,0.072243071351863
"BOL",2024,"Bolivia","Latin America & Caribbean (excluding high income)",0,8553476,1000,438,438,438,,0,,,,0,,,0,562,0,0.465119406942385,0.0187987313760401,0,0.521079096302071,0.581384284509893,0.297282518181855,0.422448999898057,0.416312290087794,0.535213727788473,,0.534880593057615,0.199779285324343,0.436361349253235,,,0.791202523168598,0.506977586277638,0,
"BRA",2011,"Brazil","Latin America & Caribbean",0,147630640,1042,446,436,15,0.00939807676425188,420,0.00523239493487734,1.23512857311495,0.00937467134017749,421,0.00521844396250707,1.23452152099736,0.00398676345964173,1014,0.00220027133663334,0.437464942672132,0.017064144511379,0.42421056559215,0.156252979186454,0.459802418113616,0.264159116353963,0.210885978117196,0.650098263303036,0.304249775488032,,0.56080850349568,,,,,,0.51958423936134,0,0.00398676345964173
"BRA",2014,"Brazil","Latin America & Caribbean",0,152105488,1007,302,362,2,0.00694978407388519,300,0.00542475985721436,1.27920388089293,0.0104701155861314,360,0.00603545566426901,1.26573339285112,0.0022062420373237,1005,0.00168685963636525,0.31876841481384,0.0167337239955121,0.317454760301686,0.0830121957378034,0.224553793023716,0.120580513967019,0.0740013631489251,0.63581958643882,0.402308481812845,0.278969685459033,0.68123158518616,0.00857745531143216,,,,,0.515576051944598,0,0.0022062420373237
"BRA",2017,"Brazil","Latin America & Caribbean (excluding high income)",0,161686272,1000,292,357,7,0.0528578313260303,286,0.0152938298796533,1.33620788351459,0.0510336182824977,350,0.0135931431024592,1.33536698312059,0.0156872459867979,993,0.00455717624978339,0.299560518522565,0.0167439863223537,0.29678186927568,0.32441595689041,0.534491746354797,0.183515853644074,0.267463446960613,0.58340346541805,0.523231581480417,0.383495733670239,0.700439481477435,0.0483653057547298,0.0907952302085117,0.853971481973798,,,0.525717523430885,0,0.0156872459867979
"BRA",2021,"Brazil","Latin America & Caribbean (excluding high income)",0,168540064,1002,103,149,3,0.131929381870514,100,0.0474533298547646,1.96624124173521,0.101066817874739,146,0.0349527796575825,1.96327117576241,0.0215975176190587,999,0.00710554205907147,0.164368111881092,0.018102047757448,0.16370513764899,0.336319604422787,0.687006621911768,0.307400988953453,0.251107379843425,0.634711670240519,0.430946869041066,0.349274047878695,0.835631888118908,0.269601254411359,0.765156576066863,0.846630319219187,0.789115993329801,,0.487277694135743,0,0.0215975176190587
"BRA",2024,"Brazil","Latin America & Caribbean (excluding high income)",0,169047814,1000,160,160,160,,0,,,,0,,,0,840,0,0.144272307891115,0.0129260644729733,0,0.469154693544045,0.758761967390253,0.327071343033245,0.295570312945917,0.39498315529673,0.660174189115243,,0.855727692108885,0.581666157171296,0.773629526226757,,,0.875488916324866,0.521430029782745,0,
"BTN",2014,"Bhutan","South Asia",0,542361,1020,570,578,1,0.00429234411446944,569,0.00316289192641677,1.33184778735083,0.00778913211578098,577,0.00422063111517921,1.3299568660917,0.00284381069059087,1019,0.00204756752464958,0.663340869872383,0.0181624628085452,0.662530918945762,0.269891845241462,0.020722548660429,0.0441084860597641,0.0148044488569452,0.251087741918923,0.302817555526256,0.122898232947054,0.336659130127617,,,,,,0.471007752889874,0,0.00284381069059087
"BWA",2011,"Botswana","Sub-Saharan Africa",0,1311232,1000,564,563,2,0.0454144581145339,561,0.0104331066461108,1.40857885891705,0.0454144581145339,561,0.0104331066461108,1.40857885891705,0.0315896876635008,997,0.00693125685119309,0.697399857149209,0.0181864446813728,0.695586581344482,0.362222899424228,0.371091815361977,0.465146792936082,0.192336879775473,0.895652104731825,0.0882810342127172,,0.302600142850791,,,,,,0.499978034013973,0,0.0315896876635008
"BWA",2014,"Botswana","Sub-Saharan Africa",0,1343782,1000,425,474,5,0.0535585894214524,421,0.0126607721750362,1.3313113025942,0.0628503589540965,469,0.0129336588803882,1.33198379747065,0.027100648186858,995,0.00606386921447788,0.507564156960939,0.0186174466137909,0.506000036214605,0.267576165025441,0.334509901700156,0.409390059126754,0.0913240657530714,0.667480474660892,0.0596002351152082,0.122556661567081,0.492435843039061,0.207515243647839,,,,,0.503268970350503,0,0.027100648186858
"BWA",2017,"Botswana","Sub-Saharan Africa (excluding high income)",0,1538662,1000,500,578,28,0.174160452060742,477,0.0210780439545292,1.47344446191126,0.188010372104903,550,0.0203096393183231,1.4860547846663,0.0947891478026443,972,0.0116613596311702,0.551716938652128,0.0195334000938432,0.544263331204405,0.142010608383377,0.187722967039539,0.156849421051331,0.0899666100260707,0.620357167807947,0.105243087712842,0.102546394767355,0.448283061347872,0.243783067001658,0.00755363638759517,0.835483971162722,,,0.549559037530519,0,0.0947891478026443
"BWA",2021,"Botswana","Sub-Saharan Africa (excluding high income)",0,1566094.625,1000,428,492,10,0.15394044802978,419,0.0226419397572203,1.64925422328454,0.166237838957165,482,0.0216824954484417,1.63490868159505,0.0766115781699652,990,0.0114001774901506,0.50120299715265,0.0212899222183073,0.497670229952459,0.210359494181133,0.25884434131038,0.332790750213065,0.109755571431576,0.783404564221237,0.109478672486805,0.156435461875228,0.49879700284735,0.365681328673822,0.517839134711175,0.884303872929896,0.504373359739142,,0.529919022246201,0,0.0766115781699652
"BWA",2024,"Botswana","Sub-Saharan Africa (excluding high income)",0,1679590,1000,464,0,0,,0,,,,0,,,0,536,0,0.583956436011644,0.0203388338891196,0,,,,,,,,0.416043563988356,0.51617815726863,0.569462223415921,,,0.472558284251949,0.546574022518961,0,
"CAF",2011,"Central African Republic","Sub-Saharan Africa",0,2645786,1000,958,956,6,0.0509744745552526,950,0.00792529707892697,1.23345711733108,0.0509744745552526,950,0.00792529707892697,1.23345711733108,0.0492814665387727,992,0.007646755947155,0.966991908657837,0.0062899992248618,0.966787141382993,0.461574908689023,0.383504272918321,0.416264446840724,0.140835174409764,0.8621421409334,0.0458625130771855,,0.0330080913421627,,,,,,0.506081954809092,0,0.0492814665387727
"CAF",2017,"Central African Republic","Sub-Saharan Africa (excluding high income)",0,2595884,1000,834,867,56,0.0502665344648904,781,0.00972515416947084,1.54726013952676,0.0563483849036861,811,0.0100965810995982,1.55480658115797,0.0430517691616477,944,0.00827944336655302,0.86254053573463,0.0136055610214453,0.856469808789345,0.408204542744994,0.44563961438253,0.437611039150819,0.250860104829318,0.682089980596476,0.0840061432962075,0.139247857347326,0.13745946426537,,0.00468261308437884,0.396905043944859,,,0.518423805204481,0,0.0430517691616477
"CAN",2011,"Canada","High Income",0,28714180,1013,23,24,6,0,18,0,1.28804920524143,0,18,0,1.28804920524143,0,1004,0,0.0371463670432755,0.00765173680281583,0.0329407134146808,0.243859093366161,0.358126244706447,0.0107701361378113,0.13200934253491,0.189285821069556,0.56275786830497,,0.962674200056529,,,,,,0.517055117269208,0,0
"CAN",2014,"Canada","High Income: OECD",0,29377302,1004,7,10,2,0.122121390521838,5,0.16732915189247,1.30583112581753,0.0877455590656082,8,0.116160297602934,1.34854141132297,0.00100628982613313,1002,0.00124897454884717,0.00896671966040749,0.00371100485447794,0.00824007835018206,0.38635032266214,0.37167443152181,0.122121390521838,0.249553040999971,0.931133818232725,0.508471713183979,0.931133818232725,0.991033280339593,,,,,,0.518018212235825,0,0.00100628982613313
"CAN",2017,"Canada","High income: OECD",0,30491168,1003,5,7,1,0,4,0,1.22725274882401,0,6,0,1.14718085866799,0,1002,0,0.00273119810117522,0.00207050597646649,0.00240132988971221,0,0.179040592041291,0,0.326445435660343,0,0,0.326445435660343,0.997268801898825,,,0.855836974986368,,,0.516615157420871,0,0
"CAN",2021,"Canada","High income",0,32009816,1007,2,5,1,0,1,0,1,0,4,0,1.38053345691732,0,1006,0,0.0036538499330542,0.002239699242979,0.00251387058619866,0,0,0,0,0,1,0,0.996346150066946,,0.983481469545198,0.88362668853518,0.944938095213932,,0.507839585079225,0,0
"CAN",2024,"Canada","High income",0,33960981,1024,18,0,0,,0,,,,0,,,0,1006,0,0.0159528739367385,0.00453755889928702,0,,,,,,,,0.984047126063262,,,,,0.950546503747391,0.50095023432839,0,
"CHE",2014,"Switzerland","High Income: OECD",0,6887511,1008,11,15,2,0,10,0,1.30280290535314,0,13,0,1.39822722545048,0,1006,0,0.0201435511364949,0.0054203815348176,0.0187645830094118,0.199222736351498,0.122256355327441,0.331893911172643,0.105980000218336,0.0338071038750733,0.37086560766842,0.348392405097474,0.979856448863505,,,,,,0.516336619259337,0,0
"CHE",2017,"Switzerland","High income: OECD",0,7130804.5,1000,12,27,4,0,11,0,1.48395014249409,0.153023845404441,23,0.0899317651941233,1.43523751245949,0,996,0,0.015703335143882,0.00465057032856045,0.0133111518769413,0.0729120498942213,0.35154028112015,0.384907794613326,0.368972344901826,0.326084637788581,0.420132838010908,0.333074116090639,0.984296664856118,,,0.90035941782488,,,0.511871725143276,0,0
"CHE",2021,"Switzerland","High income",0,7344934.5,1000,4,17,0,0,4,0,1.26710829368813,0.109180137067192,17,0.0980480406950569,1.68032478434693,0,1000,0,0.00508968884864049,0.00298919445695419,0.00508968884864049,0.17886219714277,0.402416358871706,0,0.479144810769536,0.82113780285723,0.255590649040601,0,0.99491031115136,,0.982166739709475,0.933229632898923,0.889063131097252,,0.518263405958859,0,0
"CHE",2024,"Switzerland","High income",0,7553903,1000,19,0,0,,0,,,,0,,,0,981,0,0.0158769031220501,0.00486693642693454,0,,,,,,,,0.98412309687795,,,,,0.944063529633796,0.506422696857606,0,
"CHL",2011,"Chile","Latin America & Caribbean",0,13546996,1009,552,517,19,0.0182367679167046,498,0.00712294974255686,1.41121917348723,0.0182367679167046,498,0.00712294974255686,1.41121917348723,0.0100836391775596,953,0.00382644476159302,0.577334148959698,0.0184505849840158,0.552929072937485,0.10433247411475,0.474038324389812,0.234403354302598,0.383598869682853,0.670542594335755,0.114893750274424,,0.422161400221453,,,,,,0.511723166458376,0,0.0100836391775596
"CHL",2014,"Chile","High Income: OECD",0,13904608,1032,400,437,26,0.00291255903828064,381,0.00350923373111357,1.61562878658114,0.00410597963977388,411,0.0039864288134083,1.59727587433914,0.00105538891572944,1006,0.00125910615546837,0.367892437557923,0.0184653431750566,0.362357947721626,0.159089236981607,0.477249080162423,0.162039211946661,0.440176119096362,0.476444283912473,0.154326590062864,0.362427502099375,0.632107562442077,0.0378985082475415,,,,,0.526828099062116,0,0.00105538891572944
"CHL",2017,"Chile","High income: OECD",0,14228191,1040,329,402,2,0.0465668885344381,327,0.0150937103639908,1.67792415347404,0.0489359348865129,400,0.0140247608675707,1.69049254137266,0.012145847224767,1038,0.00428622523773599,0.261632952261726,0.0171840918109987,0.260825827256736,0.181511446654347,0.550477986960402,0.244957525107736,0.422613630205342,0.579067347911578,0.22945051763577,0.404053093460839,0.738367047738274,0.18670814992361,0.150850868836356,0.902221888321026,,,0.52539903387781,0,0.012145847224767
"CHL",2021,"Chile","High income",0,15438493,1000,142,179,5,0.0444219076679936,137,0.0217091858216571,1.52105265898185,0.0349548894242321,174,0.0171755592661386,1.52165247119091,0.00550473235733386,995,0.0028943717267,0.129379321801755,0.0130922673679761,0.123919314732628,0.302674335002448,0.493806897448277,0.272720680007029,0.52870757810762,0.49849561748709,0.23779383377704,0.392436925529249,0.870620678198245,,0.842870208794319,0.955947856219603,0.847836686207656,,0.528794568645889,0,0.00550473235733386
"CHL",2024,"Chile","High income",0,16241277,1000,163,0,0,,0,,,,0,,,0,837,0,0.149308221803873,0.0142777875642126,0,,,,,,,,0.850691778196127,,,,,0.867053291728503,0.515472349485525,0,
"CHN",2011,"China","East Asia & Pacific",0,1102003584,4220,1188,1189,57,0.00225318425288247,1125,0.00180343970082411,1.62756640393561,0.0022322303277891,1132,0.0017887804183782,1.62626762215419,0.000775409559997922,4152,0.000593007075572969,0.356048564134498,0.0101024981585816,0.344139436890681,0.143216495260981,0.0845427526709557,0.07248888193293,0.0344455786694313,0.615056575338082,0.330660992219876,,0.641882120708515,,,,,,0.49728397752371,0,0.000775409559997922
"CHN",2014,"China","East Asia & Pacific",0,1112633472,4184,1001,1224,79,0.0303801595974868,937,0.00832004079013075,2.20190692520119,0.0263520659458118,1145,0.00714785173491367,2.28002675051344,0.00592673299371314,4105,0.00174643455623542,0.210732152084404,0.00919663890302755,0.195085643796401,0.200378848744746,0.10262522024613,0.0964656083167623,0.062891174168962,0.479798990139216,0.486278009722903,0.255280680480492,0.789267847915596,,,,,,0.492628467749562,0,0.00592673299371314
"CHN",2017,"China","East Asia & Pacific (excluding high income)",0,1134633728,3627,961,1286,156,0.0215600869429585,832,0.00622998907824057,1.53078158347588,0.0277217315677367,1130,0.00615632028098214,1.58894886946383,0.00382906372948896,3471,0.00129640523902262,0.197708804469078,0.00819080443779457,0.177599642321457,0.207935036189166,0.161181962317001,0.108884592654737,0.0780096205979819,0.676013459628675,0.321139565291152,0.271278373587533,0.802291195530922,,0.385687728373543,0.938355331782478,,,0.491655391066266,0,0.00382906372948896
"CHN",2021,"China","East Asia & Pacific (excluding high income)",0,1153772544,3500,192,252,11,0.0677902021872007,183,0.0252184961206831,1.84165749975754,0.0697776367695961,241,0.022660986422856,1.90665286790723,0.00715615683088258,3489,0.00233076978559332,0.112909783155555,0.00873202054369626,0.105563290859069,0.262236283807767,0.210931788400195,0.207766949189064,0.182867180869097,0.578313484805957,0.373644188989255,0.374712966742058,0.887090216844445,,0.861900701715971,1,0.831267429319428,,0.470839025921734,0,0.00715615683088258
"CHN",2024,"China","East Asia & Pacific (excluding high income)",0,1176678702,4020,461,0,0,,0,,,,0,,,0,3559,0,0.106169680245734,0.00684030161373685,0,,,,,,,,0.893830319754266,,0.887201133472321,,,0.862319954526713,0.487411569946228,0,
"CIV",2014,"Côte d'Ivoire","Sub-Saharan Africa",1,11918834,1000,794,809,12,0.0201745221794351,784,0.00607808482281827,1.46520229540877,0.0200228903845817,797,0.00601856607151597,1.47130152513124,0.0171577664783739,988,0.00508109682806145,0.848637443497737,0.0139249712432979,0.85046705571365,0.118077691647398,0.386267247685644,0.122113324500865,0.127775570194804,0.777662964644339,0.0371819185079367,0.153559679814112,0.151362556502263,0.242613765684891,,,,,0.486010014288712,0,0.0171577664783739
"CIV",2017,"Cote d'Ivoire","Sub-Saharan Africa (excluding high income)",1,13607149,1000,804,825,19,0.0378911427362595,785,0.00812059664849257,1.41998455259382,0.0370363448121337,806,0.0079331536878683,1.42229198545741,0.0321509351124541,981,0.00680011035104514,0.852334030942092,0.013534423523522,0.848507930632761,0.222539901886374,0.395398685331871,0.278277273043682,0.21263929236388,0.743701301191583,0.0997837374320467,0.220155184286425,0.147665969057908,0.34053173436656,0.00713239998047264,0.77139929576231,,,0.477346751379833,0,0.0321509351124541
"CIV",2021,"Côte d'Ivoire","Sub-Saharan Africa (excluding high income)",1,15429056,1000,730,775,3,0.0616489852801783,728,0.011138614442901,1.56135788690392,0.0670854689190453,772,0.011282695883081,1.57026426440631,0.0489360791253043,997,0.00869375528231135,0.794265042959085,0.0162605548041342,0.793785638204794,0.285371183652952,0.374266125363182,0.327238424394441,0.21700209077778,0.846692537721323,0.194653051587889,0.176418806970089,0.205734957040915,0.403959431462118,0.476578126168999,0.827944475699539,0.315969332917484,,0.498667816225291,0,0.0489360791253043
"CIV",2024,"Cote d'Ivoire","Sub-Saharan Africa (excluding high income)",1,18301587,1000,788,0,0,,0,,,,0,,,0,212,0,0.831747795497163,0.0141417113638914,0,,,,,,,,0.168252204502837,0.533817787682129,0.564722836347416,,,0.472172952990115,0.492216897316194,0,
"CMR",2011,"Cameroon","Sub-Saharan Africa",1,12007321,1000,812,805,1,0.0106566544581959,804,0.0047513939717228,1.72159190700624,0.0106566544581959,804,0.0047513939717228,1.72159190700624,0.00906980039316229,992,0.00401167086019981,0.851903875856441,0.0149686436156471,0.851092660341146,0.235492879598572,0.265757748057785,0.108876229837099,0.286687862357416,0.794630555434247,0.0148918157091541,,0.148096124143559,,,,,,0.504651959420229,1,0.00906980039316229
"CMR",2014,"Cameroon","Sub-Saharan Africa",1,12694290,1000,857,864,8,0.280775855062474,849,0.017105936505367,1.2302047072625,0.280492328284996,856,0.0170406393813976,1.23165513005391,0.248556687454271,992,0.0153303611413112,0.886489630771349,0.0112080323883276,0.885249507650743,0.216202811282289,0.304935717371513,0.206787290668362,0.235729812403367,0.484326243469296,0.0445453348095632,0.241385280921872,0.113510369228651,0.0179660492611163,,,,,0.500203232910672,1,0.248556687454271
"CMR",2017,"Cameroon","Sub-Saharan Africa (excluding high income)",1,13382741,1000,702,727,19,0.0684430708828995,683,0.0114630051761507,1.40759849252463,0.0779106446548304,708,0.0119546693653733,1.40844077523766,0.0497179000492812,981,0.00835435514305114,0.731332298179628,0.0168728403184723,0.72641246817146,0.235707808997536,0.274556149953621,0.301502928785848,0.198914428108557,0.809045917974906,0.115041493108742,0.217142340165931,0.268667701820372,0.151378298780813,0.00975024476374301,0.746230958624446,,,0.50505983356692,1,0.0497179000492812
"CMR",2021,"Cameroon","Sub-Saharan Africa (excluding high income)",1,15379630,1000,720,761,12,0.0683968622292402,708,0.01141871629252,1.44877419509089,0.072973071450433,749,0.0114193981080369,1.4438207175052,0.0521303071933484,988,0.00863385442338492,0.764651476970014,0.0163619169781662,0.762173957902156,0.246208606499581,0.332393256443508,0.359776085536114,0.234833055628975,0.805157788844582,0.0804701687538403,0.203495069865317,0.235348523029986,0.424330277598216,0.49851695922264,0.753430509772597,0.408172278754853,,0.509483912123098,1,0.0521303071933484
"CMR",2024,"Cameroon","Sub-Saharan Africa (excluding high income)",1,16524096,1000,755,0,0,,0,,,,0,,,0,245,0,0.790027005951561,0.0152483423990132,0,,,,,,,,0.209972994048439,0.550654518411428,0.596364668384663,,,0.462457496442597,0.515419293234328,1,
"COD",2011,"Congo, Dem. Rep.","Sub-Saharan Africa",0,34977028,1000,950,950,21,0.0209946644994532,929,0.00588942544400514,1.5677166579447,0.0209946644994532,929,0.00588942544400514,1.5677166579447,0.0201971051155287,978,0.0056594729319397,0.960532288705452,0.00773670235430151,0.962011329881202,0.358328533515621,0.305648420549262,0.240438687198591,0.255462594142463,0.739024179553127,0.0109788116134315,,0.0370599288401338,,,,,,0.504293107694872,0,0.0201971051155287
"COD",2014,"Congo, Dem. Rep.","Sub-Saharan Africa",0,37113520,1000,826,854,28,0.0901909414674389,799,0.0130335211331577,1.65408233395111,0.094739089275287,826,0.0131213200259556,1.65818174554396,0.080074546661339,972,0.0113155120912765,0.890924090035678,0.0128400651172776,0.887833582380862,0.373788594402457,0.357478974963368,0.28658897058629,0.275556276369225,0.748824712244805,0.0813753765811156,0.265213263809061,0.109075909964322,0.0920866414762376,,,,,0.502972679812703,0,0.080074546661339
"COD",2017,"Congo, Dem. Rep.","Sub-Saharan Africa (excluding high income)",0,42245312,1000,791,815,13,0.0840452943252405,778,0.0125871519735459,1.60120577560468,0.0865695385116566,802,0.0125978305598067,1.609627195172,0.0711238333469689,987,0.0105160226681613,0.850048036413368,0.0144863322315899,0.846255985156435,0.36692496430036,0.427058891947566,0.283373860443167,0.27770976813977,0.768682923669279,0.0654119071189073,0.201941173755052,0.149951963586632,0.160963405921963,0.00743524044043854,0.470996588897529,,,0.493150388238883,0,0.0711238333469689
"COD",2021,"Congo, Dem. Rep.","Sub-Saharan Africa (excluding high income)",0,48546588,1000,837,867,7,0.0483111212059367,830,0.0102508257217531,1.8969403795606,0.0525110638060851,860,0.0105010836413922,1.90608262492664,0.0436087122505366,993,0.00909271401637197,0.903725084254898,0.0131060728065583,0.902664048400883,0.464944451465058,0.400790414296934,0.301251171820984,0.27804414486181,0.834492665517367,0.0626981860834821,0.206742457745173,0.0962749157451024,0.226761834750621,0.259338711430939,0.481414268904822,0.192039032195296,,0.492899994176537,0,0.0436087122505366
"COD",2024,"Congo, Dem. Rep.","Sub-Saharan Africa (excluding high income)",0,57033055,1000,801,0,0,,0,,,,0,,,0,199,0,0.864931351765519,0.0161094601262524,0,,,,,,,,0.135068648234481,0.351182388076236,0.370733968467286,,,0.320805543442994,0.483056917024318,0,
"COG",2011,"Congo, Rep.","Sub-Saharan Africa",0,2438556,1000,836,835,0,0.00358688618967151,835,0.0026208344640743,1.60475458840576,0.00358688618967151,835,0.0026208344640743,1.60475458840576,0.00322635706420492,999,0.00231999678687569,0.899519434104099,0.0122956683514968,0.899486879035991,0.084077089216709,0.130611499793531,0.256826102220294,0.0917500908152405,0.810783283652079,0.029008833758268,,0.100480565895901,,,,,,0.497687101786691,0,0.00322635706420492
"COG",2014,"Congo, Rep.","Sub-Saharan Africa",0,2555763,1000,776,789,21,0.0306110412736137,756,0.00756390427765146,1.4575976922579,0.0306656380674081,768,0.00751173458302434,1.45786085463074,0.0254130843633571,979,0.00618030691944926,0.833163446163703,0.0144790923384144,0.83019339774184,0.277395068588746,0.319618855033862,0.275122482034964,0.180709186025076,0.605488620382954,0.0901717620243398,0.217612970596766,0.166836553836297,0.0198544604666037,,,,,0.49791393300088,0,0.0254130843633571
"COG",2017,"Congo, Rep.","Sub-Saharan Africa (excluding high income)",0,2953339,1000,724,743,49,0.0662754116778948,675,0.0117045201040615,1.49430678057245,0.0722855055770588,694,0.0120378733385877,1.49966219815648,0.04972513217639,951,0.00866966094072705,0.767420326172585,0.0164220346677039,0.750280245984124,0.278477176601279,0.308932407798094,0.326946383302936,0.152219224612751,0.717504459210385,0.133060368886731,0.136908326854193,0.232579673827415,0.0623843906135376,0.00433714434056452,0.700630769818433,,,0.501135397998554,0,0.04972513217639
"COG",2021,"Congo, Rep.","Sub-Saharan Africa (excluding high income)",0,3240761,1000,793,818,43,0.130648780605864,750,0.0155171153479395,1.58994687022176,0.131969397918619,775,0.0153200325848044,1.58786219519145,0.105572243702481,957,0.0126429208762144,0.818771114662633,0.0154875094763872,0.808061454633603,0.334108013550686,0.407790946922234,0.393526105601424,0.328173391135722,0.745602998996816,0.187287370548038,0.226586695731322,0.181228885337368,0.367774408764788,0.44361276625078,0.709481761914513,0.304615926891178,,0.508585815654025,0,0.105572243702481
"COG",2024,"Congo, Rep.","Sub-Saharan Africa (excluding high income)",0,3655093,1000,825,0,0,,0,,,,0,,,0,175,0,0.852799986281442,0.0155355321408043,0,,,,,,,,0.147200013718558,0.515921177135768,0.541668671978097,,,0.339473167989226,0.499909748591682,0,
"COL",2011,"Colombia","Latin America & Caribbean",0,33714188,1000,689,685,8,0.0216780796401224,676,0.00642404889857886,1.31541194144956,0.0216617573107671,677,0.00641778449138179,1.31575858238505,0.014977920030883,987,0.00443213985815063,0.695208587856057,0.0166951468578106,0.6909246704289,0.0980390389595263,0.496987136891469,0.1782541795574,0.317289647665565,0.61625080784328,0.156082543280008,,0.304434307342669,,,,,,0.520541547924751,0,0.014977920030883
"COL",2014,"Colombia","Latin America & Caribbean",0,34942188,1000,628,658,13,0.0108648351884532,616,0.00486172462258379,1.35482324548205,0.0121054903002131,645,0.00502472345084529,1.36173025621207,0.00665797066211553,987,0.00301582911630236,0.616466625512254,0.0179235591078196,0.612799968580419,0.0585872721421655,0.337019983719836,0.149395579158895,0.18212836995767,0.575419309884612,0.129547294219578,0.244738385702149,0.383533374487746,0.0221244197937085,,,,,0.518029348865676,0,0.00665797066211553
"COL",2017,"Colombia","Latin America & Caribbean (excluding high income)",0,37031184,1000,570,676,12,0.0610149840636731,558,0.0117368034904364,1.34164835121975,0.0585065158187761,664,0.0105601705964955,1.34427583950073,0.0333184507169733,988,0.00657146884796359,0.551110174595705,0.0181013865810847,0.54606997327416,0.206419138355591,0.614341659870048,0.296079686253929,0.286362753230024,0.666325790806037,0.209092948533507,0.348818989947612,0.448889825404295,0.04737451173483,0.0367321581789356,0.836131569621312,,,0.528895143389763,0,0.0333184507169733
"COL",2021,"Colombia","Latin America & Caribbean (excluding high income)",0,39595244,1000,367,478,2,0.118911198242466,366,0.0202358447480828,1.43047847095884,0.106409456922804,476,0.0168915598180855,1.42832708945527,0.0521969816793344,998,0.00861127231742602,0.440568535635069,0.0192215517187461,0.438957662951998,0.320573415107935,0.666335751878265,0.420608516232191,0.384138114455237,0.637210520293981,0.23825309073272,0.309148720609772,0.559431464364931,0.217662656524218,0.521095249927642,0.914872006148474,0.612504527656701,,0.519492759947419,0,0.0521969816793344
"COL",2024,"Colombia","Latin America & Caribbean (excluding high income)",0,41544122,1000,585,585,585,,0,,,,0,,,0,415,0,0.566210235441972,0.017705953527446,0,0.424053872115829,0.78519664370438,0.34974931048248,0.369135583026307,0.352002742437678,0.437453976123866,,0.433789764558028,0.391465592561995,0.492334636282669,,,0.806874489126715,0.521021963086959,0,
"COM",2011,"Comoros","Sub-Saharan Africa",1,404625,1000,790,782,3,0.0583123827520815,779,0.00917597605600907,1.19446754338144,0.0583123827520815,779,0.00917597605600907,1.19446754338144,0.0455528990195599,989,0.00723680849120601,0.783053259552992,0.0142271719734408,0.781187405996265,0.0858222796486487,0.148837649211689,0.217494652507377,0.10266955484285,0.824350695953432,0.0619445141186291,,0.216946740447008,,,,,,0.512862261512529,0,0.0455528990195599
"COM",2021,"Comoros","Sub-Saharan Africa (excluding high income)",1,530280.3125,1000,624,660,7,0.155388187869848,617,0.017479335089127,1.43634850741772,0.166507251444611,653,0.01750481330685,1.44176065651167,0.107572424839004,993,0.0121444053954604,0.694824907393985,0.0179810527470633,0.692281867197688,0.377775703420391,0.723783300574399,0.722609035548444,0.370759553535775,0.897297486516765,0.231129829999202,0.239576657595029,0.305175092606015,0.0772590662461737,0.198071804828584,0.651110248479622,0.356423963368802,,0.554568777978482,0,0.107572424839004
"COM",2024,"Comoros","Sub-Saharan Africa (excluding high income)",1,532331,1000,530,0,0,,0,,,,0,,,0,470,0,0.591523362634245,0.0205767772515551,0,,,,,,,,0.408476637365756,0.14093786340933,0.283315274541823,,,0.433597253701275,0.533693021872709,0,
"CRI",2011,"Costa Rica","Latin America & Caribbean",0,3581114.75,1000,502,490,15,0.0180522484862517,475,0.00708815882164425,1.34629677929274,0.0180522484862517,475,0.00708815882164425,1.34629677929274,0.00862400494427831,973,0.00352971975882882,0.49641272229655,0.018896817646298,0.4777246973332,0.0964282976775646,0.19651858879623,0.165199502682205,0.212461838422273,0.33787034035459,0.221594757782834,,0.50358727770345,,,,,,0.503768440177162,0,0.00862400494427831
"CRI",2014,"Costa Rica","Latin America & Caribbean",0,3726436,1000,379,421,10,0.0105212296096804,370,0.00584630429920722,1.21476306306401,0.00941088023698011,411,0.00527591509468499,1.22719511363861,0.00367457559090726,990,0.0021644393455261,0.354469351698924,0.0170284656221103,0.349253435884182,0.0678334935936921,0.285169842616763,0.118533542606977,0.13943218853344,0.387331269006553,0.248535946542215,0.221173127657708,0.645530648301076,,,,,,0.519880122269512,0,0.00367457559090726
"CRI",2017,"Costa Rica","Latin America & Caribbean (excluding high income)",0,3791520,1000,334,417,11,0.0388251416835811,326,0.0127812735346623,1.42708685951376,0.0453956780564188,406,0.012437540888907,1.44929626492795,0.0123842210658325,989,0.00419504540992903,0.321616423685237,0.0176314342846796,0.318974265870348,0.129918483607682,0.393587479496125,0.196594548169269,0.233660416472326,0.579708412516932,0.332037765176902,0.325375823919461,0.678383576314763,,0.141842940297263,0.915455693383482,,,0.52275709795238,0,0.0123842210658325
"CRI",2021,"Costa Rica","Latin America & Caribbean (excluding high income)",0,4033110.75,1001,250,291,1,0.110048704646132,249,0.0224276181274224,1.27883489519179,0.10626694176444,290,0.0205496264977062,1.28943620047743,0.034544721307889,1000,0.00685212542022711,0.315103102398948,0.0174188678978635,0.313903933889721,0.263763225677989,0.525402084228507,0.374601958584355,0.325886544860069,0.579574530259949,0.347461276124017,0.249787726884941,0.684896897601052,,0.591584698445814,0.954207668206914,0.827742285952614,,0.514324244904859,0,0.034544721307889
"CRI",2024,"Costa Rica","Latin America & Caribbean (excluding high income)",0,4118576,1003,280,280,280,,0,,,,0,,,0,723,0,0.286472929206358,0.0158857061048326,0,0.347994783853106,0.61002493885895,0.316461090447685,0.312603563300677,0.287148929253272,0.59182403008162,,0.713527070793642,,0.60458656999831,,,0.873854760731732,0.507880981288408,0,
"CYP",2011,"Cyprus","High Income",0,921776.9375,1005,131,125,13,0.0152966706377285,112,0.0137792207076256,1.41177346089702,0.0152966706377285,112,0.0137792207076256,1.41177346089702,0.0019545450657902,985,0.00166653648350642,0.147286649909449,0.0132430192571551,0.127775848227353,0.0337694839919436,0.0810429860738266,0.0148028916552774,0.0924223329521958,0.383357543974372,0.327349744415853,,0.852663712608543,,,,,,0.52360510334954,0,0.0019545450657902
"CYP",2014,"Cyprus",,0,947517,1000,82,95,6,0.0843077685205018,78,0.0368269046712011,1.37027556611707,0.0743860291961084,89,0.0324815534507227,1.36377370431988,0.00804430979800505,994,0.003290012868659,0.0984979783245653,0.0109404877007816,0.095415997115958,0.137861245102688,0.28600061672338,0.213781046228589,0.412125972338636,0.529006009408347,0.365032436996483,0.421141412017067,0.901502021675435,,,,,,0.515044085726229,0,0.00804430979800505
"CYP",2017,"Cyprus","High income: nonOECD",0,972712,1023,74,98,7,0.00858743089147851,69,0.0128549678950454,1.33928624289914,0.00661056294971805,91,0.0098782210388162,1.35219986780933,0.000883070357802506,1016,0.00109608890684523,0.112842359256583,0.0116677142784449,0.102832892510238,0.113428766287339,0.321345195340994,0.216610632489463,0.267039368053622,0.496580273671019,0.478124062642615,0.264433506827017,0.887157640743417,,,0.922159512713135,,,0.518906439855695,0,0.000883070357802506
"CYP",2021,"Cyprus","High income",0,1007214.6875,1019,33,45,8,0,28,0,1.4097549086137,0,37,0,1.58235032874319,0,1011,0,0.0687009541403023,0.011515457672096,0.063271878044802,0.107446409601049,0.276819636850118,0.0984692115032046,0.120815939910084,0.503809390412485,0.529481089459497,0.282496937509837,0.931299045859698,,0.871941044774009,0.941192252059762,0.847869540571765,,0.530118951357453,0,0
"CYP",2024,"Cyprus","High income",0,1129055,1010,24,0,0,,0,,,,0,,,0,986,0,0.0387406870640928,0.00867114447406229,0,,,,,,,,0.961259312935907,,,,,0.903229452176558,0.494001035065331,0,
"CZE",2011,"Czech Republic","High Income",0,8991783,1000,162,162,4,0.0268920138519302,157,0.0143836591675391,1.24123512365875,0.0265902578487231,158,0.0142591717191487,1.24115907765667,0.00498842041350179,995,0.00255226562420759,0.191398196279471,0.0142180987565635,0.185498209281331,0.115559479742167,0.490483171488257,0.109422987705665,0.439666292640842,0.735237337725558,0.481454045333591,,0.808200971932592,,,,,,0.524631446152314,0,0.00498842041350179
"CZE",2014,"Czech Republic","High Income: OECD",0,8957620,1008,167,201,8,0.0375248607082716,161,0.0165701256237249,1.22396463234888,0.0370283140606597,193,0.0151029203590057,1.23461547750805,0.0065571713392743,1000,0.00278290825621413,0.178217920900419,0.0131414281372342,0.1747420567461,0.160626231189705,0.517526408412067,0.0674284563411029,0.301619566065993,0.590249960302741,0.337570135105863,0.720433554798795,0.821782079099581,,,,,,0.515690792293109,0,0.0065571713392743
"CZE",2017,"Czech Republic","High income: OECD",0,8954011,1000,155,176,2,0.0117300027818665,154,0.0101700221976465,1.37401285695419,0.0105879794582745,174,0.00910501619278611,1.37695713522363,0.00220732930940545,998,0.00168242146114393,0.190077340463718,0.0140603822901321,0.188178072115872,0.111622370626974,0.367838208942399,0.105440877026817,0.25193159108528,0.407889201718242,0.395541919587048,0.664933464827179,0.809922659536282,,0.261752544344296,0.941204619408238,,,0.517743513091473,0,0.00220732930940545
"CZE",2021,"Czechia","High income",0,9013226,1005,23,30,0,0.0161839727200291,23,0.0321339590337122,1.49161683497117,0.0131556094600515,30,0.0257575096501383,1.53309599057615,0.000819442304825731,1005,0.00123507029109313,0.050632951439148,0.00946333459605658,0.050632951439148,0.215679958981985,0.240936611448465,0.0692119459227043,0.225667706485605,0.386246197993318,0.57617817729851,0.738368605524349,0.949367048560852,,0.941064975006368,0.985283495350669,0.93628092600241,,0.508128059329209,0,0.000819442304825731
"CZE",2024,"Czechia","High income",0,9161251,1003,54,0,0,,0,,,,0,,,0,949,0,0.0771671145379749,0.00947977172891898,0,,,,,,,,0.922832885462025,,,,,0.928542665874786,0.509496208850004,0,
"DEU",2011,"Germany","High Income",0,70935752,1000,8,15,7,0,7,0,1.40624499739306,0,8,0,1.3385332100598,0,993,0,0.0093626442191333,0.00391586458702814,0.00910113787293781,0.0767217238611396,0.0767217238611396,0.396431242363477,0.337934102602994,0.350519531736779,0.56992689640534,,0.990549454532643,,,,,,0.511331433708031,0,0
"DEU",2014,"Germany","High Income: OECD",0,70067432,1012,7,18,0,0,7,0,1.4834276850159,0.028232838106756,18,0.0495301473891806,1.60951485271384,0,1012,0,0.0123959331761257,0.0043066255466871,0.0123959331761257,0,0.288911844955267,0.137298806313153,0.612741378180552,0.431889195257635,0.819147817077083,0.121907377155767,0.987604066823874,,,,,,0.510686838490046,0,0
"DEU",2017,"Germany","High income: OECD",0,71846928,1000,9,27,2,0,8,0,1.53633688277156,0.0133938421679045,25,0.0279112574117269,1.47383821827325,0,998,0,0.00858813998370027,0.00345227101879615,0.0066763420570537,0,0.354804792525747,0,0.0831726370771884,0.504225724614541,0.793559309035846,0.0831726370771884,0.9914118600163,,,0.891978500813263,,,0.517423590262702,0,0
"DEU",2021,"Germany","High income",0,71623816,1000,1,5,0,0,1,0,1,0.374004106949762,5,0.253728728095883,1.37486936156085,0,1000,0,0.000234061838167565,0.000739469825327824,0.000234061838167565,0,0,,,,,,0.999765938161832,,0.994807324065067,0.917005800989418,0.891938364240393,,0.512586638565776,0,0
"DEU",2024,"Germany","High income",0,71691113,1000,5,0,0,,0,,,,0,,,0,995,0,0.0170167643293011,0.00639243519377336,0,,,,,,,,0.982983235670699,,,,,0.950761463116945,0.518964030971921,0,
"DJI",2011,"Djibouti","Middle East & North Africa",1,559915,1000,856,851,16,0.226851166655036,833,0.0154931163363181,1.14003567885439,0.228185962027588,835,0.0155074194450529,1.1401551326263,0.197880844960183,976,0.0136612234706784,0.874889321734516,0.0112059942990006,0.872293706388966,0.210230038204887,0.337312592249533,0.242517097973865,0.183745900054927,0.702968725390456,0.135727934426513,,0.123030631707839,,,,,,0.553461141929083,0,0.197880844960183
"DNK",2011,"Denmark","High Income",0,4578820.5,1005,2,2,0,0,2,0,1.15786384646424,0,2,0,1.15786384646424,0,1005,0,0.00263210750224314,0.00219415084996149,0.00263210750224314,0,0,0.301339582160766,0,0.301339582160766,0.301339582160766,,0.997367892497757,,,,,,0.524219332785537,0,0
"DNK",2014,"Denmark","High Income: OECD",0,4627637,1002,0,2,0,,0,,,0,2,0,1,0,1002,0,0,0,0,,,,,,,,1,,,,,,0.507940647522832,0,
"DNK",2017,"Denmark","High income: OECD",0,4780077,1000,1,2,0,0,1,0,1,0,2,0,1.0419994238954,0,1000,0,0.000826272934392071,0.00103766720574797,0.000826272934392071,0,1,0,0,0,0,0,0.999173727065608,,,0.943862216946671,,,0.505326936578046,0,0
"DNK",2021,"Denmark","High income",0,4881950,1002,0,2,0,,0,,,0,2,0,1.4678012143681,0,1002,0,0,0,0,,,,,,,,1,,1,1,0.995243012240124,,0.495220978157921,0,
"DNK",2024,"Denmark","High income",0,5003352,1005,5,0,0,,0,,,,0,,,0,1000,0,0.0134948589347518,0.00496415796266495,0,,,,,,,,0.986505141065248,,,,,0.981754949182584,0.499371529124823,0,
"DOM",2011,"Dominican Republic","Latin America & Caribbean",0,7017733,1000,653,646,6,0.0087457673831093,640,0.00491504992439133,1.78341684470908,0.0087457673831093,640,0.00491504992439133,1.78341684470908,0.00536086551454836,987,0.00309304646295867,0.617953288172512,0.0204581180618093,0.612966853532121,0.0366955318135588,0.148808461696617,0.145174071555804,0.113108679709142,0.729796325826726,0.0622596032098408,,0.382046711827488,,,,,,0.541398999821388,0,0.00536086551454836
"DOM",2014,"Dominican Republic","Latin America & Caribbean",0,7261777,1000,500,578,1,0.00726695971147083,500,0.00427713793796312,1.26791835380346,0.00635648727694643,577,0.00374623111634435,1.28208601595037,0.00334496568107567,999,0.00210425028782154,0.460136040246775,0.0181585835293151,0.460297815576942,0.0864929803512269,0.194591719659051,0.162554919165406,0.0947701442627903,0.66827832132426,0.112759154336343,0.170159425825116,0.539863959753224,0.0231805564758894,,,,,0.505112180877557,0,0.00334496568107567
"DOM",2017,"Dominican Republic","Latin America & Caribbean (excluding high income)",0,7492988,1000,481,570,10,0.0895170092595542,472,0.0151335047533675,1.32630568950382,0.0923669765095697,560,0.0141335380478519,1.33432860034577,0.0401192783348245,990,0.00714461886776877,0.452170496554809,0.0180233464095304,0.448174918562112,0.212530613226747,0.378564259526003,0.2437045932543,0.220655158714086,0.675341928949599,0.322472163027633,0.231312528110166,0.547829503445191,0.0389467952293062,0.0379745450808373,0.813820674596792,,,0.502412410260981,0,0.0401192783348245
"DOM",2021,"Dominican Republic","Latin America & Caribbean (excluding high income)",0,7871310.5,1000,461,539,9,0.150186274957943,453,0.0192058290738859,1.30921307606439,0.144894679593238,530,0.0174573084875427,1.30364215326084,0.0750476289418424,991,0.00959531045153942,0.504539229859696,0.0181393065004338,0.499696986045216,0.256106141639578,0.433617560882174,0.355669762444108,0.312790419717239,0.439924412874836,0.379793578275628,0.261171224931424,0.495460770140304,0.0757168789416077,0.387298992825852,0.8291417726394,0.716281391498882,,0.506352832774269,0,0.0750476289418424
"DOM",2024,"Dominican Republic","Latin America & Caribbean (excluding high income)",0,8281568,1000,378,378,378,,0,,,,0,,,0,622,0,0.367079680803708,0.0179719488526205,0,0.32118911005538,0.506005207791217,0.480500433072619,0.532959820447662,0.253909389145368,0.614933143925557,,0.632920319196292,0.180158284310334,0.525255647527781,,,0.89337609513862,0.509091972924276,0,
"DZA",2011,"Algeria","Middle East & North Africa",1,27487180,1000,621,617,1,0.0705913667027868,616,0.0115734637817885,1.2576191255034,0.0705913667027868,616,0.0115734637817885,1.2576191255034,0.0469811681371029,995,0.00758734507123757,0.667138874716627,0.0168747005248439,0.665537024306518,0.0650102982238941,0.118223402737929,0.227760567392354,0.0762844643720406,0.322993295347007,0.269232851618441,,0.332861125283373,,,,,,0.499278713172482,1,0.0469811681371029
"DZA",2014,"Algeria",,1,28317288,1002,470,481,2,0.113490101692266,468,0.0175715116462125,1.43622515251652,0.11427795454249,479,0.0174120844145383,1.43475295759747,0.0561191206087242,1000,0.00878733322349435,0.495242092757738,0.0190686675119343,0.494484715159511,0.0235066789372648,0.0621134490459717,0.151410588346233,0.0655542077797782,0.328670726344916,0.199521756012934,0.403540923233503,0.504757907242262,,,,,,0.500683076788965,1,0.0561191206087242
"DZA",2017,"Algeria","Middle East & North Africa (excluding high income)",1,28828170,1016,514,538,51,0.0841838748783637,466,0.0149433726295993,1.34972711041144,0.0848601070800222,487,0.0147026211042544,1.35558710463498,0.0461021829305963,965,0.00811858679278379,0.572233743527086,0.0186199747811339,0.547636741563736,0.0762368866160692,0.0957295187307722,0.125064342156572,0.167219558843989,0.398660029220792,0.233112808992676,0.360930309525553,0.427766256472914,,0.0061389549277105,0.863969108357837,,,0.499451846787209,1,0.0461021829305963
"DZA",2021,"Algeria","Middle East & North Africa (excluding high income)",1,30352150,1002,349,371,2,0.165170946970378,347,0.023872021166399,1.43409077841574,0.172662234975126,369,0.0238378492110942,1.46784533088654,0.0918692851509735,1000,0.0125051467538328,0.559029778550227,0.0215151173795,0.556207292118083,0.0984388799765174,0.248792035630218,0.411267547968386,0.191379900903209,0.69750956026908,0.340202835408888,0.708115357487502,0.440970221449773,,0.337417672200374,0.951801775685328,0.829869398027632,,0.496643816665626,1,0.0918692851509735
"DZA",2024,"Algeria","Middle East & North Africa (excluding high income)",1,32019804,1007,535,0,0,,0,,,,0,,,0,472,0,0.647098930902827,0.0186824877301701,0,,,,,,,,0.352901069097173,,0.130934071096339,,,0.829103805177783,0.490436915266236,1,
"ECU",2011,"Ecuador","Latin America & Caribbean",0,10578020,1003,640,641,6,0.0417111714026308,634,0.0092614148466917,1.36048927328612,0.0416119067277259,635,0.0092410805048938,1.35975356697736,0.0262493428999103,997,0.00585619966981992,0.631151223879098,0.0176183233338237,0.629312052795879,0.18198004894055,0.386502299254668,0.209035596395132,0.292316278783594,0.53409803113694,0.143159997449978,,0.367904572442498,,,,,,0.510485644174924,0,0.0262493428999103
"ECU",2014,"Ecuador","Latin America & Caribbean",0,11023338,1000,566,573,2,0.0177781827595177,564,0.00653950413945424,1.38124843538737,0.017477050456547,571,0.00645191636536746,1.3842123607085,0.00955218120209831,998,0.00361340451391503,0.537875748600159,0.0185033826272154,0.537297952850916,0.118671497500426,0.275610502422948,0.154242358054942,0.233404945897897,0.627149402043548,0.180609857029716,0.305033540081196,0.462124251399841,,,,,,0.512074634286348,0,0.00955218120209831
"ECU",2017,"Ecuador","Latin America & Caribbean (excluding high income)",0,11679844,1000,495,545,2,0.0385049731865739,494,0.00983933989674759,1.29179919075028,0.0427669956457992,543,0.00992688772030674,1.30707239467117,0.0189174991802781,998,0.00494946355154851,0.491322270570277,0.0181501755338558,0.491300152024892,0.330805363901381,0.537326716923616,0.223014361924819,0.27775692760036,0.646468932381368,0.35501108766874,0.346282873625171,0.508677729429723,0.0293697477676682,0.0185734516025872,0.766295484515624,,,0.50993685292329,0,0.0189174991802781
"ECU",2021,"Ecuador","Latin America & Caribbean (excluding high income)",0,12810286,1000,295,391,2,0.115931411920482,294,0.0240905055984914,1.66476169707831,0.131933579528567,389,0.0220369047730164,1.64946266170617,0.0415507504337322,998,0.00815348858934398,0.358232839407171,0.019564256382111,0.358408042698833,0.394523423285827,0.612312894216822,0.287122248904888,0.31869372912187,0.487146305269667,0.416021933857161,0.250659969542084,0.641767160592829,,0.469043637808605,0.888546226855474,0.699420681219565,,0.507073936537795,0,0.0415507504337322
"ECU",2024,"Ecuador","Latin America & Caribbean (excluding high income)",0,13484219,1000,369,369,369,,0,,,,0,,,0,631,0,0.360522947482918,0.0181260895669704,0,0.548276286733212,0.737926035551721,0.299725133297085,0.265524212311297,0.331387381536197,0.524775142538834,,0.639477052517082,0.10084864572168,0.432975618390812,,,0.827538348143811,0.524170003613463,0,
"EGY",2011,"Egypt, Arab Rep.","Middle East & North Africa",1,54478152,1044,927,919,13,0.0288236284368953,906,0.00608784514341864,1.19952314696023,0.0288236284368953,906,0.00608784514341864,1.19952314696023,0.0259609053937225,1022,0.00545678630893327,0.902012456660592,0.0100994977495479,0.900681378493333,0.0102928811033444,0.128604392414207,0.0480452774046612,0.0161224287463912,0.956132481453445,0.0229350465365952,,0.0972764342340504,,,,,,0.491287972795562,1,0.0259609053937224
"EGY",2014,"Egypt, Arab Rep.","Middle East",1,56501236,1000,805,813,0,0.151349092563958,805,0.0141573858063806,1.25618358373755,0.151896685561924,813,0.014117894358108,1.25786300203916,0.130687288315229,1000,0.0121102602234571,0.863482470236833,0.0123358693221928,0.863482470236833,0.136679081845748,0.248929585278295,0.161802335395577,0.124078069720562,0.755976893579618,0.109425655513468,0.246970207578485,0.136517529763167,0.0114494419851874,,,,,0.490256057200041,1,0.130687288315229
"EGY",2017,"Egypt, Arab Rep.","Middle East & North Africa (excluding high income)",1,63679764,1000,626,664,1,0.04650714220936,625,0.00931384227012054,1.2226458475609,0.046824083369,663,0.0091069612369744,1.2320211386773,0.031586070841989,999,0.00615607223371028,0.679286416422834,0.0164237464120942,0.67916602357115,0.0685602871595708,0.174504238162151,0.12235619376705,0.0529550716392835,0.835851812845819,0.0935642216077842,0.336504998333273,0.320713583577166,0.0179201627915592,0.00558555891735501,0.811908870011112,,,0.503395344882127,1,0.031586070841989
"EGY",2021,"Egypt, Arab Rep.","Middle East & North Africa (excluding high income)",1,67621520,1003,673,679,4,0.0617358522338736,669,0.0112531670630012,1.46255794403173,0.0613271446538952,675,0.0111677167907643,1.46239789335024,0.0455527369352009,999,0.00814973470990009,0.739010889889455,0.0171488936159344,0.737865199667671,0.0771184762511083,0.222419846204141,0.0697457047279139,0.0614113217780187,0.89843830986303,0.10828183979248,0.464597481720314,0.260989110110545,0.0291543797514098,0.201970288405593,0.810505062992873,0.377226764477724,,0.490622988109391,1,0.0455527369352009
"EGY",2024,"Egypt, Arab Rep.","Middle East & North Africa (excluding high income)",1,77385958,1001,612,612,612,,0,,,,0,,,0,389,0,0.647264464729464,0.0179042916630822,0,0.0280865952705152,0.206240234166098,0.0946686780618081,0.0990373594097667,0.897687784576438,0.17131942763627,,0.352735535270536,0.156072041150034,0.363274534281143,,,0.548845818441187,0.494623604278349,1,
"ESP",2011,"Spain","High Income",0,39702872,1006,58,53,6,0.103879315584756,46,0.0581373943836855,1.67021883651075,0.10138901232418,47,0.0566016649667326,1.65269857896095,0.00540638728217584,994,0.00296966537771945,0.0659644206919503,0.00998642590349136,0.0520448873940138,0.217088028758508,0.343275513812136,0.234543288280417,0.356099035861235,0.589090921138267,0.455554587187024,,0.933952389106356,,,,,,0.543910926974824,0,0.00540638728217584
"ESP",2014,"Spain","High Income: OECD",0,39485460,1000,17,26,0,0.0335509085715901,17,0.0513643318135906,1.38321260977613,0.054699676508963,26,0.0542610957012303,1.48045735547469,0.00081350667090484,1000,0.00115200555680542,0.0242469341528859,0.00621511424363689,0.0242469341528859,0.110450255467251,0.177467847814542,0.106136551297129,0.330927555352606,0.519570313879025,0.376962490400382,0.345021840056677,0.975753065847114,,,,,,0.503043673079285,0,0.00081350667090484
"ESP",2017,"Spain","High income: OECD",0,39580536,1000,49,61,0,0.195171416255867,49,0.0670832398614099,1.40379772005997,0.166870403639115,61,0.0578035767310937,1.46604526724342,0.0121870795842365,1000,0.0044176591691119,0.0624429530616278,0.00974194334180267,0.0624429530616278,0.260395213829143,0.38809065810529,0.1459811757587,0.356580515578256,0.468276575824637,0.332070126769816,0.355395864408752,0.937557046938372,,,0.939420973863725,,,0.501283260740512,0,0.0121870795842365
"ESP",2021,"Spain","High income",0,40533192,1000,8,17,1,0.218924060673044,8,0.183020444151756,1.56712068171454,0.329871681150289,16,0.15695660396501,1.7831019073309,0.0037260278106577,999,0.00263158613556179,0.0170156054647954,0.00558475089817944,0.0170197272935769,0.437848121346089,0.48224064721223,0.0283023468642713,0.263316586539186,0.688726834611351,0.685074528883404,0.729467054749546,0.982984394535205,,0.975296812844126,0.934328900533876,0.914993255580441,,0.499259609430191,0,0.0037260278106577
"ESP",2024,"Spain","High income",0,41937630,1000,18,0,0,,0,,,,0,,,0,982,0,0.0161925835360108,0.0052785346141361,0,,,,,,,,0.983807416463989,,,,,0.965211000792561,0.511509347546068,0,
"EST",2011,"Estonia","High Income",0,1121123.25,1007,31,31,6,0.0222790689943005,25,0.0346873313691432,1.38092418559543,0.0222790689943005,25,0.0346873313691432,1.38092418559543,0.000499274802703188,1001,0.00080110997119456,0.0317572397767392,0.00627551093167154,0.0224100388948441,0.262241213770384,0.238485497491117,0.0947872516975373,0.119352308035033,0.55794095149471,0.565294232821114,,0.968242760223261,,,,,,0.551511930080026,0,0.000499274802703188
"EST",2014,"Estonia","High Income: OECD",0,1114994.75,1000,18,28,4,0.0319854024030091,15,0.0557740372134646,1.50702930647992,0.0230157778196744,24,0.0375985692680923,1.50883126035116,0.000623594568603201,996,0.000914470111770608,0.0232832899208834,0.0055134079724162,0.0194962239569803,0.428891069426329,0.322119679389805,0.164437943691643,0.247223328599998,0.754316393675906,0.719577057965457,0.913078059973862,0.976716710079117,,,,,,0.549741170582167,0,0.000623594568603201
"EST",2017,"Estonia","High income: OECD",0,1103267.875,1000,18,29,6,0.13457656670938,14,0.0973992032159013,1.14035677968506,0.0918141826779188,23,0.0648843437146114,1.1612431910131,0.0022007309426416,994,0.00163815063914714,0.0200602879883339,0.00488665657121151,0.0163530025802643,0.131807811686525,0.212859001003742,0.13457656670938,0.247986500512021,0.35264801151458,0.810730584987955,0.778241708724383,0.979939712011666,,0.435238121952202,0.967672976016222,,,0.539819420162649,0,0.0022007309426416
"EST",2021,"Estonia","High income",0,1111457,1001,4,5,1,0,4,0,1.29288381122485,0,4,0,1.29288381122485,0,1000,0,0.00623433207352812,0.00285847357478974,0.00624470657060212,0,0,0.172941736404125,0.166097015586364,0.480134406538362,0.862628090700685,0.68968635429656,0.993765667926472,,0.986514070488219,1,0.990587290883321,,0.536759728854215,0,0
"EST",2024,"Estonia","High income",0,1151475,1006,8,0,0,,0,,,,0,,,0,998,0,0.0109889087436075,0.00394691972126027,0,,,,,,,,0.989011091256392,,,,,0.972079212357622,0.529449279835391,0,
"ETH",2014,"Ethiopia","Sub-Saharan Africa",0,53937608,1004,727,731,17,0.0142016667019353,710,0.00526337409027345,1.40494534495369,0.0141244751420907,714,0.00523409733743045,1.4047123407356,0.0110436891124373,987,0.00402367664413633,0.782084182538714,0.0157324500663895,0.777633311936009,0.120727256439438,0.0253831954257332,0.0132063963379399,0.0134044603993322,0.786125810498965,0.0497797133138162,0.0173508231637925,0.217915817461286,0.000278948641592304,,,,,0.513264262387235,0,0.0110436891124373
"ETH",2017,"Ethiopia","Sub-Saharan Africa (excluding high income)",0,60314800,1000,568,572,4,0.0269648362146694,564,0.00782561751800308,1.31640649810021,0.0267875945624003,568,0.00777643247675817,1.31755208637681,0.0175368820243144,996,0.00492393459443168,0.65172430078895,0.0178299382158244,0.650361154976123,0.199567785027515,0.0525636578810879,0.107929051262431,0.0247268364332144,0.85099450000314,0.0766595003503187,0.0656726391949856,0.34827569921105,0.00315928903727171,0.000296842095407029,0.452413664648863,,,0.515341869572207,0,0.0175368820243144
"ETH",2021,"Ethiopia","Sub-Saharan Africa (excluding high income)",0,69072840,1000,465,481,4,0.0299151573172903,461,0.00929172046108335,1.37148855195319,0.0296151763105402,477,0.00910884287549727,1.37716660260068,0.0160150626020357,996,0.00481825687988561,0.539513531812094,0.0190913100852008,0.535349436146182,0.346222193734313,0.193772439357188,0.295484028239973,0.0673530976697982,0.865719101052624,0.196836335154712,0.143045507795345,0.460486468187906,0.0463840172118442,0.197188856631765,0.513103882755049,0.140827300999681,,0.514412805837767,0,0.0160150626020357
"ETH",2024,"Ethiopia","Sub-Saharan Africa (excluding high income)",0,78031387,1001,416,416,416,,0,,,,0,,,0,585,0,0.515295978546313,0.0205542365099582,0,0.327722769631173,0.146111737366563,0.16492154771197,0.0719525830018656,0.838364377996896,0.235742931720953,,0.484704021453687,0.0945488963590303,0.206564567304229,,,0.137902448615855,0.516162504634836,0,
"FIN",2011,"Finland","High Income",0,4502461.5,1000,3,3,1,0,2,0,1.19993630292087,0,2,0,1.19993630292087,0,998,0,0.00128495052434887,0.00143685198906735,0.00111700553254519,0.276428812835336,0.276428812835336,0,0,0,0.276428812835336,,0.998712213087291,,,,,,0.535900056731655,0,0
"FIN",2014,"Finland","High Income: OECD",0,4544824,1001,0,3,1,,0,,,0,2,0,1.03734572298656,0,1000,0,0,0,0,,,,,,,,1,,,,,,0.519781654959942,0,
"FIN",2017,"Finland","High income: OECD",0,4595527.5,1000,1,1,0,0,1,0,1,0,1,0,1,0,1000,0,0.00214581496892644,0.00170008021244452,0.00214581496892644,1,0,0,1,0,0,0,0.997854185031074,,,0.998445696383752,,,0.518655207371237,0,0
"FIN",2021,"Finland","High income",0,4653263.5,1000,1,2,0,0,1,0,1,0,2,0,1.33581285334662,0,1000,0,0.00469811666752304,0.00263808401151256,0.00469811666752304,0,0,0,0,0,1,1,0.995301883332477,,0.984739467234647,1,0.98037698738401,,0.509838199775256,0,0
"FIN",2024,"Finland","High income",0,4749954,1000,1,0,0,,0,,,,0,,,0,999,0,0.00157318186942054,0.00166935268496503,0,,,,,,,,0.99842681813058,,,,,0.939084480532529,0.506048175427639,0,
"FRA",2011,"France","High Income",0,53378752,1001,17,20,5,0.0604947163889637,15,0.0754881953786698,1.50394749166511,0.0604947163889637,15,0.0754881953786698,1.50394749166511,0.00148616820895884,994,0.00164710717438188,0.0249192920679175,0.00664860761529349,0.0245669092719306,0.217187715270847,0.038359948546221,0.25137863645945,0.00435013829662308,0.260917405991303,0.615029500667671,,0.974949396156224,,,,,,0.551281187486526,0,0.00148616820895884
"FRA",2014,"France","High Income: OECD",0,53996200,1000,16,17,2,0,14,0,1.2618567924309,0,15,0,1.24021924665897,0,998,0,0.0341724708483279,0.00723652342268376,0.028883351089537,0.117568835170087,0,0.117568835170087,0,0.211560896050304,0.573611677258104,0.0851058691456032,0.965827529151672,,,,,,0.519168445249589,0,0
"FRA",2017,"France","High income: OECD",0,54738224,1000,38,45,4,0,34,0,1.25458436520481,0,41,0,1.25783185464829,0,996,0,0.0599595397649758,0.00891892709185941,0.0537836568489715,0.0387692893291143,0.0989471908782538,0.115613661129604,0.0483638035204213,0.309654778020558,0.598709001734235,0.081025889177191,0.940040460235024,,,0.876754791454353,,,0.522652700181153,0,0
"FRA",2021,"France","High income",0,55494504,1000,4,7,0,0.447961830104755,4,0.278995221394132,1.25905123452945,0.352045256574391,7,0.223208472923795,1.52888993625122,0.00338526781357898,1000,0.00232732518582235,0.00755704523483026,0.00346996975524455,0.00755704523483026,0.721570967908846,0.602500904154617,0.447961830104755,0.571851788146047,0.571851788146047,0.123889958041292,0.571851788146047,0.99244295476517,,0.984479399827727,0.866579584999024,0.889426769988312,,0.52078188093387,0,0.00338526781357898
"FRA",2024,"France","High income",0,56825584,1000,8,0,0,,0,,,,0,,,0,992,0,0.00809762764979343,0.00338148989340528,0,,,,,,,,0.991902372350207,,,,,0.964147767878262,0.515714037792758,0,
"GAB",2011,"Gabon","Sub-Saharan Africa",1,979578,1000,737,737,1,0.0139256168729019,736,0.00497356165593691,1.3258326432105,0.0139256168729019,736,0.00497356165593691,1.3258326432105,0.0112851580398866,999,0.00391900780112476,0.810534823698424,0.0145310162327613,0.810388375817414,0.202950537262349,0.325151436075849,0.302738740905263,0.145441451568531,0.8437264376054,0.0213271670651266,,0.189465176301576,,,,,,0.505563309213595,1,0.0112851580398866
"GAB",2014,"Gabon","Sub-Saharan Africa",1,1028453,1008,618,638,8,0.0234089742286247,610,0.00725049867565697,1.4027183473123,0.0268679203605517,630,0.00763226326652146,1.40359364299532,0.0162905143469518,1000,0.00495058237487388,0.69845446352686,0.0178770965286216,0.695908935942676,0.173330494392274,0.400640473403402,0.26572926803194,0.161284511855105,0.630307862921863,0.0765784772761827,0.204237490322565,0.30154553647314,0.0664842485100086,,,,,0.5138002253121,1,0.0162905143469518
"GAB",2017,"Gabon","Sub-Saharan Africa (excluding high income)",1,1269789,1000,590,637,18,0.0528370656656812,576,0.0112243439600351,1.45004350328724,0.0555967975669775,619,0.0111828917111415,1.47431967180335,0.0348262739663073,982,0.00727433397708446,0.660153411679518,0.0186182644634595,0.659125814947133,0.233117211436697,0.399044094430829,0.215932043416545,0.336888079883265,0.65638360795554,0.128859565787563,0.191812947758661,0.339846588320482,0.435779884387753,0.0127060381391435,0.818802623514105,,,0.51497670859321,1,0.0348262739663073
"GAB",2021,"Gabon","Sub-Saharan Africa (excluding high income)",1,1396335.25,1020,603,658,1,0.0411392415311398,602,0.0116801321959979,2.08199739434896,0.0426198713115347,657,0.0113813448272127,2.0857199234692,0.029791349893436,1019,0.00817739058215889,0.724473012065145,0.0214712545053615,0.724158948601077,0.220203759022431,0.416335834886412,0.245054067302033,0.374742078090666,0.67349025783464,0.137487526324271,0.203869392393114,0.275526987934855,0.574777731914634,0.655211843026752,0.936948796446698,0.73733371165889,,0.528894484250019,1,0.029791349893436
"GAB",2024,"Gabon","Sub-Saharan Africa (excluding high income)",1,1573811,1000,660,0,0,,0,,,,0,,,0,340,0,0.751684688319814,0.017794476914601,0,,,,,,,,0.248315311680186,0.616415501329653,0.665173146319125,,,0.68720895392173,0.487129005251369,1,
"GBR",2011,"United Kingdom","High Income",0,52161320,1024,15,25,12,0.111188380284546,13,0.0921828083989337,1.1178257118854,0.111188380284546,13,0.0921828083989337,1.1178257118854,0.00182478560806271,1012,0.00152255213650538,0.0185721261327342,0.00478345659382366,0.0164116574357216,0.302983853709894,0.504249483773441,0.158311142950114,0.450336869918946,0.244397366794645,0.223191053966151,,0.981251354907425,,,,,,0.523042792849186,0,0.00182478560806271
"GBR",2014,"United Kingdom","High Income: OECD",0,52821156,1000,3,5,0,0,3,0,1.00938409847297,0,5,0,1.37538366783557,0,1000,0,0.010689452023244,0.0041452764057003,0.010689452023244,0,0,0,0,0.287667643628535,0.643833821814268,0.356166178185733,0.989310547976756,,,,,,0.510828224088242,0,0
"GBR",2017,"United Kingdom","High income: OECD",0,54072744,1000,29,34,1,0,29,0,1.24092110287617,0,33,0,1.21871020442729,0,999,0,0.0363368114787497,0.00693781103813297,0.0364229010118928,0,0.169349084090899,0.130696698663406,0.188208060420693,0.274712435707081,0.798223042345699,0.311126982574347,0.96366318852125,,,0.945354785076533,,,0.512391282156839,0,0
"GBR",2021,"United Kingdom","High income",0,55333460,1000,3,8,4,0,1,0,1,0.355746392934608,4,0.24918535845285,1.08369649442555,0,996,0,0.00236726170008943,0.00186503886194863,0.00126413250167579,0,0,0,1,0,0,0,0.997632738299911,,0.991693969813959,0.92249112338273,0.921920457181786,,0.507989853088642,0,0
"GBR",2024,"United Kingdom","High income",0,56450851,1000,7,0,0,,0,,,,0,,,0,993,0,0.00715690722241586,0.00332692288579351,0,,,,,,,,0.992843092777584,,,,,0.961545775573618,0.514751296005968,0,
"GEO",2011,"Georgia","Europe & Central Asia",0,3702710.25,1000,618,597,16,0.00967190028638766,581,0.00462273979755314,1.29623611549688,0.00967190028638766,581,0.00462273979755314,1.29623611549688,0.00635509972322049,963,0.00292612396856419,0.670190318103197,0.0169617969725818,0.657068366612994,0.0713108714528088,0.202182430715333,0.175523470351012,0.129187986615622,0.821858389161141,0.0909935363908556,,0.329809681896803,,,,,,0.54585658804486,0,0.00635509972322049
"GEO",2014,"Georgia","Europe & Central Asia",0,3675915.75,1000,575,575,7,0.00763412914594696,568,0.00417440291368685,1.30648895675566,0.00763412914594696,568,0.00417440291368685,1.30648895675566,0.00458465416261713,993,0.00248306905184091,0.603349300680783,0.0179247212651178,0.60054710563171,0.0554412719545318,0.157405379086422,0.166054274305053,0.134172660941263,0.653378657190142,0.218047256498394,0.505194749079354,0.396650699319217,,,,,,0.534410999356402,0,0.00458465416261713
"GEO",2017,"Georgia","Europe & Central Asia (excluding high income)",0,3014572.5,1000,314,388,28,0.022729032029679,295,0.00974506781623729,1.26123440571397,0.0275594552671736,360,0.00976655284602558,1.28130175896908,0.00861015865434209,972,0.00340540562056715,0.387695536757495,0.0177219108314425,0.378817656779187,0.0522533335222089,0.309334380962402,0.374970476810997,0.213333824511502,0.569176565827565,0.372910879017978,0.345081704837463,0.612304463242505,0.0220102161952124,0.0318608852462956,0.890631058758895,,,0.53484480796354,0,0.00861015865434209
"GEO",2021,"Georgia","Europe & Central Asia (excluding high income)",0,2963014,1000,266,349,5,0.0192895294531611,262,0.0100279529905666,1.3927187561143,0.0313064395849549,344,0.0111110141574598,1.40037952653724,0.00567371564337319,995,0.00283258400907781,0.295281466900255,0.0171720472036549,0.294134476278964,0.249009115192305,0.343321920737135,0.204984537956142,0.320367202255771,0.56436721126942,0.481750326531286,0.446076912537389,0.704718533099745,0.0823120085692787,0.62165517477899,0.913400734895199,0.804063148641461,,0.535178693109063,0,0.00567371564337319
"GEO",2024,"Georgia","Europe & Central Asia (excluding high income)",0,2933716,1000,169,169,169,,0,,,,0,,,0,831,0,0.211763589040661,0.0156141636821661,0,0.160667338332561,0.305684067790028,0.189425972220876,0.303704423274495,0.384814074706318,0.523483201940243,,0.788236410959339,,0.693801399688601,,,0.818595594134725,0.539910127421668,0,
"GHA",2011,"Ghana","Sub-Saharan Africa",0,15198786,1000,603,602,1,0.0162248363835038,601,0.00625779769552518,1.47448829699071,0.0162248363835038,601,0.00625779769552518,1.47448829699071,0.0114414498751813,998,0.00420739564588058,0.705746464144917,0.0180090892944632,0.705181217532282,0.276847786576513,0.212174755790448,0.221326367918067,0.169743163342993,0.828784370085653,0.0493234754461887,,0.294253535855083,,,,,,0.508716105662328,0,0.0114414498751813
"GHA",2014,"Ghana","Sub-Saharan Africa",0,15942814,1000,640,655,4,0.0708573286300296,636,0.0114179067248453,1.25939775994104,0.0742124114071956,651,0.0115247417332852,1.25850659099741,0.0461894714342399,996,0.00748850823485827,0.653816241706191,0.0169404501990581,0.651865831344151,0.210937144524285,0.203987335855544,0.182231148508652,0.164616915333004,0.767647314474074,0.0745361614553493,0.180423831349854,0.346183758293809,0.130065504347846,,,,,0.508054959365277,0,0.0461894714342399
"GHA",2017,"Ghana","Sub-Saharan Africa (excluding high income)",0,17297232,1000,533,590,68,0.0536415733504966,472,0.0118588768561379,1.30759110065097,0.0660767832188786,522,0.0124390253157082,1.30882970235254,0.0294721697134813,932,0.00648193158434109,0.57715834156239,0.0182438085247135,0.549427764187839,0.218552173823526,0.160118288457404,0.216499197910657,0.180345624048443,0.550947245236621,0.0690878469685791,0.0972489733484711,0.42284165843761,0.389477818238621,0.00655738713739941,0.677377020210029,,,0.504960596828233,0,0.0294721697134813
"GHA",2021,"Ghana","Sub-Saharan Africa (excluding high income)",0,19535202,1000,548,566,7,0.0167963986363072,541,0.00658713397699738,1.42144684708368,0.0162857581118106,559,0.00638788226725862,1.42379897277831,0.0101661771049998,993,0.00386942103086329,0.608033783552321,0.0187689377000328,0.605259337142935,0.210690667821816,0.181607710511955,0.258046621806544,0.210341207071934,0.679143003548221,0.0772368448556759,0.170473246961319,0.391966216447679,0.59687930439756,0.655665950693213,0.855661352779908,0.429375260376427,,0.512937154552248,0,0.0101661771049998
"GHA",2024,"Ghana","Sub-Saharan Africa (excluding high income)",0,21563813,1000,544,0,0,,0,,,,0,,,0,456,0,0.612588966243092,0.0179445059349345,0,,,,,,,,0.387411033756908,0.782813635015091,0.803642716005985,,,0.547587824777064,0.519955864790287,0,
"GIN",2011,"Guinea","Sub-Saharan Africa",1,6400996,1000,943,943,16,0.0493569189696477,927,0.00816306772529635,1.31650041425504,0.0493569189696477,927,0.00816306772529635,1.31650041425504,0.0475051588476016,984,0.00781872966217862,0.963121499881525,0.00686800998831563,0.962482258603198,0.230647532684584,0.229090069710731,0.264176991240453,0.0681126151178487,0.90643665888931,0.0214792845502062,,0.0368785001184746,,,,,,0.501686504717935,1,0.0475051588476016
"GIN",2014,"Guinea","Sub-Saharan Africa",1,6775407,1000,931,946,6,0.143454089268934,925,0.0126481720137165,1.20429721126825,0.142081445465235,940,0.0124919342448478,1.20338281523508,0.134523324084704,994,0.0118666311022452,0.938298726773871,0.00834180220337194,0.937744784901267,0.307831585300969,0.286449365406669,0.296570200067162,0.143571324481402,0.881453625815562,0.109974320494868,0.187055387063453,0.0617012732261293,0.0147328565205696,,,,,0.499513203401498,1,0.134523324084704
"GIN",2017,"Guinea","Sub-Saharan Africa (excluding high income)",1,7131860,1000,826,864,62,0.115127633042521,764,0.0136613055735079,1.39964391682402,0.117739381118904,802,0.0134725852652918,1.40138545961692,0.0970517996831226,938,0.011573427278792,0.853721224960057,0.0133514227066456,0.842993094866094,0.328542684416009,0.339028350382923,0.410824024451533,0.161911586631047,0.79868104483025,0.0923534166626433,0.0990944199667046,0.146278775039943,0.13780468730052,0.0125249536278919,0.716312689106549,,,0.497571116880678,1,0.0970517996831226
"GIN",2021,"Guinea","Sub-Saharan Africa (excluding high income)",1,7479262.5,1000,844,877,12,0.16115136211274,832,0.0156203701376018,1.50171798904682,0.171855690418372,865,0.0157153147053721,1.501040233918,0.138620237761998,988,0.0134903389875514,0.862292540938004,0.0133617903353035,0.860186572081352,0.37850946923212,0.383735365547611,0.433309978601232,0.252529397790439,0.850936922076635,0.107927118593668,0.187077880898679,0.137707459061995,0.215100207943747,0.27649794980416,0.79515353368659,0.306936819064685,,0.501422643662851,1,0.138620237761998
"GIN",2024,"Guinea","Sub-Saharan Africa (excluding high income)",1,8464230,1000,801,0,0,,0,,,,0,,,0,199,0,0.83096642941374,0.0156830099615981,0,,,,,,,,0.16903357058626,0.258219395095297,0.31771136352669,,,0.310230866787471,0.500102658008001,1,
"GMB",2021,"Gambia, The","Sub-Saharan Africa (excluding high income)",1,1354539.75,1000,654,686,4,0.100712552111815,651,0.0139269946082604,1.39416337803059,0.106241063771808,682,0.0139329196662605,1.39429873438618,0.0689963702895019,996,0.00963513595033341,0.686055161227849,0.0176059442856253,0.685082135669636,0.180732056730831,0.260772592718902,0.271969870551662,0.134774156625162,0.82280496032027,0.109997369150808,0.112186245153388,0.313944838772151,0.0374562500412649,0.223675404838288,0.820293151036133,0.610882405322755,,0.520528537635193,0,0.0689963702895019
"GMB",2024,"Gambia, The","Sub-Saharan Africa (excluding high income)",1,1598990,1008,647,0,0,,0,,,,0,,,0,361,0,0.691530883501725,0.0173755579116276,0,,,,,,,,0.308469116498275,0.190885437839158,0.277065493050787,,,0.648489496562931,0.519489873285506,0,
"GRC",2011,"Greece","High Income",0,9503783,1000,173,169,5,0.0170588429627503,164,0.0118464891615434,1.37260659020051,0.0170588429627503,164,0.0118464891615434,1.37260659020051,0.00358258412988052,991,0.00222787403398336,0.220601416476362,0.0153879121036173,0.210013313195007,0.070102417985039,0.106129364755533,0.0471694796316744,0.224256152002654,0.787226442958011,0.469687284138421,,0.779398583523638,,,,,,0.518026612503212,0,0.00358258412988052
"GRC",2014,"Greece","High Income: OECD",0,9416068,1000,101,101,1,0.0244078146397381,100,0.017606221488387,1.30177255957057,0.0244078146397381,100,0.017606221488387,1.30177255957057,0.0030391772739102,999,0.00198976756970546,0.124813529273321,0.0119436814085371,0.124516566467288,0.0286344236030522,0.0703300813824539,0.186156217886439,0.218824771745719,0.73532890586411,0.510464655355542,0.454160363319578,0.875186470726679,,,,,,0.514851656968343,0,0.0030391772739102
"GRC",2017,"Greece","High income: OECD",0,9204938,1000,117,129,3,0.0371939249589382,114,0.0206267710881641,1.35442985058377,0.0456580106530455,126,0.0216788281823745,1.35900524940253,0.00531679417130337,997,0.00262989391594891,0.145334788672498,0.0127228508295995,0.142947918972603,0.01971750175996,0.0755887216056947,0.308265600650474,0.0983918283674457,0.55711596849846,0.662430961663646,0.515664454209033,0.854665211327502,,0.101798231488097,0.89053668884799,,,0.513710965508489,0,0.00531679417130336
"GRC",2021,"Greece","High income",0,9252242,1003,24,39,0,0.0744601698054091,24,0.0621308909709623,1.34433426832264,0.0525720433932942,39,0.0436775158568118,1.49375514359099,0.00380930487975203,1003,0.00288579094288442,0.0511589604174567,0.0103211560593124,0.0511589604174567,0.236553081807189,0.315701588913409,0.350912058139572,0.374823171888647,0.751114668669514,0.43188945003048,0.488324656609805,0.948841039582543,,0.913951093237368,0.97240690091497,0.914730217988521,,0.498045407802282,0,0.00380930487975203
"GRC",2024,"Greece","High income",0,8991800,1004,53,0,0,,0,,,,0,,,0,951,0,0.114480240887756,0.0145102634698442,0,,,,,,,,0.885519759112244,,,,,0.912094985089491,0.513926883556742,0,
"GTM",2011,"Guatemala","Latin America & Caribbean",0,8653140,1000,779,772,45,0.0574844986924095,727,0.00921888900225523,1.14038719686263,0.0574844986924095,727,0.00921888900225523,1.14038719686263,0.0438790815998889,948,0.00712334776450109,0.776811168547758,0.014097873160604,0.763320244552866,0.18644626653893,0.328167056294672,0.292592578539678,0.256270432039668,0.637002558161176,0.149432573681549,,0.223188831452242,,,,,,0.529372041373306,0,0.043879081599889
"GTM",2014,"Guatemala","Latin America & Caribbean",0,9214613,1000,625,699,9,0.0850811573080901,618,0.0126449003549515,1.26941415605375,0.0885409765856967,690,0.0122213652667516,1.27704759255763,0.0500831720262617,991,0.00789696449142843,0.592132715512275,0.0177247501864873,0.588651748646342,0.248610193834158,0.460497314127891,0.266549371398373,0.331737654898784,0.582787997256727,0.275259542858399,0.331928886139041,0.407867284487725,0.0177027667227886,,,,,0.526772125264761,0,0.0500831720262617
"GTM",2017,"Guatemala","Latin America & Caribbean (excluding high income)",0,10669036,1000,588,711,5,0.166984274002841,583,0.0173342454472794,1.25935933359879,0.167309442091145,706,0.0157980868660829,1.26476431872501,0.0939157887396998,995,0.0104102824070023,0.56464709437121,0.0176617298404421,0.562422954499908,0.317217192741514,0.502100390077722,0.312586453975647,0.331685885603941,0.644324252778898,0.251875885064425,0.299214077754461,0.43535290562879,0.0212640597952094,0.0168338023503631,0.75970173783956,,,0.526837852328107,0,0.0939157887396998
"GTM",2021,"Guatemala","Latin America & Caribbean (excluding high income)",0,11237355,1000,634,710,9,0.131470961760443,625,0.0160311597384848,1.40668131042044,0.14014318774886,701,0.0155814037313339,1.41231981147682,0.0853619186620688,991,0.0105975144565147,0.65149806064083,0.0179949089013126,0.649283442663246,0.311554373699873,0.530372567194738,0.331001317390362,0.357883056839444,0.624862503745662,0.29523881603844,0.311891695657711,0.34850193935917,0.0523580346958564,0.259240726446342,0.782856989782845,0.542988248196409,,0.528604953965572,0,0.0853619186620688
"GTM",2024,"Guatemala","Latin America & Caribbean (excluding high income)",0,12299923,1000,602,602,602,,0,,,,0,,,0,398,0,0.624684199429676,0.01932711879368,0,0.509966508987313,0.645226957754486,0.237152204000144,0.337817843059366,0.22986025932246,0.336988651668072,,0.375315800570324,0.0330010499165557,0.225780381742402,,,0.711239169328234,0.524163402269636,0,
"HKG",2011,"Hong Kong SAR, China","High Income",0,6228422,1028,110,107,2,0.143141467911905,104,0.0426816308331613,1.54468794572536,0.139678335425428,105,0.0420696111834238,1.54645178863213,0.0149016921774094,1021,0.00460891074108092,0.109760646523204,0.0118435699243822,0.104104648323018,0.319156152749321,0.391044142990968,0.454751654799197,0.25486152723437,0.771719056736759,0.608742752696418,,0.889867219595058,,,,,,0.52619811259306,0,0.0149016921774094
"HKG",2014,"Hong Kong SAR, China",,0,6344955,1007,38,50,0,0,38,0,1.24366451223585,0.0401506104052344,50,0.0307192741454018,1.22432483329282,0,1007,0,0.0385235988176436,0.00684276478136741,0.0385235988176436,0.326268968656635,0.438026550912511,0.408502242120916,0.241329439515044,0.636607082336485,0.58376610732227,0.815810851395448,0.961476401182356,,,,,,0.547082816232812,0,0
"HKG",2017,"Hong Kong SAR, China","High income: nonOECD",0,6522989,1007,43,49,0,0.0295229407090699,43,0.0290534189413564,1.26682918664478,0.0633633672031465,49,0.0391611434219857,1.26618574558228,0.00139252068724293,1007,0.00137762809075749,0.0471674113011082,0.00783182683669923,0.0471674113011082,0.352226695002161,0.438558483681611,0.46561652450914,0.227524291817091,0.562407056120536,0.703981445353133,0.764625235550363,0.952832588698892,,,0.921990934102589,,,0.549879161458547,0,0.00139252068724293
"HKG",2021,"Hong Kong SAR, China","High income",0,6533674,1003,17,19,0,0.15882251755456,17,0.0916806645674207,1.06955891597021,0.144914727406602,19,0.0836916343725295,1.07397889824642,0.00349211903000203,1003,0.00202280594255087,0.0219875561965097,0.00502840216049658,0.0219875561965097,0.252249454790817,0.253748244000471,0.476834339767397,0.231347570487378,0.642165884442915,0.720159899715637,0.729431431319012,0.97801244380349,,0.927671215820433,0.95718353466037,0.875875253975854,,0.547994367420994,0,0.00349211903000203
"HKG",2024,"Hong Kong SAR, China","High income",0,6729811,1006,17,0,0,,0,,,,0,,,0,989,0,0.0269197527176318,0.00578103291307893,0,,,,,,,,0.973080247282368,,,,,0.885215392416342,0.552091447183249,0,
"HND",2011,"Honduras","Latin America & Caribbean",0,4958202,1002,794,789,27,0.038926472887573,762,0.00761059965975102,1.17975290953405,0.038926472887573,762,0.00761059965975102,1.17975290953405,0.0306985475195583,970,0.00600826361104704,0.794877353998151,0.0138324656908455,0.788629054788024,0.211520365770053,0.250944523177355,0.193019088267536,0.22063200339927,0.531495315491834,0.135471697843155,,0.205122646001849,,,,,,0.507514556023977,0,0.0306985475195583
"HND",2014,"Honduras","Latin America & Caribbean",0,5244420,1000,693,743,18,0.070296477833277,677,0.0108426667561186,1.21781928533858,0.0696035187798765,725,0.0104449899995673,1.22139126183649,0.0489476622996409,982,0.00762202211367898,0.699563422171764,0.0160399313900665,0.696303197661348,0.276690580826398,0.428078665194525,0.249497699152005,0.205512283129008,0.743295813509663,0.121147937339459,0.2082975375548,0.300436577828235,0.0340870087072683,,,,,0.50832296063129,0,0.0489476622996409
"HND",2017,"Honduras","Latin America & Caribbean (excluding high income)",0,6169520,1000,564,704,8,0.120352691389378,556,0.0163015926868269,1.39563059639581,0.115542503027094,696,0.0143202322331273,1.3966597665099,0.0683006776455446,992,0.00942418745283543,0.570555726972655,0.0184118675370052,0.567504364522859,0.411456973544986,0.557782406393134,0.328510079452936,0.284560105654301,0.668254532376225,0.241418177024014,0.204963615121713,0.429444273027345,0.0619601256057744,0.0220093078601093,0.801161588105647,,,0.527210032946613,0,0.0683006776455446
"HND",2021,"Honduras","Latin America & Caribbean (excluding high income)",0,6874968.5,1000,646,758,16,0.09527739648955,634,0.0163790020336138,1.97314412822533,0.0983452570084211,742,0.0154305048344915,1.99237224916933,0.0627604773220416,984,0.0108764212914638,0.661234914285999,0.0210816150211251,0.65871318522988,0.360853415711165,0.651087808900613,0.272488650166846,0.345674287334504,0.649267294253471,0.192481940794317,0.260453301018861,0.338765085714001,0.0886823071504457,0.316413146313124,0.774288562441931,0.551606444409538,,0.543334066275848,0,0.0627604773220416
"HND",2024,"Honduras","Latin America & Caribbean (excluding high income)",0,7345357,1004,596,596,596,,0,,,,0,,,0,408,0,0.607269459509367,0.0211414324250962,0,0.397737979730052,0.524879905524379,0.303738023313094,0.369132849852561,0.402854344490115,0.404786019639992,,0.392730540490633,0.108892564565658,0.300454371681074,,,0.752890819671995,0.553136335118177,0,
"HRV",2011,"Croatia","High Income",0,3632255.25,1029,105,107,0,0,100,0,1.05287563120285,0,107,0,1.05467405509975,0,1024,0,0.109648388777776,0.0100912652134224,0.105146366092338,0.106707002557409,0.115169287277077,0.21299965234701,0.124132250340283,0.547823004531846,0.38223399685255,,0.8896407421399,,,,,,0.524782852343416,0,0
"HRV",2014,"Croatia",,0,3619862,1000,125,141,13,0.00668948550976148,118,0.00935155912092759,1.55300303691012,0.00613621193561156,128,0.00870836402002125,1.5916805193842,0.00088852887087466,987,0.00115861810883933,0.139749036199729,0.0134099388501593,0.132824694750903,0.0394416935775836,0.195511947621347,0.0641677925117169,0.214356634420964,0.408875609603772,0.322148491096856,0.54119757227921,0.860250963800271,,,,,,0.516088696975169,0,0.00088852887087466
"HRV",2017,"Croatia","Europe & Central Asia (excluding high income)",0,3557444.5,1000,121,129,1,0.00538438653049756,121,0.00775914788234746,1.36025999922024,0.00509352284453024,128,0.00734443020433772,1.36246598643935,0.00074644486021411,999,0.00101473274234913,0.138565460606353,0.0128316545900676,0.138631366077861,0.0164257207459604,0.0517788558808594,0,0.0366741783943349,0.281820845309718,0.246866279989279,0.50661090469036,0.861434539393647,,0.171182960238405,0.869295645117311,,,0.51737083741419,0,0.00074644486021411
"HRV",2021,"Croatia","High income",0,3458673.75,1001,48,62,2,0,47,0,1.33339582366057,0,60,0,1.32913113479826,0,999,0,0.0819580533493807,0.0108789709303857,0.0809915299531854,0.0401342921386031,0.260224977632822,0.0785050961328691,0.106193837337116,0.406710940847271,0.534414336069131,0.663596927626277,0.918041946650619,,0.870846103209226,0.976866928447136,0.912160749317604,,0.535914951424469,0,0
"HRV",2024,"Croatia","High income",0,3313982,1000,45,45,45,,0,,,,0,,,0,955,0,0.073595011972687,0.00921553289479747,0,0.177975781080546,0.15187283079045,0.015615447041948,0.0547116390568706,0.395458070203101,0.655357901291033,,0.926404988027313,,0.884525046099646,,,0.87419405451767,0.52553383356171,0,
"HTI",2011,"Haiti","Latin America & Caribbean",0,6445489,504,381,381,39,0.103911956450639,342,0.0182510024498488,1.22344189574464,0.103911956450639,342,0.0182510024498488,1.22344189574464,0.0788924462693001,465,0.0138129613502596,0.779927312026148,0.020424656727607,0.759223952315596,0.263229685210161,0.412577070306584,0.371107402143956,0.37690206168923,0.728768033746913,0.0985410220583411,,0.220072687973852,,,,,,0.50545878441748,0,0.0788924462693001
"HTI",2014,"Haiti","Latin America & Caribbean",0,6710846,504,409,432,42,0.0516188579362667,371,0.0126262107024968,1.20817174031315,0.0544053055623714,390,0.0126574446006607,1.21453601300479,0.0423534716539944,462,0.0103392909474127,0.825039005497995,0.0186607118638169,0.820503849703297,0.185782772756978,0.34363173207514,0.232360691055179,0.189926892377316,0.489461747468202,0.121285068105869,0.116142968826156,0.174960994502005,0.0378268975664815,,,,,0.507697682344459,0,0.0423534716539944
"HTI",2017,"Haiti","Latin America & Caribbean (excluding high income)",0,7230809,504,360,386,26,0.0340700293882821,335,0.0111789567712003,1.27212331096914,0.0418992889625343,360,0.0119257458708505,1.27542752869153,0.0239580037576016,478,0.00789971228631552,0.718110505778366,0.0226281526263616,0.703198799289609,0.0850953861434029,0.199668732483849,0.174519547110097,0.0883250321621655,0.352910895124889,0.0852199110353916,0.0777648468194992,0.281889494221634,0.135171893944838,0.00424731472728343,0.675991464052151,,,0.514876456188231,0,0.0239580037576016
"HUN",2011,"Hungary","High Income",0,8515088,1014,275,276,1,0,275,0,1.50779097983116,0,275,0,1.50779097983116,0,1013,0,0.272404438350473,0.0166311609066525,0.272636821730598,0.105294707545638,0.393646130643075,0.0575690955016931,0.291986033051058,0.702720804611679,0.268482187118817,,0.727363178269402,,,,,,0.542658231332931,0,0
"HUN",2014,"Hungary","Europe & Central Asia",0,8445153,1003,254,309,8,0,247,0,1.39132085926017,0,301,0,1.37353398738466,0,995,0,0.277431726398367,0.0162252337388486,0.272812001248595,0.070775056117573,0.503990704042647,0.0144122475269891,0.344920196690901,0.492304076956661,0.268958945337975,0.697690630469417,0.722568273601633,,,,,,0.533902372680465,0,0
"HUN",2017,"Hungary","High income: nonOECD",0,8408621,1000,275,294,9,0.00230739256115367,268,0.00359308508729877,1.50297430248435,0.00216510185515923,285,0.00336567032852586,1.49434538661866,0.000571941701186795,991,0.000886062628360324,0.250550346852424,0.0159876347549872,0.247873600190871,0.164969708767081,0.645801996505009,0.0434896807909305,0.521274344404503,0.504078786162666,0.31353658641954,0.799208322294031,0.749449653147576,,0.151769360458739,0.890934380375472,,,0.535816399246574,0,0.000571941701186795
"HUN",2021,"Hungary","High income",0,8344953,1003,86,99,3,0.00441189637126543,84,0.00970290126883834,1.8004352577211,0.00379507070882368,96,0.00842448003575488,1.80214149103469,0.00051835750567337,1000,0.000990972616085874,0.117812114081434,0.0140279440233554,0.117490861537324,0.0673930605984189,0.414797893441962,0.115752066052245,0.265981979781871,0.557864036284971,0.222748378872446,0.581003522808459,0.882187885918566,,0.8637168774235,0.964808022160318,0.896572029508002,,0.53001998069172,0,0.00051835750567337
"HUN",2024,"Hungary","High income",0,8202714,1006,108,0,0,,0,,,,0,,,0,898,0,0.130394369230455,0.0136325266791134,0,,,,,,,,0.869605630769545,,,,,0.908352489258808,0.524169838785378,0,
"IDN",2011,"Indonesia","East Asia & Pacific",1,171651328,1000,763,763,6,0.0141359739497821,757,0.0051827793715492,1.45907819342136,0.0141359739497821,757,0.0051827793715492,1.45907819342136,0.0113501308773792,994,0.00408456464252219,0.804180092399455,0.0152632080745213,0.802925282523894,0.371474045607319,0.448375530075698,0.272544562783968,0.0881240729810417,0.837450366716983,0.0922316301861818,,0.195819907600545,,,,,,0.507103157368751,1,0.0113501308773792
"IDN",2014,"Indonesia","East Asia & Pacific",1,177680080,1000,604,612,16,0.0312671607637668,588,0.00820857418311194,1.30803785265585,0.0337884849288593,596,0.00846664396063985,1.30866331013166,0.0198263165199572,984,0.00511097104300664,0.640526395325491,0.0174497097465134,0.634093919487967,0.317947079523392,0.263119416810423,0.241441766081901,0.062044778429301,0.71440599939539,0.241858428567852,0.325781371817458,0.359473604674509,0.0044963146780123,,,,,0.506327482817208,1,0.0198263165199572
"IDN",2017,"Indonesia","East Asia & Pacific (excluding high income)",1,188910304,1000,471,538,13,0.043242531466266,459,0.0110287954600302,1.34944714592266,0.0534827638687146,525,0.0114056183790806,1.34913250759349,0.0220971932866835,987,0.00549002933349099,0.516079411499138,0.0185452329203748,0.51100600583298,0.329426961993868,0.330203586904502,0.271855072808737,0.0812142309420353,0.725450935764994,0.295416461137483,0.267072831140143,0.483920588500862,0.0312391568092754,0.0546828788154621,0.771488854245153,,,0.51118250450463,1,0.0220971932866835
"IDN",2021,"Indonesia","East Asia & Pacific (excluding high income)",1,202582512,1062,491,539,7,0.0621338095712673,486,0.0129953690256077,1.40846039766469,0.0779894070972557,532,0.0137845940450869,1.40581464856923,0.0306545889566589,1055,0.00632965955739894,0.494941541052155,0.0183002423840323,0.493364066491018,0.360689352772417,0.413191186771121,0.291309214661638,0.11294959237103,0.718088611092322,0.427237786521616,0.411594821479908,0.505058458947845,0.0929231763844944,0.371858537004777,0.733954526654415,0.507386645580158,,0.510955946906987,1,0.0306545889566589
"IDN",2024,"Indonesia","East Asia & Pacific (excluding high income)",1,211076339,1068,504,504,504,,0,,,,0,,,0,564,0,0.476080931244197,0.017255418549645,0,0.397369936502179,0.515429857460963,0.333822922233982,0.17778169114498,0.637584601906324,0.522802595878462,,0.523919068755803,0.220129024040787,0.426932784600912,,,0.704626349255763,0.497942489010191,1,
"IND",2011,"India","South Asia",0,857308480,3518,2056,2057,76,0.0795261237390245,1981,0.00717830940960789,1.39446475339911,0.0795261237390245,1981,0.00717830940960789,1.39446475339911,0.0508304416901091,3434,0.00455051423648174,0.645966898335296,0.00978575209165318,0.639166594576091,0.240878475829444,0.24501592568724,0.177419254154855,0.0872473030782264,0.645209743222951,0.422355060281588,,0.352923549095742,,,,,,0.493155066467155,0,0.0508304416901091
"IND",2014,"India","South Asia",0,887889216,3000,1332,1386,66,0.0349745299638172,1270,0.0071595706409669,1.92879919213939,0.0352400388512516,1320,0.00704673792041155,1.9279444690234,0.0160882142217212,2934,0.00326319096096792,0.472461913356368,0.0128022656141292,0.459998011077353,0.232341839374315,0.245588845243282,0.203742665610602,0.0681169308133322,0.511955992153448,0.511516229979472,0.276667372752481,0.527538086643632,0.0235221005320678,,,,,0.490139851254005,0,0.0160882142217212
"IND",2017,"India","South Asia",0,950815296,3000,621,646,52,0.0661926364891476,572,0.0126326393607173,1.47678492665128,0.063390249761807,594,0.0121417498999456,1.47491799138216,0.012602024727014,2948,0.00250102909348927,0.201598137954679,0.00891473354464273,0.190384087950328,0.253076099974186,0.29103075708746,0.226811787473003,0.227611061591924,0.581796446020679,0.530205812779219,0.320429058258151,0.798401862045321,0.019945430844747,0.0117344446844738,0.688525056888842,,,0.491990684560539,0,0.012602024727014
"IND",2021,"India","South Asia",0,1018986816,3000,635,672,15,0.142407380109943,620,0.0159883872658652,1.2977393571977,0.144832816360035,657,0.0156352261007111,1.29674833418088,0.0319115195386366,2985,0.0037307372233046,0.226979489343589,0.00886865097881329,0.224086135943234,0.436429772438147,0.460361401213193,0.279208164054235,0.334376995787876,0.361709310596658,0.515304682832607,0.29764900935554,0.773020510656412,0.104396875238449,0.349317299044962,0.656034256535175,0.278626807989845,,0.48269058634995,0,0.0319115195386366
"IND",2024,"India","South Asia",0,1077731602,3000,299,299,299,,0,,,,0,,,0,2701,0,0.113446396794542,0.0068528566212712,0,0.470493638474437,0.53476682403999,0.300482866500508,0.329402412761903,0.601206304977365,0.695786632528306,,0.886553603205458,0.231007553610962,0.484579645683561,,,0.457305789099183,0.495671252514314,0,
"IRL",2011,"Ireland","High Income",0,3594380.5,1000,36,39,4,0.0419534700142268,34,0.0420777554082316,1.49771630169809,0.0415499264839309,35,0.0415252315278385,1.51548769607598,0.00222889161360141,994,0.00200353143092116,0.0554114706583225,0.00967901962381796,0.0531277058332857,0.200641690483227,0.358221484265273,0.112797140110477,0.103170804516468,0.41859168055485,0.582550368831797,,0.944270593407017,,,,,,0.52343074900451,0,0.00222889161360141
"IRL",2014,"Ireland","High Income: OECD",0,3602198.25,1000,30,36,2,0.0202982737826302,28,0.0312794179259948,1.37759760029931,0.0169984220616424,34,0.0258355745612904,1.35816439929993,0.00103106702259256,998,0.00124030556261853,0.0528986125538809,0.00863954436429589,0.0507957983833519,0.0622171110408726,0.315380820726848,0.0673058608971359,0.23123048310458,0.396580227878233,0.387835684426957,0.345191072628222,0.947101387446119,,,,,,0.50247875629337,0,0.00103106702259256
"IRL",2017,"Ireland","High income: OECD",0,3737161.5,1000,37,64,2,0,35,0,1.16140487343475,0.021859415764107,62,0.0203717276579363,1.20339328468824,0,998,0,0.0465954711915401,0.00737499366598273,0.0454026274563102,0.0306056641522572,0.221546737290727,0.179695802835783,0.0861399997123952,0.533602972237468,0.567037761312693,0.226229690762534,0.95340452880846,,,0.960748771019442,,,0.511215163972961,0,0
"IRL",2021,"Ireland","High income",0,3954209.5,1000,4,8,2,0,2,0,1.03273064095717,0.124140066367737,6,0.149568838288327,1.2344879587995,0,998,0,0.00336601157808234,0.00252240855363502,0.00184808336156187,0.779731614962686,0.319332799907498,0,0.220268385037314,0.319332799907498,0.680667200092502,0.319332799907498,0.996633988421918,,0.982163399656721,0.948196533171904,0.89447259250198,,0.508705647053993,0,0
"IRL",2024,"Ireland","High income",0,4298252,1000,13,0,0,,0,,,,0,,,0,987,0,0.0170708177491246,0.00590077965818397,0,,,,,,,,0.982929182250875,,,,,0.948066317260841,0.499041236155129,0,
"IRN",2017,"Iran, Islamic Rep.","Middle East & North Africa (excluding high income)",1,61272712,1004,63,146,9,0.104594219648068,61,0.0507344343244507,1.67651677070994,0.0798337463188319,137,0.0287302067985999,1.53937794384939,0.00673597772614618,995,0.00333303064756612,0.0664372378921391,0.0100898668630883,0.0644010514998916,0.0780622516313325,0.145826923632554,0.123802431258876,0.131413307952693,0.535177678006677,0.518235992862513,0.264913891505777,0.933562762107861,0.262966091190745,,0.883353678421777,,,0.510245645132775,0,0.00673597772614619
"IRN",2021,"Iran, Islamic Rep.","Middle East & North Africa (excluding high income)",1,63209152,1005,79,102,3,0.129834102043361,77,0.0444795015512869,1.34840300265577,0.154429150551397,99,0.0421503496991532,1.34697108720935,0.013354150002458,1002,0.0040679481424291,0.103796268779603,0.0107929849236256,0.102855488598813,0.09193154306769,0.266387454158369,0.0964336791981946,0.185120364254847,0.519343655847331,0.44090795128167,0.301696238960422,0.896203731220397,0.123863507663327,0.844911345742591,0.875647748483145,0.691498624766907,,0.497282348054172,0,0.013354150002458
"IRN",2024,"Iran, Islamic Rep.","Middle East & North Africa (excluding high income)",1,69914781,1008,87,0,0,,0,,,,0,,,0,921,0,0.0893899553643238,0.0106175454607317,0,,,,,,,,0.910610044635676,0.131040104950472,0.859849154527033,,,0.774814873926239,0.499502458154235,0,
"IRQ",2011,"Iraq","Middle East & North Africa",1,18769614,1000,853,851,136,0.292173314563096,713,0.0208372189628373,1.4969302390518,0.291489958181152,715,0.0208098654427837,1.49925317784431,0.254726223216939,860,0.0183821033972591,0.890767689247401,0.0121279482875257,0.871832609346427,0.173360351298937,0.205285711283631,0.1531644468438,0.385866491971135,0.749207805207618,0.12273487805491,,0.105928841343928,,,,,,0.493057434512423,1,0.254726223216939
"IRQ",2014,"Iraq","Middle East",1,20031196,1007,878,890,16,0.195446978769174,862,0.0167251689232603,1.53343248720114,0.196873567484703,874,0.0166639138448104,1.53494961780721,0.173530387226702,991,0.0149593397762999,0.890276509301768,0.01224496567785,0.88786426026899,0.2229345226165,0.535540426360209,0.287998450973832,0.25684559561582,0.750861995755018,0.117605890052205,0.305671974190679,0.109723490698232,,,,,,0.504485054038739,1,0.173530387226702
"IRQ",2017,"Iraq","Middle East & North Africa (excluding high income)",1,22122044,1000,781,901,35,0.137797857295348,752,0.0153870450994669,1.49856895625025,0.13301149379953,866,0.0141015283580524,1.49330235960865,0.10968180664328,965,0.0123361123415763,0.796744818228453,0.0156595554813619,0.795961626661542,0.286026985350327,0.520712190966968,0.270353364381611,0.274599940973909,0.799095422041615,0.101648375915226,0.377737392817023,0.203255181771547,0.0421475557886726,,1,,,0.499690433841506,1,0.10968180664328
"IRQ",2021,"Iraq","Middle East & North Africa (excluding high income)",1,25053090,1012,834,882,8,0.239151037226428,829,0.0189547110069319,1.63688490417921,0.235973720136868,874,0.0184483560994642,1.64988943786815,0.203083505391615,1004,0.0162982751135271,0.842376061576822,0.0147652272655273,0.849185133156401,0.257345112204566,0.535544918871607,0.19235660362366,0.404339386858668,0.782336461019741,0.107096182572718,0.447940445083972,0.157623938423178,0.0480550502912926,0.142359958608513,0.850951883124297,0.72580496753116,,0.498244295091363,1,0.203083505391615
"IRQ",2024,"Iraq","Middle East & North Africa (excluding high income)",1,28355455,1000,638,638,638,,0,,,,0,,,0,362,0,0.717338037482764,0.0172312896204008,0,0.284400443839329,0.387641217970919,0.073333530949329,0.41078133686518,0.605902073307102,0.25419935158593,,0.282661962517236,0.118649862957934,0.249791766774297,,,0.761658859855435,0.483306948628358,1,
"ISL",2021,"Iceland","High income",0,295249.5625,502,0,0,0,,0,,,,0,,,0,502,0,0,0,0,,,,,,,,1,,0.998739952085351,0.999054064384685,0.984804840712531,,0.495556846479914,0,
"ISL",2024,"Iceland","High income",0,322325,500,1,0,0,,0,,,,0,,,0,499,0,0.00145164190028332,0.00190152946651574,0,,,,,,,,0.998548358099717,,,,,0.988264651095426,0.491322576936711,0,
"ISR",2011,"Israel","High Income",0,5642540,1000,59,52,0,0.0344588094982978,52,0.0298117118695404,1.38901232390156,0.0344588094982978,52,0.0298117118695404,1.38901232390156,0.00299431879270833,993,0.00201512277800861,0.0920971474633684,0.0106243872866145,0.0868955961132737,0.0653520462429714,0.281672429020635,0.279834547180507,0.222981016132178,0.602756396635796,0.374752650211945,,0.90760566999014,,,,,,0.511756353837062,0,0.00299431879270833
"ISR",2014,"Israel","High Income: OECD",0,5823858,1000,68,85,10,0.0544251349393877,65,0.0297706369244554,1.11942286942483,0.0807515064029494,75,0.0333542705234829,1.12403697484249,0.00531282296101948,990,0.00252351674296508,0.100472242317038,0.0103837093058223,0.0976170838517218,0.0374146224231004,0.188442121370531,0.306813261707231,0.150401244778987,0.439900234356918,0.526560547497866,0.606030647107592,0.899527757682962,,,,,,0.511422056129073,0,0.00531282296101948
"ISR",2017,"Israel","High income: OECD",0,6161980,1000,39,39,1,0.0130413767098749,38,0.0195803905638535,1.13188918739633,0.0130413767098749,38,0.0195803905638535,1.13188918739633,0.000918918272929971,999,0.00107463272801294,0.0718503315824363,0.00915337878884982,0.0704617536455461,0.052709713569101,0.145437894235421,0.333760879574729,0.107019360184568,0.67217160184586,0.604234840211554,0.688483578592582,0.928149668417564,,0.369085356540182,0.989188697345071,,,0.509609359163891,0,0.000918918272929971
"ISR",2021,"Israel","High income",0,6651977.5,1000,70,75,0,0.135896107036754,70,0.0431293747407563,1.10884638930648,0.126467330211843,75,0.0405140929058519,1.11433558695535,0.00961434891964701,1000,0.00332107053096478,0.070747787624606,0.00872648252132612,0.070747787624606,0.070668394217707,0.175277992073498,0.264178270751318,0.155069192365228,0.728459524429701,0.670682337896802,0.889160488955104,0.929252212375394,,0.911586720396557,0.95970762259481,0.861617719178256,,0.511406263259174,0,0.00961434891964701
"ISR",2024,"Israel","High income",0,7062352,1001,76,0,0,,0,,,,0,,,0,925,0,0.107308025880174,0.0107464024601639,0,,,,,,,,0.892691974119826,,,,,0.860863418797598,0.507758230032929,0,
"ITA",2011,"Italy","High Income",0,51042232,1005,188,220,73,0.00487124779529283,146,0.0073723473436339,1.63698589054116,0.00486804217411338,147,0.00736522554334717,1.64609323674928,0.00110409898956514,922,0.00148939327350439,0.249351275492985,0.0186476962251255,0.226656297516223,0.00513061228386672,0.248293828815089,0.0661101414878667,0.123587071698763,0.430654640170759,0.412636874502925,,0.740106557834707,,,,,,0.549354623479684,0,0.00110409898956514
"ITA",2014,"Italy","High Income: OECD",0,51421024,1000,75,82,3,0.0793901236186847,73,0.0403424977021347,1.62557240425497,0.0747346541390494,79,0.0376046662298817,1.61555683934849,0.00995833669683808,997,0.00420181880961659,0.126654229341542,0.0140543026563269,0.125435460267936,0.140440208307475,0.494305595521205,0.216468525093473,0.269064495294469,0.48297818941592,0.543563116826585,0.216181686307591,0.873345770658458,,,,,,0.520657918781237,0,0.00995833669683808
"ITA",2017,"Italy","High income: OECD",0,52353952,1000,44,61,2,0.102889097929408,42,0.0550132381958962,1.37710867704336,0.0917081262466625,59,0.0450143605737834,1.43522811604577,0.0058161365144144,998,0.00293922711863322,0.062149799670244,0.00933194518921886,0.0565282098051325,0.262735161735592,0.626092359643937,0.257279496396814,0.413924068151662,0.512415698895374,0.476068261765063,0.297052306628803,0.937850200329756,,,0.971142024942331,,,0.521043095467445,0,0.0058161365144144
"ITA",2021,"Italy","High income",0,51819568,1000,12,18,2,0,11,0,1.42346485565233,0.0100574862653973,16,0.0306047839899217,1.50521728178035,0,998,0,0.0270544345210049,0.00812272599756759,0.0267889200229393,0.211174861573676,0.299680167936115,0.0788675274099509,0.163101849930816,0.55051779969431,0.966996780828525,0.487392639084976,0.972945565478995,,0.957753255144847,0.983202115456905,0.908720154358312,,0.482005174194721,0,0
"ITA",2024,"Italy","High income",0,51829051,1001,72,0,0,,0,,,,0,,,0,929,0,0.139808906721008,0.0154472602334497,0,,,,,,,,0.860191093278992,,,,,0.894407421184721,0.515201098515478,0,
"JAM",2011,"Jamaica","Latin America & Caribbean",0,1931953,506,141,152,29,0.0406403142314651,121,0.0201116153739571,1.25528042930562,0.040047642763008,123,0.0197851591640662,1.25244184851592,0.010146561877224,477,0.00508651483385582,0.268761437666198,0.0218559347444154,0.249667407083389,0.0433428740310676,0.144577919138954,0.2331127271538,0.142842792779628,0.601835123279716,0.106975553818399,,0.725382749189743,,,,,,0.513394966948025,0,0.010146561877224
"JAM",2014,"Jamaica","Latin America & Caribbean",0,1977427.5,504,115,127,6,0.156811170684314,110,0.0384880214497796,1.23237254828241,0.154381894368875,121,0.0365722574849619,1.23970476059143,0.0327033427452388,498,0.00895782244442937,0.216540380946899,0.0206212245812334,0.208552379288564,0.271973401616972,0.566295111052483,0.304941619087987,0.286470635515575,0.701932015760517,0.174309535787916,0.242150268066481,0.783459619053101,0.00916503120431124,,,,,0.514657276082244,0,0.0327033427452388
"JAM",2021,"Jamaica","Latin America & Caribbean (excluding high income)",0,2269488.5,502,136,153,5,0.0825684070640131,131,0.0273558517930566,1.29414870570892,0.0728244757230301,148,0.0242021503190258,1.28389733718323,0.0220149767986249,497,0.00767277394840336,0.273299559696894,0.0231666426459719,0.266627122666389,0.308892778381911,0.45611670510576,0.40574471297142,0.373291093843728,0.616492178120302,0.240649441791791,0.271890987249607,0.726700440303106,0.126601306162648,0.496684523167011,0.902679946894467,0.76283160782594,,0.508177771829522,0,0.0220149767986249
"JOR",2011,"Jordan","Middle East & North Africa",1,4043025.25,1000,639,638,3,0.09746149213974,635,0.0138143856347477,1.37764740726252,0.09746149213974,635,0.0138143856347477,1.37764740726252,0.0725621016530513,996,0.00993638453206434,0.745289028485765,0.0166526586364937,0.744520733881357,0.0349631098246332,0.231494553064387,0.0421798074906533,0.0142922392968678,0.700568919002354,0.273685807328941,,0.254710971514235,,,,,,0.502633922113503,1,0.0725621016530513
"JOR",2014,"Jordan","Middle East",1,4260484.5,1000,691,694,1,0.0620598106721806,690,0.0105390973907264,1.31664997395144,0.0618220163972346,693,0.0104937925802567,1.3157391063953,0.0467562872012805,999,0.00780886445652703,0.753840900933818,0.0159236087725142,0.753406861781482,0.0283487121188939,0.0239819987179804,0.0376235453083734,0.0093460192464975,0.81787880090004,0.248299671908198,0.155163167411272,0.246159099066182,0.00468665840138393,,,,,0.489097041280775,1,0.0467562872012805
"JOR",2017,"Jordan","Middle East & North Africa (excluding high income)",1,6072449,1012,597,642,12,0.173575374060204,585,0.0178542449531376,1.30001236771526,0.179801832527251,630,0.0174269418514962,1.29738838420371,0.0997505292382238,1000,0.0108096537509612,0.579172225925988,0.017693349286002,0.574681343930882,0.0482456219568038,0.352614848494315,0.144346609893151,0.158103293735381,0.760045872693289,0.288452883372901,0.46982175833931,0.420827774074012,0.0106096842905169,0.0241940132924927,0.894737563014963,,,0.464753476227768,1,0.0997505292382238
"JOR",2021,"Jordan","Middle East & North Africa (excluding high income)",1,6851016,1009,496,535,4,0.158951905621891,492,0.0188975363872331,1.31428306902455,0.154660702722039,531,0.0179254763670735,1.30504322106131,0.089647829572675,1005,0.0105737957773629,0.566460541081175,0.0183071504435739,0.563993424438245,0.0820480051558433,0.27020096487559,0.0931695322536854,0.111795253375282,0.870646619697475,0.26105379484846,0.393575337901395,0.433539458918825,0.106597835682301,0.363697384331537,1,0.889761646360267,,0.46787975089226,1,0.089647829572675
"JOR",2024,"Jordan","Middle East & North Africa (excluding high income)",1,7867178,1006,583,583,583,,0,,,,0,,,0,423,0,0.604229356838407,0.0180250052324442,0,0.202790515914784,0.447393854635038,0.306028721229662,0.152889863050039,0.763796414791361,0.429218960632386,,0.395770643161593,0.205639167812616,0.382264798177563,,,0.892666785960633,0.480415343821709,1,
"JPN",2011,"Japan","High Income",0,110947104,1000,10,15,7,0,8,0,1.26188852376009,0,8,0,1.26188852376009,0,992,0,0.0238966044786517,0.00595576932972484,0.0198404678445107,0.105695845578736,0,0.471077444843531,0,0.124223679720514,0.693085520647088,,0.975816019398506,,,,,,0.515798903609596,0,0
"JPN",2014,"Japan","High Income: OECD",0,110719064,1006,16,19,4,0,12,0,1.36366582814399,0,15,0,1.38705747258863,0,1002,0,0.0335441777061869,0.00688214022998413,0.0269485952586605,0,0,0.149488174686983,0.0677466258434045,0.188222072445967,0.703050423229406,0.4463549595277,0.966455822293813,,,,,,0.525145000940179,0,0
"JPN",2017,"Japan","High income: OECD",0,110566824,1005,14,21,3,0.0386624322952176,12,0.0645189700800532,1.34397444689891,0.127103980695598,18,0.0932319083915667,1.41019765441453,0.000643561784905692,1002,0.000967371558023193,0.0175660799340062,0.00500430064093308,0.0166456621247106,0.307950733179293,0.191222000750992,0.498724112819258,0.116048280911857,0.41992784434159,0.631215451257842,0.195479384547889,0.982433920065994,,,0.887777938314261,,,0.544879068945088,0,0.000643561784905692
"JPN",2021,"Japan","High income",0,110171256,1010,10,14,1,0.196908761260618,9,0.139875022673267,1.11350692220512,0.138051786173373,13,0.101181034283511,1.1184546441574,0.00271985424881613,1009,0.00185446849940701,0.0151057996002739,0.00434040157701295,0.0138127639999537,0.122407995407352,0.312749182125507,0.154040753747238,0.431268632671471,0.580144633535908,0.52305329699693,0.5807973425132,0.984894200399726,,0.957906039649693,0.948245333534525,0.805192628395442,,0.514872694026823,0,0.00271985424881613
"JPN",2024,"Japan","High income",0,110011344,1008,13,0,0,,0,,,,0,,,0,995,0,0.0147644079082215,0.00438554361448438,0,,,,,,,,0.985235592091779,,,,,0.833434851149139,0.513198605384471,0,
"KAZ",2011,"Kazakhstan","Europe & Central Asia",1,12389543,1000,549,554,92,0.0203422757864199,459,0.00714940456305058,1.17727664070786,0.0201782153675297,462,0.00709779138747997,1.17722260553785,0.0107429628451926,908,0.00373588186342409,0.573347348585878,0.0170625456232526,0.528110175969811,0.138089876437813,0.173985905316889,0.186602742281933,0.240395245522259,0.696184056171056,0.250538161026681,,0.423422822648776,,,,,,0.535561618096178,1,0.0107429628451926
"KAZ",2014,"Kazakhstan","Europe & Central Asia",1,12647111,1000,422,523,71,0.113970838238177,386,0.0186636236210069,1.33148868946652,0.106016334101602,452,0.0167028752620248,1.3305112276336,0.0517133256687511,929,0.00829527431524557,0.460925832388429,0.0180295761714061,0.453741733132474,0.189461826688661,0.174604783529819,0.0827439561103801,0.167401011797366,0.316735068321257,0.248800156457448,0.763457739114695,0.539074167611571,,,,,,0.531662438521108,1,0.0517133256687511
"KAZ",2017,"Kazakhstan","Europe & Central Asia (excluding high income)",1,12920168,1000,339,448,35,0.0442121211384226,313,0.0140676506396032,1.46583341104311,0.0400192595354088,413,0.0116801151388504,1.4666035457703,0.017527086846927,965,0.00503167685231993,0.413024648078828,0.0185619024400879,0.396431711386384,0.117501905063358,0.182708332222548,0.118872900687093,0.161060466341912,0.353837840952515,0.392830461641311,0.576709941609739,0.586975351921172,,0.0850141467678138,0.880919363210074,,,0.531442308432488,1,0.017527086846927
"KAZ",2021,"Kazakhstan","Europe & Central Asia (excluding high income)",1,13288614,1000,159,218,11,0.0546330017194339,152,0.0219003192036298,1.41152630955838,0.0488607403659512,207,0.0178211178047673,1.41460789007781,0.0100552001972379,989,0.0038344645190401,0.188915354803377,0.0149703188001997,0.184049931008296,0.425708380166418,0.332190699673585,0.153981333093635,0.296473271385924,0.410681879771965,0.526550126770672,0.608544004957825,0.811084645196623,,0.779264797771942,0.919212866499637,0.809441153025177,,0.527997900060833,1,0.0100552001972379
"KAZ",2024,"Kazakhstan","Europe & Central Asia (excluding high income)",1,14324777,1000,129,129,129,,0,,,,0,,,0,871,0,0.15802777045539,0.012833157981181,0,0.269396440524575,0.375510879572496,0.201846373477466,0.268291042304398,0.322874916656609,0.689427618926324,,0.84197222954461,0.488575255414164,0.850222245523327,,,0.883825340241229,0.526295285642113,1,
"KEN",2011,"Kenya","Sub-Saharan Africa",0,24173248,1000,552,552,0,0.0385861141713797,552,0.0105012689193759,1.64089655276136,0.0385861141713797,552,0.0105012689193759,1.64089655276136,0.0222474205251935,1000,0.00592825123841369,0.576565456329235,0.0198604797630215,0.576565456329235,0.348592370150173,0.429461319640811,0.252603186155717,0.115877651645638,0.884824196488155,0.0532705732142729,,0.423434543670765,,,,,,0.510634190018346,0,0.0222474205251935
"KEN",2014,"Kenya","Sub-Saharan Africa",0,25625358,1000,409,466,0,0.0553111015637576,409,0.0139078680388499,1.51406078477771,0.0508805289846161,466,0.0124648249220213,1.49929047403837,0.0247763091292316,1000,0.00609525905289704,0.447944597535664,0.0194995785488697,0.447944597535664,0.353093749182882,0.343815402113498,0.278089813457484,0.159186447627655,0.803297184082562,0.0925599908461898,0.225080399125606,0.552055402464336,0.583926336777741,,,,,0.531682201462508,0,0.0247763091292316
"KEN",2017,"Kenya","Sub-Saharan Africa (excluding high income)",0,28647916,1000,430,481,1,0.0391239344245759,429,0.0117963782637485,1.58797907228908,0.0366613547448634,480,0.0108128462719806,1.58903624166197,0.0173046944009002,999,0.00510688524083771,0.44282048283829,0.0194399669609745,0.442304554882143,0.345393027796692,0.417252192185362,0.298357916718648,0.218150041675392,0.822615247311301,0.116798772823004,0.205335449020931,0.55717951716171,0.729316807234182,0.0297169279402777,0.860916357052828,,,0.527648097141558,0,0.0173046944009002
"KEN",2021,"Kenya","Sub-Saharan Africa (excluding high income)",0,33021168,1000,464,542,1,0.0640865558484196,463,0.0132235557783486,1.34981694513264,0.0651610555266902,541,0.0123437643640298,1.35321749334655,0.0316531296220815,999,0.00649367372573346,0.494267525821466,0.0185345045309369,0.493912166179579,0.276849788987334,0.346693867667844,0.355574158768769,0.239968884064308,0.817165721747591,0.139363281781975,0.185862758235824,0.505732474178534,0.686586915682757,0.775564624499297,0.846385213378934,0.474617741658826,,0.513446079093211,0,0.0316531296220815
"KEN",2024,"Kenya","Sub-Saharan Africa (excluding high income)",0,34616135,1000,520,0,0,,0,,,,0,,,0,480,0,0.545721556328281,0.0181054100988796,0,,,,,,,,0.454278443671719,0.874994112747318,0.892834970616173,,,0.604938320326358,0.511202147579284,0,
"KGZ",2011,"Kyrgyz Republic","Europe & Central Asia",1,3855283.25,1000,951,951,42,0.0751175434500393,909,0.0100961242166418,1.33366064302903,0.0751175434500393,909,0.0100961242166418,1.33366064302903,0.0721883708386621,958,0.00967651388128507,0.962427357123478,0.00695583290133674,0.961005479188421,0.323862188340072,0.227515959098896,0.108565498945929,0.223843038590919,0.730050361584638,0.0261051739497359,,0.0375726428765217,,,,,,0.523397984472354,1,0.0721883708386621
"KGZ",2014,"Kyrgyz Republic","Europe & Central Asia",1,3983609,1000,777,858,92,0.0999220903343913,702,0.0137802089174501,1.48220100006529,0.110337885136412,766,0.0137726009570379,1.48016777937567,0.0810115633757273,908,0.0111227227908768,0.815293987925351,0.0150690271184711,0.810747284255368,0.228760195026249,0.230216307205801,0.097874005616739,0.200375137935755,0.415509729131252,0.138526791687381,0.363362406505774,0.184706012074649,,,,,,0.531861587252804,1,0.0810115633757273
"KGZ",2017,"Kyrgyz Republic","Europe & Central Asia (excluding high income)",1,4165726.5,1000,581,741,43,0.11287023244365,545,0.0167317348294896,1.52374353808328,0.112777622537597,698,0.0147569369335753,1.5191212648768,0.0685571519627518,957,0.0101439624269512,0.617168354975082,0.0190957247290118,0.60739798686052,0.232781306287012,0.275289748179161,0.203137021369673,0.251554318087948,0.537256432791919,0.180570954438748,0.407450124733127,0.382831645024917,0.0310687629500629,0.00539099596498543,0.91808882755988,,,0.530056611669403,1,0.0685571519627517
"KGZ",2021,"Kyrgyz Republic","Europe & Central Asia (excluding high income)",1,4439519,1000,529,608,21,0.081445960951296,509,0.0142467813366651,1.38094708225814,0.0831377629210151,587,0.0134235651301676,1.3876228086465,0.0473772315006967,979,0.00812894614911546,0.590295125007076,0.0186206479177359,0.581701424445441,0.370870028080391,0.313274077884803,0.214808134405402,0.223517564396708,0.630488189725953,0.278879329088712,0.610643668424607,0.409704874992924,0.114294362809333,0.394278384325509,0.914240606417927,0.849421076658658,,0.518447942683549,1,0.0473772315006967
"KGZ",2024,"Kyrgyz Republic","Europe & Central Asia (excluding high income)",1,4780143,1000,285,285,285,,0,,,,0,,,0,715,0,0.300414526705594,0.0161201302222124,0,0.348797296184952,0.269748538434018,0.20184504708807,0.26766088541284,0.530801861405618,0.524879963492224,,0.699585473294406,0.310351086424767,0.674604547389086,,,0.920286124968991,0.519751550370293,1,
"KHM",2011,"Cambodia","East Asia & Pacific",0,10012589,1000,961,961,0,0.0420899658359905,961,0.00819684239021206,1.60144954681724,0.0420899658359905,961,0.00819684239021206,1.60144954681724,0.0405495944509386,1000,0.00787322136715633,0.963402883455546,0.00749506398871189,0.963402883455546,0.155876089274159,0.102916150348233,0.101872395297883,0.152918894208693,0.867675609912069,0.0202992375310651,,0.0365971165444537,,,,,,0.541137802835396,0,0.0405495944509386
"KHM",2014,"Cambodia","East Asia & Pacific",0,10430630,1000,845,868,55,0.292349482234857,791,0.0202962037459011,1.57501594066285,0.28865757391564,813,0.0200036057618203,1.58432928586595,0.253752759999962,945,0.0179501888834404,0.874435058472027,0.0132473656852366,0.867977456502253,0.511909789852028,0.532360988299668,0.569838893959463,0.34865827347041,0.837110811647926,0.212676058453636,0.537499658098002,0.125564941527973,0.132945547224624,,,,,0.560154788172091,0,0.253752759999962
"KHM",2017,"Cambodia","East Asia & Pacific (excluding high income)",0,10814416,1600,1298,1375,162,0.157127790909981,1143,0.0128402281591931,1.42290849654639,0.154459659514764,1213,0.0123652385556563,1.42009171588758,0.127125172441038,1438,0.0104678637509658,0.821978310745429,0.0114153430545322,0.809055939148714,0.32986363728672,0.298030070794042,0.348561866313957,0.201202535758735,0.7407943136126,0.130145508225184,0.322548783888917,0.178021689254571,0.0565950868226784,0.000619312145730801,0.72234396325922,,,0.54432038852723,0,0.127125172441038
"KHM",2021,"Cambodia","East Asia & Pacific (excluding high income)",0,11548637,1000,715,824,57,0.0934965871904531,666,0.0158246787239918,1.96779036791132,0.0921431504069044,767,0.014673727653842,1.97422133542643,0.0623198484814404,943,0.0110080011092297,0.674033661299585,0.0207246509191296,0.666546773033485,0.355154172404273,0.327024846145954,0.400408869284053,0.178684892358704,0.915348973660581,0.148607095918336,0.549986301329122,0.325966338700415,0.0659823328306888,0.260773154731364,0.814428709187792,0.693219006318104,,0.538715218883713,0,0.0623198484814404
"KHM",2024,"Cambodia","East Asia & Pacific (excluding high income)",0,12177453,1000,695,695,695,,0,,,,0,,,0,305,0,0.627311215281469,0.0196482067013986,0,0.457072519155529,0.338432911289686,0.595962443160758,0.1941633124212,0.821819437231757,0.366941117223201,,0.372688784718531,0.168896940797193,0.323020485030356,,,0.810040364395868,0.533102201023754,0,
"KOR",2011,"Korea, Rep.","High Income",0,41950696,1001,62,60,3,0.00544062488983443,56,0.0107934511953301,1.20567204580509,0.0052633465726404,57,0.0105382745289792,1.2090486687712,0.00034048262227115,995,0.000663022419397843,0.0674343710484188,0.00898745395360765,0.0625815286231784,0.111995429663005,0.107373123752332,0.172826525239649,0.0797591884264457,0.337237694176743,0.49283226182914,,0.932423926072496,,,,,,0.513513754108651,0,0.00034048262227115
"KOR",2014,"Korea, Rep.","High Income: OECD",0,42742632,1000,36,54,7,0,31,0,1.29079126306691,0,47,0,1.45712170328445,0,993,0,0.0563918646212687,0.00937391657878034,0.0520569184778939,0.110518110604084,0.0752008001817569,0.245851039443599,0.0970674755483457,0.370673555541924,0.478185240926221,0.343963290012896,0.943608135378731,,,,,,0.5123427329577,0,0
"KOR",2017,"Korea, Rep.","High income: OECD",0,44250416,1000,41,41,0,0,41,0,1.34222242440966,0,41,0,1.34222242440966,0,1000,0,0.0514898730802188,0.00846283497274954,0.0514898730802188,0,0.0255296704394325,0.163600359927752,0.0186564654250855,0.42174577440313,0.453880720894023,0.529076328229571,0.948510126919781,,,0.968123482885063,,,0.501776422293546,0,0
"KOR",2021,"Korea, Rep.","High income",0,45285840,1011,7,29,2,0.113461935188333,7,0.137864490442324,1.32268158158258,0.0818143203171717,27,0.0688501893926343,1.70378268677954,0.00150866840759473,1009,0.00154251790089177,0.0132865290618128,0.0045474807158196,0.0132966920147318,0.113461935188333,0.155959758802485,0.767120106668907,0.237349735436849,0.155959758802485,0.281382163437842,0.693944098341644,0.986713470938187,,0.979389372051234,0.971535055576539,0.865637550987637,,0.476485563095653,0,0.00150866840759473
"KOR",2024,"Korea, Rep.","High income",0,46039322,1003,29,0,0,,0,,,,0,,,0,974,0,0.0325625097606979,0.0070851368446,0,,,,,,,,0.967437490239302,0.601022032736356,,,,0.865737840304529,0.503101683887563,0,
"KWT",2011,"Kuwait","High Income",1,2341381,1000,114,110,2,0.0224601805199137,108,0.0157184816064061,1.21533845064656,0.0224601805199137,108,0.0157184816064061,1.21533845064656,0.00283529165002643,994,0.00198673900982339,0.132267559155189,0.0126101599984602,0.126236369628133,0.024009276084267,0.148948368635364,0.326272701794047,0.0301905661019944,0.324488326574841,0.828078622281172,,0.867732440844811,,,,,,0.452834894570034,0,0.00283529165002643
"KWT",2014,"Kuwait",,1,2533895,1013,231,249,2,0.101955605117835,229,0.0238237613513107,1.4195386746819,0.0993579193652678,247,0.0226939000827366,1.42154465590114,0.0275094905021373,1011,0.00619408772368276,0.270918161966491,0.0168119526014889,0.26981832406706,0.0698246601192163,0.182896199970343,0.177943222454632,0.157437167396511,0.534578289229073,0.58395890145108,0.382428796399764,0.729081838033509,,,,,,0.417621717118279,0,0.0275094905021373
"KWT",2017,"Kuwait","High income: nonOECD",1,3202418,1000,161,168,0,0.0266175411200029,161,0.0140695397413677,1.23008240887808,0.0256314944154561,168,0.0135429796895272,1.2337880803397,0.00536605598679637,1000,0.00267143762643233,0.20159848584826,0.0146703376474205,0.20159848584826,0.0628661605766671,0.307887943097446,0.23519441458703,0.0507796272703958,0.658892193816802,0.441096825946897,0.31223158010906,0.79840151415174,,,0.998909731658173,,,0.352147866595111,0,0.00536605598679637
"KWT",2024,"Kuwait","High income",1,3950546,1003,211,0,0,,0,,,,0,,,0,792,0,0.255421438569719,0.017740111102495,0,,,,,,,,0.744578561430281,,,,,0.959946974718345,0.350078164761464,0,
"LAO",2011,"Lao PDR","East Asia & Pacific",0,4162962,1000,695,695,0,0.0095619026731611,695,0.00439225140569548,1.41575312698786,0.0095619026731611,695,0.00439225140569548,1.41575312698786,0.00700185096014981,1000,0.00316969022391487,0.73226544961632,0.0168314933989683,0.73226544961632,0.206009452770647,0.125977425055815,0.0791369089645725,0.0748367922515965,0.850726711586921,0.083774573860176,,0.26773455038368,,,,,,0.51741072315435,0,0.00700185096014981
"LAO",2017,"Lao PDR","East Asia & Pacific (excluding high income)",0,4509951,1000,669,682,68,0.0377449111596357,604,0.00889096197204852,1.31457636576762,0.0393689963754477,614,0.00899806499859343,1.3144851391243,0.0260480331630514,932,0.00601061115170176,0.709435810821147,0.0165508991180682,0.6901071525347,0.377791686086094,0.209750754584921,0.256994354908149,0.0702261824792224,0.80981001706326,0.17796237787073,0.46687569412484,0.290564189178853,,0.00789322989915016,0.7311327568981,,,0.510658527987268,0,0.0260480331630514
"LAO",2021,"Lao PDR","East Asia & Pacific (excluding high income)",0,4951217.5,1000,591,602,41,0.159906776330838,552,0.019013627797419,1.48550700525029,0.156671652789648,561,0.0186832496751549,1.48211046122932,0.0977339140711272,959,0.0117430763054823,0.626799710037687,0.0186824868027817,0.611193073324931,0.466466872334675,0.362063916540084,0.436245300164113,0.18422166239703,0.819710679333134,0.202265741524373,0.617806207170216,0.373200289962313,0.0547998208631673,0.212486888265223,0.828040400136366,0.484218847674071,,0.5152341854264,0,0.0977339140711272
"LAO",2024,"Lao PDR","East Asia & Pacific (excluding high income)",0,5322750,1000,580,580,580,,0,,,,0,,,0,420,0,0.627700987908426,0.0195248195826956,0,0.4737358296788,0.359312230694154,0.454283528446084,0.209761865217755,0.763929628993087,0.427248928940925,,0.372299012091574,0.118384276782264,0.265297340443367,,,0.70165301961761,0.500164708305388,0,
"LBN",2011,"Lebanon","Middle East & North Africa",1,3389630,1004,605,606,33,0.0784077899008337,571,0.012408753860858,1.21673062867297,0.0782100724296061,573,0.0123734691611774,1.21686650242668,0.0480576656096895,970,0.00761611175770307,0.628238570067939,0.016918039828135,0.612919528410001,0.0259915585691273,0.280476643076055,0.0125373028409113,0.0722152131167885,0.838160984534841,0.200836304118063,,0.370825118637395,,,,,,0.526414716793781,1,0.0480576656096895
"LBN",2014,"Lebanon","Middle East",1,3537208.5,1000,463,477,2,0.0295940692437125,461,0.00916620424478705,1.34872018713436,0.0300948763207811,475,0.00909710104724339,1.34672161496198,0.0156497051931274,998,0.00461919098763046,0.530728643320563,0.0185562213162928,0.528812211130862,0.00718294665033588,0.0777761565740273,0.0235150737398682,0.0701524186246045,0.644815030054131,0.25718662687839,0.324521507230334,0.469271356679437,0.00670737612002946,,,,,0.524917338071641,1,0.0156497051931274
"LBN",2017,"Lebanon","Middle East & North Africa (excluding high income)",1,4591023,1000,482,490,0,0.0278351608608516,482,0.00857074502598231,1.30843015245996,0.0285051043703123,490,0.00859828847197788,1.30814818983298,0.0153785298581742,1000,0.00454858817671364,0.552485754799539,0.0183801280116519,0.552485754799539,0.00820366129994933,0.202130244988438,0.00369165505157994,0.130523712694358,0.538179767377199,0.328708541798579,0.28940484961263,0.447514245200461,,0.0225304868603041,0.917117990553811,,,0.501944433032988,1,0.0153785298581742
"LBN",2021,"Lebanon","Middle East & North Africa (excluding high income)",1,5114386,1022,801,824,5,0.014979675633392,797,0.00477659091681144,1.23238617396392,0.0146250398792311,819,0.0046556168832143,1.23179883692909,0.011889756076197,1017,0.00377763548362411,0.792969021913352,0.0140864444209661,0.79372587011784,0.0369011925509467,0.283790908168718,0.0619866326002309,0.381172094211514,0.761211375367691,0.0657226947928641,0.253013783671401,0.207030978086648,,0.140151426974687,0.986248924754414,0.966527613905038,,0.490167484695801,1,0.011889756076197
"LBN",2024,"Lebanon","Middle East & North Africa (excluding high income)",1,4231057,1010,775,775,775,,0,,,,0,,,0,235,0,0.784489845439776,0.013947907103307,0,0.124106224738624,0.36162804746376,0.0913784451066658,0.707559100609569,0.685314405759621,0.19494765174457,,0.215510154560225,0.0271589794245283,0.202531621585691,,,0.941962816356227,0.508828914645931,1,
"LBR",2011,"Liberia","Sub-Saharan Africa",0,2316182,1000,695,689,0,0.0606735000820625,689,0.0111694177804799,1.50821990968877,0.0606735000820625,689,0.0111694177804799,1.50821990968877,0.0491809004773504,994,0.00883893376771042,0.811985347640499,0.0159140007360501,0.810582880678254,0.356345336256885,0.286527783394972,0.426949323853373,0.298699310213379,0.711131944045974,0.120229026895279,,0.188014652359501,,,,,,0.504414996005066,0,0.0491809004773504
"LBR",2017,"Liberia","Sub-Saharan Africa (excluding high income)",0,2670875,1000,800,818,10,0.0482398975177353,790,0.00880534768903392,1.33409340705645,0.0469745474644529,808,0.00858589624940423,1.33050199088666,0.0377195159545638,990,0.00696084141862701,0.784165642235341,0.0149631208080705,0.781915341770705,0.267501626621775,0.252670689558426,0.275765126358777,0.120735057862921,0.858872049182792,0.0456602678215278,0.202055274214368,0.215834357764659,0.208433918876049,0.00426844859260474,0.570606530464239,,,0.512577058785834,0,0.0377195159545638
"LBR",2021,"Liberia","Sub-Saharan Africa (excluding high income)",0,3015780.5,1000,713,766,3,0.226573253756155,710,0.0193774908449428,1.5213376084424,0.233371058880468,763,0.0188997702202743,1.52336993138298,0.161693333413403,997,0.0144287696891348,0.714106585942291,0.0176851598479231,0.713647046740222,0.460588214878333,0.472628333815825,0.545656183955308,0.266611844841353,0.856069208858202,0.108416915805449,0.395257100263301,0.285893414057708,0.362960665730417,0.460793847168139,0.638208421499316,0.268804402128238,,0.509306393169897,0,0.161693333413403
"LBR",2024,"Liberia","Sub-Saharan Africa (excluding high income)",0,3295997,1001,865,0,0,,0,,,,0,,,0,136,0,0.861167444057541,0.0128453306830332,0,,,,,,,,0.138832555942459,0.475292537260812,0.501906331767549,,,0.329217845368872,0.499271920349787,0,
"LBY",2017,"Libya","Middle East & North Africa (excluding high income)",1,4505025,1002,264,295,6,0.148313260509262,259,0.0264199805973365,1.43121501822082,0.152391833103157,289,0.0252531176143161,1.42682601741428,0.0505102011958008,996,0.0088927777417035,0.343324776980316,0.0192200092353267,0.340564296289923,0.156301025891707,0.411547598768619,0.370213784981836,0.347976044906126,0.604541831711186,0.446385919011061,0.436716422177894,0.656675223019684,,,1,,,0.453659210692601,0,0.0505102011958008
"LBY",2024,"Libya","Middle East & North Africa (excluding high income)",1,5262910,1000,659,0,0,,0,,,,0,,,0,341,0,0.668809091784837,0.0159699048747655,0,,,,,,,,0.331190908215163,,0.23473186551565,,,0.805089363866483,0.496368361771318,0,
"LKA",2011,"Sri Lanka","South Asia",0,15624186,1000,291,292,18,0.0241001922429864,273,0.0115069037360187,1.53692922025045,0.0239422936894263,274,0.0114388570397634,1.53417386067843,0.00722788879495763,982,0.00342707829158574,0.312796865616346,0.018550473337149,0.299910005782675,0.27669394676931,0.178913211350741,0.143084101792743,0.131030749865588,0.697673209343104,0.288315482296185,,0.686594661815727,,,,,,0.531485582115388,0,0.00722788879495763
"LKA",2014,"Sri Lanka","South Asia",0,15328485,1062,161,167,13,0.132632919731076,149,0.0343113499799777,1.52478150192561,0.138681476470982,154,0.0343714689468292,1.52312190187359,0.0220434976082707,1049,0.00571274276043084,0.173086177321999,0.0146234674147598,0.166199293908071,0.0839469369307702,0.106171888059406,0.0672910929803871,0.0821374942991147,0.698151957366961,0.293851181986282,0.243272729438103,0.826913822678001,0.000766368476516584,,,,,0.527320407946104,0,0.0220434976082707
"LKA",2017,"Sri Lanka","South Asia",0,16053614,1104,224,278,27,0.0608451564936741,199,0.0199866313795391,1.39113432544989,0.070058708634685,251,0.0190857615724213,1.40337924760719,0.0149756629731378,1077,0.0046154013925096,0.264084752293554,0.0165348153683237,0.246127446063761,0.164135050857176,0.303770335217055,0.133613686058509,0.138393840840017,0.71543154918414,0.359154277492307,0.390779481187579,0.735915247706446,0.0242076009544319,0.0136207034844808,0.727431038239696,,,0.542261834827267,0,0.0149756629731378
"LKA",2021,"Sri Lanka","South Asia",0,16727518,1005,64,81,1,0,64,0,1.71998123007947,0,80,0,1.72809643502854,0,1004,0,0.110743841598455,0.0155627220423715,0.111322260883948,0.15329512513755,0.427372468114935,0.24546340029809,0.0731925706770203,0.613997629287081,0.399927248526859,0.387584125173321,0.889256158401545,0.0312642182421884,0.550611979973612,0.959368542627572,0.532503809871671,,0.519021206675528,0,0
"LKA",2024,"Sri Lanka","South Asia",0,17109247,1000,176,176,176,,0,,,,0,,,0,824,0,0.187729854410502,0.0153456172770289,0,0.388466753800105,0.442472702753243,0.214325682330718,0.188833801471376,0.619199362377857,0.565109830805248,,0.812270145589498,0.0299616477602989,0.472615306665223,,,0.429656330851564,0.531584071028716,0,
"LSO",2011,"Lesotho","Sub-Saharan Africa",0,1274601,1000,749,749,3,0.0264998029628911,746,0.00714980331193591,1.47825149995863,0.0264998029628911,746,0.00714980331193591,1.47825149995863,0.0215805493081309,997,0.00570126398842874,0.815029754647604,0.0152176126934613,0.814366406359745,0.491568710901267,0.509179410826231,0.335016096394569,0.140901769101982,0.842336636592944,0.106589587441741,,0.184970245352396,,,,,,0.516979323771986,0,0.0215805493081309
"LSO",2017,"Lesotho","Sub-Saharan Africa (excluding high income)",0,1420766,1000,649,689,34,0.0964053663231886,616,0.0142556593474778,1.43707845299283,0.10763782108603,655,0.0145179598119749,1.43729669432997,0.0631675392558849,966,0.00940925708735795,0.666785198909661,0.0179643020495139,0.655228455272112,0.25624938450224,0.385395167863934,0.342867335281957,0.163865853491382,0.644769017826116,0.158006450795208,0.108027034529574,0.333214801090339,0.276418432079782,0.0114944189865745,0.660064518486074,,,0.517077629109365,0,0.0631675392558849
"LSO",2021,"Lesotho","Sub-Saharan Africa (excluding high income)",0,1451632,1025,523,615,14,0.125665234116106,509,0.0195266927921822,1.76637243030937,0.129074029010361,601,0.0182832233288253,1.78714541936271,0.0691877104754766,1011,0.010900670669096,0.556340836651302,0.021216292702793,0.550571611648391,0.297929615549757,0.375479797781578,0.254321242014727,0.164057236552981,0.68736730740937,0.147703880553606,0.0943664825078964,0.443659163348698,0.458779245511461,0.58579537042617,0.780399653609858,0.463202444848191,,0.528319809598758,0,0.0691877104754766
"LSO",2024,"Lesotho","Sub-Saharan Africa (excluding high income)",0,1504222,1020,608,0,0,,0,,,,0,,,0,412,0,0.664707969209161,0.0207856791342794,0,,,,,,,,0.335292030790839,0.534728194557147,0.583547909946307,,,0.458874835625219,0.540005695203678,0,
"LTU",2011,"Lithuania","Europe & Central Asia",0,2569463,1000,239,243,26,0,215,0,1.21968602338119,0,217,0,1.22054991283685,0,973,0,0.257204338781123,0.0153074137133707,0.237895384048821,0.0659489609143653,0.149375548551915,0.121251607520624,0.333834703861467,0.788094369791687,0.461508429923321,,0.741439855888302,,,,,,0.542932660469636,0,0
"LTU",2014,"Lithuania",,0,2507256.75,1000,170,179,25,0,148,0,1.14678503998934,0,154,0,1.14731222399635,0,975,0,0.22093713489991,0.0149191207327007,0.19955201987434,0.238361838279523,0.335654323975479,0.202189292748109,0.354462497707119,0.760387250834952,0.65072706236989,0.709924363312093,0.77906286510009,,,,,,0.549333838775254,0,0
"LTU",2017,"Lithuania","High income: nonOECD",0,2450315.75,1000,157,210,33,0.0342258548477289,136,0.0174981325671326,1.2597734011967,0.0396833116419997,177,0.0166540959383134,1.28822880829837,0.00531441507764441,967,0.00272676308570424,0.171161515021115,0.013879747512748,0.15527486753182,0.120900810878002,0.138017802123607,0.166420004590181,0.254457821751906,0.319893254144267,0.465557644536753,0.678274455420069,0.828838484978885,,0.279549376455088,0.899868421281867,,,0.544798185812152,0,0.00531441507764441
"LTU",2021,"Lithuania","High income",0,2362138.25,1009,29,36,4,0.0294924603988807,28,0.0371699807951179,1.35155208290113,0.0258729498691461,32,0.0325943439458648,1.34887875994989,0.00191412996559365,1005,0.0018461167985066,0.0646776033432361,0.0103739383777694,0.0649023492684354,0.216610746551733,0.540071227805769,0,0.406678394664246,0.60726382068176,0.749453278768194,0.69591800131406,0.935322396656764,,0.907614789028987,0.938856728186583,0.874732560622392,,0.522996388036223,0,0.00191412996559365
"LTU",2024,"Lithuania","High income",0,2444088,1012,9,0,0,,0,,,,0,,,0,1003,0,0.0100528440585014,0.00461308536871396,0,,,,,,,,0.989947155941499,,,,,0.88981809990065,0.523804162124879,0,
"LUX",2011,"Luxembourg","High Income",0,427478.5625,1000,31,37,12,0.0266401133854572,25,0.0391053588857691,1.47435832760821,0.0266401133854572,25,0.0391053588857691,1.47435832760821,0.000957281930075568,984,0.00121855305362077,0.0412357346992695,0.00776717672224493,0.0359338534421608,0.0270618929500599,0.0819735605187461,0.0518278625956217,0.0727694774482357,0.451663098653992,0.853926776707322,,0.958225529839095,,,,,,0.531503273407315,0,0.000957281930075568
"LUX",2014,"Luxembourg","High Income: OECD",0,448058.1875,1000,25,38,1,0.0255335946337488,24,0.0379853663019862,1.39176223685584,0.0923046100512379,37,0.0548654092690678,1.32933808947807,0.000946780382921009,999,0.00127720769862323,0.0383130033430557,0.00796494820417018,0.0370797921914845,0,0.0731718494439316,0,0.440813888805009,0.354941958001871,0.241524361538458,0.261900765923703,0.961686996656944,,,,,,0.504172960508918,0,0.000946780382921009
"LUX",2017,"Luxembourg","High income: OECD",0,487268.90625,1000,9,21,0,0,9,0,1.11560012387611,0.0225842421180493,21,0.0383422276096494,1.39858581487722,0,1000,0,0.0123214531770706,0.00420042401170597,0.0123214531770706,0.192668161014915,0,0.0748624790410645,0.158580276281981,0.131610463776404,0.254587500789805,0.183536833821245,0.987678546822929,,,0.946823731425312,,,0.495199813683917,0,0
"LVA",2011,"Latvia","Europe & Central Asia",0,1764726.625,1006,104,108,9,0,99,0,1.6001648128073,0,99,0,1.6001648128073,0,997,0,0.0998025832599881,0.0106883642729367,0.0972729632892085,0.122023291141191,0.0489492448632016,0.0432553456503994,0.139333158824716,0.687346601247902,0.411417784316471,,0.899835918102925,,,,,,0.549526437625209,0,0
"LVA",2014,"Latvia",,0,1714781.375,1002,101,106,6,0.00913736230110122,95,0.0106886847790837,1.19877546581835,0.00875458556154178,100,0.0102144112557162,1.20229183099489,0.000836911358219342,996,0.000987107854792828,0.0978174936934126,0.0101100241277152,0.0915922265792699,0.177917825294978,0.236023578306158,0.0630766428686021,0.276006122047857,0.451823352644081,0.409923396816586,0.742753566241665,0.902182506306587,,,,,,0.552833817918148,0,0.000836911358219342
"LVA",2017,"Latvia","High income: OECD",0,1661636.25,1002,51,76,5,0,49,0,1.32472208320317,0.0322868479819722,71,0.0245378982088979,1.36823525748975,0,997,0,0.0677752769738601,0.00905507101860623,0.0665451733650903,0.242615455551746,0.322331535809778,0.108774859025485,0.181744880446051,0.707792560606057,0.701477175608857,0.699774100909429,0.93222472302614,,0.288033640472364,0.963055230127083,,,0.55729360579029,0,0
"LVA",2021,"Latvia","High income",0,1589083.625,1006,20,28,2,0.171684003232514,19,0.10208211320283,1.39228141025452,0.141304443190215,26,0.0822830806852372,1.45077278775454,0.00522523332293371,1004,0.00282875281346837,0.033812795101184,0.00709036381917584,0.0304351787269144,0.556680851326403,0.531932900019063,0.287420890298491,0.653466978161482,0.612194418615083,0.733474792072774,0.566526495891757,0.966187204898816,,0.953466551434055,1,0.950195731406057,,0.542585263389599,0,0.00522523332293371
"LVA",2024,"Latvia","High income",0,1582835,1001,27,0,0,,0,,,,0,,,0,974,0,0.0502669000227037,0.0088310812672309,0,,,,,,,,0.949733099977296,,,,,0.937431855899026,0.552444555997901,0,
"MAR",2011,"Morocco","Middle East & North Africa",1,23107378,1001,575,567,25,0.263006055469685,542,0.0201020318718443,1.12992478138585,0.263006055469685,542,0.0201020318718443,1.12992478138585,0.156764453907482,968,0.0126374237867437,0.609298855766651,0.0166738533636652,0.596048838600035,0.182470922317177,0.491891447739364,0.361493012706841,0.223900262959787,0.604936332405861,0.319141948324106,,0.390701144233349,,,,,,0.511591378424843,0,0.156764453907482
"MAR",2017,"Morocco","Middle East & North Africa (excluding high income)",1,25550170,5110,3534,3591,37,0.0401220527076252,3497,0.00408335307208737,1.51401556779445,0.0412162025593747,3554,0.00410544358457041,1.51582455756866,0.0286219977112412,5073,0.00290833754171784,0.715894255552662,0.0078358713744631,0.713373214471692,0.0352754083663796,0.114506787912131,0.0767447542409706,0.0745404398710986,0.726765917499493,0.0384647198177159,0.258946916879039,0.284105744447338,0.00639211492470272,0.00648796733823578,0.818832593308378,,,0.520011325469238,0,0.0286219977112412
"MAR",2021,"Morocco","Middle East & North Africa (excluding high income)",1,27030342,1000,485,519,16,0.201665381135597,469,0.0242433416868679,1.71214875291729,0.204073608527825,503,0.0235181516931935,1.71283137762347,0.114102927728541,984,0.0137425576390654,0.577606622908832,0.0211965184922751,0.565803248361303,0.177246190158333,0.270682973051481,0.18674856106771,0.146456871566523,0.859994826244333,0.175873548727687,0.260345330210766,0.422393377091168,0.0627197229781526,0.303017411414985,1,0.672653087273225,,0.498336227225546,0,0.114102927728541
"MAR",2024,"Morocco","Middle East & North Africa (excluding high income)",1,27893979,1014,550,550,550,,0,,,,0,,,0,464,0,0.575388682758192,0.0176584864065266,0,0.182982957388502,0.212341871420148,0.0935932482616496,0.142599063031853,0.758347661592175,0.254169403429416,,0.424611317241808,0.0587569734038546,0.319918303462495,,,0.647695722665642,0.513569960991491,0,
"MDA",2011,"Moldova","Europe & Central Asia",0,2970992,1000,823,825,16,0.0213027941123625,806,0.00530905953116961,1.08964571085403,0.0212153238035351,809,0.005287972257086,1.08940667384739,0.017320910130967,983,0.00433974550567688,0.81603747964591,0.012778899627913,0.813081609839871,0.119144094826753,0.326934864150964,0.121224558931378,0.298119509236984,0.87608127869629,0.073223271317096,,0.181261251586641,,,,,,0.534616045882728,0,0.017320910130967
"MDA",2014,"Moldova","Europe & Central Asia",0,2969811.25,1000,819,822,35,0.0426961786885461,784,0.00793923294479521,1.20902241403065,0.04255433898405,787,0.00791060803414502,1.20874998093987,0.0348654821338034,965,0.00648170041570505,0.822442527637436,0.0132589260745391,0.816594908601425,0.16472473949021,0.326606690737859,0.147870112986266,0.300365985787365,0.843760746166963,0.172395174524277,0.688819275798501,0.177557472362564,,,,,,0.52647431022337,0,0.0348654821338034
"MDA",2017,"Moldova","Europe & Central Asia (excluding high income)",0,2993719.5,1000,553,722,40,0.0540744308353444,518,0.0107866372765079,1.17829215898978,0.0570986093786238,682,0.00966524046432953,1.18336274901673,0.0296560111692687,960,0.00595683775779907,0.562143479104468,0.0170685001469959,0.548429464927161,0.108931127888254,0.409520635509507,0.0953822955706985,0.401919056832176,0.562349192265686,0.137540614972615,0.395057393148393,0.437856520895532,,0.120665852059429,0.856624519925493,,,0.524542513871925,0,0.0296560111692687
"MDA",2021,"Moldova","Europe & Central Asia (excluding high income)",0,2201892.25,1000,384,458,12,0.0917496854359188,377,0.0168497016331906,1.28444537500621,0.088756963671813,446,0.0152923599556912,1.28957683566757,0.0326967154877249,988,0.00630958179630888,0.357544824364572,0.0169119290171464,0.356368693062838,0.349624211588521,0.552753228847571,0.229030596788553,0.403161471542805,0.570509983481615,0.289386071763219,0.5337493487605,0.642455175635428,,0.597570342114864,0.921395793545318,0.83891618085487,,0.524543967572628,0,0.0326967154877249
"MDA",2024,"Moldova","Europe & Central Asia (excluding high income)",0,1966418,1000,432,432,432,,0,,,,0,,,0,568,0,0.44455750736551,0.0173458452969033,0,0.278224311159296,0.470193455180973,0.0907772030980383,0.317703523722069,0.354007837588071,0.316914551850118,,0.55544249263449,,0.504573525056232,,,0.786732123204583,0.535057830864804,0,
"MDG",2011,"Madagascar","Sub-Saharan Africa",0,12342218,1000,917,908,1,0.00573666897730198,907,0.00307275711346812,1.50142118453788,0.00573666897730198,907,0.00307275711346812,1.50142118453788,0.00541825407668526,990,0.0028673709192305,0.944767774664209,0.00888642395477252,0.944494810163079,0.350051954362083,0.403056243432453,0.338400847661957,0.121844055966696,0.893565603225875,0.0339019584780529,,0.0552322253357913,,,,,,0.516993804425737,0,0.00541825407668526
"MDG",2014,"Madagascar","Sub-Saharan Africa",0,13206792,1008,917,919,6,0.00957276670605069,911,0.00391014789618335,1.46907746587947,0.00955695745803793,913,0.003902641074185,1.46905765744045,0.0090203970313506,1002,0.00363837077086674,0.942725113756822,0.00892056190860658,0.942297802541145,0.289146019142507,0.253228546432032,0.183207434867556,0.119783383712802,0.878909926880534,0.032741387409707,0.152574019705484,0.0572748862431776,0.0435601865460848,,,,,0.519622402606253,0,0.00902039703135061
"MDG",2017,"Madagascar","Sub-Saharan Africa (excluding high income)",0,14614740,1000,873,887,10,0.122996368524883,863,0.0138542422511515,1.53561614529831,0.123748701738252,877,0.0137826688198466,1.53637385846512,0.111076406020244,990,0.0124563709423714,0.904303308029682,0.0115976240465642,0.903086874453308,0.520837316876931,0.555134290325355,0.505559962502896,0.246913609627818,0.828612749157317,0.15255551262844,0.22725450318907,0.0956966919703177,0.120553027097542,0.00453808792040314,0.284112409326589,,,0.528375526168975,0,0.111076406020244
"MDG",2021,"Madagascar","Sub-Saharan Africa (excluding high income)",0,16597294,1000,839,872,16,0.204772814257895,823,0.016932949960056,1.44911071481074,0.224763082278992,856,0.0171772665029168,1.44951410851463,0.175548730068432,984,0.0146950531493768,0.860029809324958,0.0132882304174803,0.857285332062401,0.579991853203481,0.540852566782055,0.5525815309141,0.335463333062321,0.757263675621908,0.20825152416022,0.290695743351053,0.139970190675042,0.190270987839053,0.238879222835611,0.385271938134204,0.183776472669242,,0.523471269919483,0,0.175548730068432
"MDG",2024,"Madagascar","Sub-Saharan Africa (excluding high income)",0,18851036,1000,903,0,0,,0,,,,0,,,0,97,0,0.905467337464448,0.0107627341724258,0,,,,,,,,0.0945326625355516,0.193550167093779,0.217445410176631,,,0.11063595991501,0.520064596344358,0,
"MEX",2011,"Mexico","Latin America & Caribbean",0,84107592,1000,665,643,46,0.0261131422817307,593,0.0079536973911285,1.47511262631962,0.0257635896016165,597,0.00786961733701912,1.4730274240657,0.0180158463099241,921,0.00535483730970465,0.706967040653747,0.0176053800608889,0.689914913936973,0.20281594524386,0.529345637895978,0.234659365296431,0.311142332792152,0.386058736698787,0.128753177753646,,0.279532017761945,,,,,,0.513326251261761,0,0.0180158463099241
"MEX",2014,"Mexico","Latin America & Caribbean",0,87492912,1017,577,667,41,0.0522835898555559,548,0.0113822039312137,1.43281290211094,0.0595516778126009,626,0.011341213132212,1.43768724447506,0.0316363407045661,976,0.00676342393239503,0.613046536838456,0.0184834697006313,0.605091211065804,0.321635412044898,0.384255059820116,0.196766138580346,0.359376234432494,0.482589604414779,0.205105723758099,0.406266697103064,0.386953463161544,0.0342402987572119,,,,,0.516511562240354,0,0.0316363407045661
"MEX",2017,"Mexico","Latin America & Caribbean (excluding high income)",0,93002320,1000,661,747,27,0.0631515700207394,635,0.0119642552111292,1.53635499521953,0.0586391716124291,720,0.0108239800618032,1.52813778592204,0.0403524794415277,973,0.0077999514970929,0.64559603070552,0.0186881322528979,0.638978245960879,0.303532962701904,0.524601396344511,0.285155629324847,0.3622161605385,0.570397263032219,0.238832274157305,0.3602021912843,0.35440396929448,0.0555257947243862,0.0294460293363208,0.648955201990494,,,0.533442403321742,0,0.0403524794415277
"MEX",2021,"Mexico","Latin America & Caribbean (excluding high income)",0,95622632,1000,589,656,4,0.0800653980349433,585,0.0130320656452169,1.34890250885174,0.079774154517332,652,0.0123343340376217,1.35120850617053,0.0429002046154453,996,0.0077318705495169,0.537559186966001,0.0189864560586795,0.535814542465925,0.334859432884034,0.60348734783913,0.314568600645411,0.405672887358202,0.505228301122023,0.230406478004005,0.35325824733817,0.462440813033999,0.181400816419601,0.438593302525119,0.803110450305062,0.663860940762126,,0.522614770299491,0,0.0429002046154453
"MEX",2024,"Mexico","Latin America & Caribbean (excluding high income)",0,97411242,1050,500,500,500,,0,,,,0,,,0,550,0,0.476108930228027,0.0182943255565378,0,0.481255986673134,0.58578262991975,0.28685840571382,0.317085958212559,0.281055003463615,0.37372456806236,,0.523891069771973,0.104373885346548,0.413942010922307,,,0.77522886323316,0.520290368203586,0,
"MKD",2011,"Macedonia, FYR","Europe & Central Asia",0,1743521,1018,187,186,27,0.0762184435242957,157,0.0275039793149963,1.68679131002518,0.07583164580081,159,0.0273219219744189,1.69362806977042,0.0172634834631466,983,0.00573649069988458,0.255224799832641,0.0188800587821994,0.22650007878531,0.175135681391538,0.217992625258424,0.285051916230441,0.247900924133297,0.667211575358359,0.50547871827476,,0.742772495149864,,,,,,0.502116296497884,0,0.0172634834631466
"MKD",2014,"Macedonia, FYR","Europe & Central Asia",0,1755336,1000,206,225,13,0.0696784054729918,195,0.0210867188033517,1.33758478216521,0.080738824927365,212,0.0216086957096203,1.33374138176308,0.0186019776534823,987,0.00505926206020055,0.282015026799557,0.0167675162860743,0.266969049122294,0.101330317830393,0.203669344681943,0.25207309133325,0.124889810965138,0.431007399250761,0.478217750452452,0.420623018481348,0.717984973200443,,,,,,0.50529299923522,0,0.0186019776534823
"MKD",2017,"Macedonia, FYR","Europe & Central Asia (excluding high income)",0,1731874,1008,167,179,6,0,161,0,1.2836315863083,0.00777612241644204,173,0.00756658422429217,1.28372819962129,0,1002,0,0.234312290989812,0.0159350226248294,0.227480724916906,0.0868515866223582,0.192101080911775,0.242380079403947,0.151252915846907,0.513695059585865,0.525576589809075,0.532025547763814,0.765687709010188,,0.0906024763459634,0.867563942168751,,,0.507567725790705,0,0
"MKD",2021,"North Macedonia","Europe & Central Asia (excluding high income)",0,1743577,1003,112,143,5,0.0351356218402828,109,0.0186398802262858,1.11711739792838,0.0425270568178282,138,0.018255961084338,1.12952709011827,0.00506742321789301,998,0.00247986265231068,0.147113087231829,0.0123372176801302,0.14422466296251,0.174086956106169,0.363144965083871,0.237652334489794,0.165811814134027,0.410182644581818,0.51474144688054,0.31307755453426,0.852886912768171,,0.743226138212801,0.945463044637016,0.887060186994428,,0.497375717768963,0,0.00506742321789301
"MKD",2024,"North Macedonia","Europe & Central Asia (excluding high income)",0,1515847,1000,99,99,99,,0,,,,0,,,0,901,0,0.157451351094653,0.0136232854878403,0,0.219090000954447,0.354623912916559,0.200300222388688,0.167575678249598,0.241646713393489,0.889206620274021,,0.842548648905347,,0.751870818534475,,,0.831857305029346,0.510685896590033,0,
"MLI",2011,"Mali","Sub-Saharan Africa",1,7646465,1000,891,875,0,0.0276137761394564,875,0.00618034358041995,1.24471147790831,0.0276137761394564,875,0.00618034358041995,1.24471147790831,0.0253010063426974,984,0.00562196012270003,0.917861465980567,0.00974594824050488,0.916245797565717,0.34601798860353,0.208889507849426,0.232641537679037,0.079335198932969,0.870301209670178,0.0171878828016579,,0.0821385340194332,,,,,,0.508542056397224,1,0.0253010063426974
"MLI",2014,"Mali","Sub-Saharan Africa",1,8049303,1000,855,882,3,0.0240740486245905,852,0.00633500149952488,1.45534862100711,0.0256513836437702,879,0.00642697198841482,1.4527019529708,0.0208752713697983,997,0.00546857821770494,0.867465947784375,0.0129487541008096,0.867127573567961,0.2170048842847,0.203389725667648,0.179590412172219,0.0987240288172644,0.829691183655677,0.0206339147505217,0.115631519865218,0.132534052215625,0.116424546327963,,,,,0.507967653308326,1,0.0208752713697983
"MLI",2017,"Mali","Sub-Saharan Africa (excluding high income)",1,9386639,1000,804,831,16,0.115202320369482,788,0.0139453989856675,1.50342893434265,0.119481983928574,815,0.0139287714022332,1.50294316891125,0.0937377495007446,984,0.0114541765230307,0.818460570295116,0.0150328151786427,0.81367935298616,0.224231942432026,0.259002954006626,0.264913477047224,0.182193704404883,0.767678497194062,0.0878170818989318,0.102426808334518,0.181539429704884,0.243976485830717,0.010132283026017,0.69615061975901,,,0.508512252516612,1,0.0937377495007446
"MLI",2021,"Mali","Sub-Saharan Africa (excluding high income)",1,10731464,1000,697,748,1,0.140527711888043,696,0.015163096463113,1.32492465546784,0.164249890077912,747,0.0156167246113158,1.3271468349952,0.100499280946289,999,0.0110407926177311,0.715570910362486,0.01655543742854,0.715156317540809,0.360978448150743,0.409703205372247,0.3648512069554,0.21072179120718,0.75735224192073,0.113380695037505,0.179190507778574,0.284429089637515,0.293780615039295,0.381351366717247,0.705906245827494,0.260877004515251,,0.514580746252921,1,0.100499280946289
"MLI",2024,"Mali","Sub-Saharan Africa (excluding high income)",1,12725942,1002,785,0,0,,0,,,,0,,,0,217,0,0.815524718791138,0.0158536771362939,0,,,,,,,,0.184475281208862,0.483876158762191,0.517679935172762,,,0.459851014444835,0.508043708031984,1,
"MLT",2011,"Malta","High Income",0,352533.5625,1004,42,41,5,0,36,0,1.25661247899522,0,36,0,1.25661247899522,0,998,0,0.0472992730264401,0.00755020671979271,0.0438944156886492,0.00960385216051379,0.0539543572278752,0.0262657444563349,0.101131426156461,0.398005094593709,0.337842789824251,,0.95270072697356,,,,,,0.519749595788549,0,0
"MLT",2014,"Malta",,0,361177.53125,1001,28,30,2,0.0866031252669736,26,0.062087234735042,1.26702416196637,0.0827520895744764,28,0.0587723736805538,1.27420350023203,0.00282058960662754,999,0.0021014934043992,0.0367200661016716,0.00744601337980481,0.0325691434106153,0.29528250200757,0.295766812228854,0.177433949918719,0.212639554598897,0.579580320325762,0.405865768232287,0.32613758654468,0.963279933898328,,,,,,0.51749018506117,0,0.00282058960662754
"MLT",2017,"Malta","High income: nonOECD",0,373991.15625,1003,22,24,1,0,21,0,1.58049272986602,0,23,0,1.57346891589526,0,1002,0,0.0263708966196403,0.00634275975105455,0.0254116773037322,0.387123204997205,0.0680767538567018,0.150781769767411,0.153857114802675,0.452151775749692,0.435985467075832,0.214115556232503,0.97362910338036,,,0.958861354628674,,,0.509168413654022,0,0
"MLT",2021,"Malta","High income",0,449781,1000,25,33,3,0.111973209314262,22,0.0726171828498918,1.16670559381731,0.1378890959964,30,0.0683795102992381,1.17999499380339,0.00347445319363266,997,0.00221539280341149,0.0355318894044796,0.00695725055121056,0.0310293258084738,0.337346026900541,0.470634027810977,0.331288398662005,0.208915008243332,0.367581130622502,0.588568652877392,0.508746851941893,0.96446811059552,,0.907323634886824,0.961278050841045,0.8914582248411,,0.499491710282281,0,0.00347445319363266
"MLT",2024,"Malta","High income",0,480050,1006,32,0,0,,0,,,,0,,,0,974,0,0.0344187046652341,0.00635987309498164,0,,,,,,,,0.965581295334766,,,,,0.927201519367224,0.482192530753451,0,
"MMR",2014,"Myanmar","East Asia & Pacific",0,39991952,1020,770,770,0,0.00153569607553417,770,0.00168346979098555,1.42319222632645,0.00153569607553417,770,0.00168346979098555,1.42319222632645,0.00118831543564425,1020,0.00128676395361821,0.773795970814674,0.0156262443174807,0.773795970814674,0.191510763596863,0.0477712262256142,0.14741863653269,0.0162549574360463,0.809279293418449,0.102522428772645,0.298546312838278,0.226204029185326,0.00163792061523534,,,,,0.519135230991352,0,0.00118831543564425
"MMR",2017,"Myanmar","East Asia & Pacific (excluding high income)",0,38409136,1600,1169,1198,61,0.0330463295731862,1108,0.00613207291835168,1.3038435574849,0.0328859928222509,1137,0.00603728549936132,1.30303254003124,0.024281404912238,1539,0.00446628940693633,0.743907555845024,0.0124243863805106,0.734768587793178,0.233468825032222,0.0988513267536251,0.333588312694016,0.0185061319579412,0.76742367925157,0.0890067048697245,0.311074577734615,0.256092444154976,0.00690499883319277,0.00280356764661302,0.737746810541804,,,0.531473813435067,0,0.024281404912238
"MMR",2021,"Myanmar","East Asia & Pacific (excluding high income)",0,40543136,1000,497,506,3,0.0836951447384712,494,0.0166554310098052,1.78689259095425,0.0832837690365766,503,0.0165043118751072,1.79459947583494,0.0533577143311179,997,0.0100946404106539,0.638566416696898,0.0215327332656564,0.637524607883157,0.47201569752541,0.288447309688117,0.442656097964829,0.128316310901562,0.812108789537746,0.218874307116693,0.479532480645591,0.361433583303102,0.290307042450085,0.399061605795168,0.961699187771385,0.737706950190211,,0.513433330060935,0,0.0533577143311179
"MNE",2011,"Montenegro","Europe & Central Asia",0,501121,1000,406,407,19,0.0565953748648706,387,0.0150745886150716,1.64711135532748,0.0564207679141221,388,0.0150231437387146,1.64488675730386,0.0273120633394368,981,0.00673556966694748,0.494159766390656,0.0204355616237119,0.482584723657157,0.0539835311731366,0.141044337548702,0.183020531553092,0.20785796409304,0.676321095522137,0.342080479452055,,0.505117676514772,,,,,,0.531571262850514,0,0.0273120633394368
"MNE",2014,"Montenegro","Europe & Central Asia",0,504909,1000,351,362,5,0.00132558891107191,346,0.00233761793220941,1.42820442560351,0.0012741150664218,357,0.00224959187162291,1.41977893071932,0.000527010642241179,995,0.000859509901696256,0.401739911570665,0.0183303757051533,0.397567177757261,0.130008587171209,0.201923952997205,0.159454534139247,0.197511999683637,0.532007911256401,0.254993177453225,0.563716846780982,0.598260088429335,,,,,,0.518891344236097,0,0.000527010642241179
"MNE",2017,"Montenegro","Europe & Central Asia (excluding high income)",0,509031.5625,1000,256,311,7,0.00883827281805772,249,0.00715140638490696,1.45368508972792,0.00735531888805024,304,0.00586541931319566,1.43243982637287,0.00275749955454357,993,0.0019735071315798,0.316382060014698,0.0174433407859786,0.311995297193095,0.078516730405457,0.121638014981015,0.111695177721785,0.116622606906257,0.520615098125699,0.474755853666558,0.605940511904067,0.683617939985302,,0.0768308452365807,0.935297324348283,,,0.510999465103043,0,0.00275749955454357
"MNE",2024,"Montenegro","Europe & Central Asia (excluding high income)",0,503215,1000,175,175,175,,0,,,,0,,,0,825,0,0.245883702986114,0.0172068226089827,0,0.265249184722106,0.281547571040583,0.237780671669796,0.22689428014638,0.55199590412875,0.715966479720657,,0.754116297013886,,0.643412222623583,,,0.838137204992711,0.514226453218976,0,
"MNG",2011,"Mongolia","East Asia & Pacific",0,2011859,1000,226,226,4,0.00467541306109736,222,0.0051334777881147,1.25716311628336,0.00467541306109736,222,0.0051334777881147,1.25716311628336,0.00103032697948309,996,0.00112471628785616,0.222829081769915,0.0145616265049829,0.220371326772413,0.181920677913582,0.05737910181432,0.0813549294612092,0.0749807348260727,0.62579978062153,0.505995297937877,,0.777170918230085,,,,,,0.511936170205784,0,0.00103032697948309
"MNG",2014,"Mongolia","East Asia & Pacific",0,2064844,1000,90,94,0,0,90,0,1.23262654920577,0,94,0,1.22509460732368,0,1000,0,0.0817821807806358,0.00937887500312195,0.0817821807806358,0.134863988058516,0.0768390553411645,0.136199324404323,0.0654168740431461,0.646596328877987,0.708412494481233,0.222208285130969,0.918217819219364,0.0499798713208853,,,,,0.52399656048112,0,0
"MNG",2017,"Mongolia","East Asia & Pacific (excluding high income)",0,2140226,1000,59,87,2,0.0213140256022652,58,0.0210478312326506,1.23178199465055,0.0154659808661388,85,0.0152160939105137,1.29245993708504,0.00149342398382751,998,0.00136148232854062,0.0702882839566368,0.00900748974604936,0.0700676639737538,0.311198941372486,0.373203149803035,0.373569504949982,0.358804534968964,0.49897734804343,0.802825201975108,0.50630296231848,0.929711716043363,0.218971477828373,0.0332100369598628,0.983583534260759,,,0.521261900983453,0,0.00149342398382751
"MNG",2021,"Mongolia","East Asia & Pacific (excluding high income)",0,2258974.5,1000,13,20,0,0,13,0,1.35391495260928,0,20,0,1.47690829484777,0,1000,0,0.0183440343216494,0.00517957520535504,0.0183440343216494,0.316363239114265,0.598632411588664,0.276494067651022,0.424090528570349,0.0968563920483361,0.740449817437187,0.700584596221371,0.981655965678351,0.588124931485192,0.974093441602912,0.985465596167128,0.830799252564981,,0.524703037560468,0,0
"MNG",2024,"Mongolia","East Asia & Pacific (excluding high income)",0,2344987,1000,15,15,15,,0,,,,0,,,0,985,0,0.0178211764561507,0.00460561780571315,0,0.282652894505238,0.738214690309386,0.42354154384702,0.2069076765731,0.443739081090442,0.74442986136614,,0.982178823543849,0.640304313560419,0.949054233932002,,,0.868814523145235,0.525525880116888,0,
"MOZ",2017,"Mozambique","Sub-Saharan Africa (excluding high income)",1,15850773,1000,589,635,10,0.0466225915842623,579,0.0103116909237034,1.3850870569822,0.0513382917819949,625,0.010425868130075,1.39492766440973,0.0310141874754708,990,0.00669852085830561,0.669969982411247,0.0180747822866748,0.665218007442121,0.350620432999756,0.283237462908334,0.274967760847104,0.103846183335007,0.73334376596263,0.123000236707073,0.151712682735275,0.330030017588753,0.218668207548091,0.0131575787676717,0.57486872514614,,,0.516498292130661,0,0.0310141874754708
"MOZ",2021,"Mozambique","Sub-Saharan Africa (excluding high income)",1,17483418,1000,495,559,26,0.117813359116097,474,0.0192855899929921,1.69624736095849,0.122008497386394,533,0.0186851903399425,1.73716819793772,0.070822356231903,974,0.0112896744918605,0.613650773027082,0.0210723042888107,0.60114028462691,0.430529540705632,0.285288918248306,0.458460365190127,0.313660678447522,0.690744479457856,0.207184332417036,0.257832113066162,0.386349226972918,0.293765950300481,0.423195836284295,0.547371383493274,0.207261477490409,,0.515719669348145,0,0.070822356231903
"MOZ",2024,"Mozambique","Sub-Saharan Africa (excluding high income)",1,18581790,1008,625,0,0,,0,,,,0,,,0,383,0,0.749159650985033,0.0212045264603481,0,,,,,,,,0.250840349014967,0.457209859704018,0.505091111456455,,,0.271067395648481,0.502036884028624,0,
"MRT",2011,"Mauritania","Sub-Saharan Africa",1,2207452,1000,764,759,7,0.164955837311297,752,0.0171168038861326,1.59950667633982,0.164955837311297,752,0.0171168038861326,1.59950667633982,0.135779223718752,988,0.0140619810979339,0.8253818489524,0.0154687034512197,0.823124697688117,0.312380008781555,0.309973786674854,0.231376111278996,0.243009271024626,0.666844008064087,0.134799275075976,,0.1746181510476,,,,,,0.520821762879315,1,0.135779223718752
"MRT",2014,"Mauritania","Sub-Saharan Africa",1,2329858,1000,725,760,22,0.180430579583372,704,0.0181729355372226,1.57226932482163,0.178565137287198,738,0.0176915204960292,1.57476907904418,0.142783423416239,978,0.0144027702702356,0.795546168586983,0.0163734044156673,0.791348250091182,0.221736551162563,0.246287298320939,0.220066580802495,0.128897988839976,0.517291592647548,0.117810946974429,0.207107836670934,0.204453831413017,0.0648039601117427,,,,,0.513475982704253,1,0.142783423416239
"MRT",2017,"Mauritania","Sub-Saharan Africa (excluding high income)",1,2576113,1000,728,751,52,0.0654092071808173,678,0.0118849525035665,1.56662196551918,0.0665261217303368,699,0.0118141329326928,1.57103733736672,0.0523057264967536,948,0.00928038233523638,0.809689398506316,0.0159112251284637,0.799669171224772,0.173768241716445,0.270463244327748,0.199664801550874,0.0981600615180339,0.53484528145474,0.145006911396709,0.186015137188576,0.190310601493684,0.0401237795113623,0.00381992174128395,0.679299887052737,,,0.501305388939624,1,0.0523057264967536
"MRT",2021,"Mauritania","Sub-Saharan Africa (excluding high income)",1,2804438.25,1000,751,794,12,0.254218803786659,739,0.0204941981146994,1.63714519883488,0.250376191464685,782,0.0198098943248261,1.63506367459556,0.201175051422621,988,0.0165119793487021,0.796040215005195,0.0165005781164039,0.791346070495427,0.309817159622801,0.361673969967853,0.243561872721174,0.20831296258685,0.723558556632985,0.148631343456262,0.228802956944853,0.203959784994805,0.101619569362807,0.199249379744456,0.745046062645782,0.421386996788563,,0.525268662878499,1,0.201175051422621
"MRT",2024,"Mauritania","Sub-Saharan Africa (excluding high income)",1,2860979,1000,663,0,0,,0,,,,0,,,0,337,0,0.726857390079015,0.0179729821756472,0,,,,,,,,0.273142609920985,,0.243839030346422,,,0.597770634917523,0.528420726173818,1,
"MUS",2011,"Mauritius","Sub-Saharan Africa",0,1020651.1875,1000,165,166,9,0.0216505239520619,157,0.0130381540056682,1.25999678766266,0.0216505239520619,157,0.0130381540056682,1.25999678766266,0.00413372517995673,991,0.00232122111408589,0.198027827466121,0.0143439145049013,0.190929567760555,0.0686463603175133,0.0786379237730195,0.194896796564959,0.0818255665284712,0.689737417490506,0.322123142163677,,0.801825510564188,,,,,,0.513622487416263,0,0.00413372517995673
"MUS",2014,"Mauritius","Sub-Saharan Africa",0,1040399.375,1000,158,164,5,0.0121473154111376,153,0.00978849355257551,1.2216608494988,0.0118371112417622,159,0.0094956517593534,1.22566677585622,0.00211002191553212,995,0.00162820497391911,0.177917278272139,0.0135329690332982,0.173702735470052,0.0417846434402022,0.0621210074737706,0.180333218779703,0.0149085074422247,0.607048002256539,0.315912780867906,0.134470616366602,0.822082721727861,0.00864331411099376,,,,,0.518310712142146,0,0.00211002191553212
"MUS",2017,"Mauritius","Sub-Saharan Africa (excluding high income)",0,1024565.4375,1000,90,106,0,0.116923983626224,90,0.0389706448488872,1.32378056408775,0.0985841857396693,106,0.032908231513007,1.29176206485541,0.012283192931976,1000,0.00416286216309734,0.105052809107516,0.0115883795785133,0.105052809107516,0.0741467144648181,0.235334743892085,0.291207791268849,0.130652513093117,0.478070777392072,0.500999193513323,0.223372811249016,0.894947190892484,0.0562693714475588,,0.834309900002747,,,0.511967261688628,0,0.012283192931976
"MUS",2021,"Mauritius","Sub-Saharan Africa (excluding high income)",0,1053288.75,1000,69,77,2,0.0710583076226355,67,0.0417339528323637,1.76787082806288,0.0674620182409894,75,0.0389694081887414,1.81043536729165,0.00702701331446606,998,0.00374269825604511,0.100441287029262,0.0134497609204115,0.0988908060093963,0.156660611432069,0.240286679597332,0.306588539300279,0.15990994038588,0.583143167435746,0.495000995567836,0.192801751116095,0.899558712970738,0.158956646249017,0.801148911328067,0.916849351984144,0.810820455109865,,0.519588315748766,0,0.00702701331446606
"MUS",2024,"Mauritius","Sub-Saharan Africa (excluding high income)",0,1070318,1000,73,0,0,,0,,,,0,,,0,927,0,0.104820191959747,0.0126469171013504,0,,,,,,,,0.895179808040253,0.101270671725304,0.640442374283408,,,0.771695497357439,0.50334977496128,0,
"MWI",2011,"Malawi","Sub-Saharan Africa",0,8401899,1000,755,754,1,0.00888495705048469,753,0.00406514335439615,1.41308181073111,0.00888495705048469,753,0.00406514335439615,1.41308181073111,0.00741257365577452,998,0.00332921273325952,0.834593896159158,0.014402298511764,0.834283566443369,0.126383187346665,0.25385991231746,0.170851765513514,0.0977725849406999,0.890340707845373,0.0192329539979535,,0.165406103840842,,,,,,0.51895055724887,0,0.00741257365577452
"MWI",2014,"Malawi","Sub-Saharan Africa",0,8952162,1000,812,822,0,0.0159892429433804,812,0.00507864124774314,1.33113883251894,0.0163619207999922,822,0.00511225583064579,1.33483429511629,0.0134092719712815,1000,0.00421294761201911,0.838643331567677,0.013474015803323,0.838643331567677,0.216103387606781,0.249871482256977,0.267037698603551,0.170847113560274,0.862379730104031,0.0533823107862555,0.203277030120996,0.161356668432323,0.0384410089795367,,,,,0.515506764724727,0,0.0134092719712815
"MWI",2017,"Malawi","Sub-Saharan Africa (excluding high income)",0,10082076,1000,761,803,8,0.027437578324954,754,0.00697773982274134,1.37574399998207,0.0259021256901869,795,0.00660050127156185,1.37272317173638,0.0211129456597537,992,0.00534369518961735,0.770087150162112,0.0155934304125492,0.7694901280902,0.161252373610239,0.280195214117882,0.356831847035883,0.154427224128537,0.815806583172007,0.0558212322623353,0.258795483881472,0.229912849837888,0.203028316584637,0.00440095303053758,0.504667979018407,,,0.522215030520101,0,0.0211129456597537
"MWI",2021,"Malawi","Sub-Saharan Africa (excluding high income)",0,10905594,1000,772,820,1,0.0194979095748063,771,0.00593213526712126,1.41918787833017,0.0204543600850615,819,0.00590781727850491,1.42668284147842,0.0155504100260926,999,0.00466913429087488,0.797782943912706,0.0151467454284619,0.797542421993056,0.202053475944119,0.341340601231554,0.468932192935938,0.224558684838195,0.886844270246442,0.0753387610208515,0.297450765403802,0.202217056087294,0.343476873787214,0.403109616446834,0.61492971851362,0.213733412950283,,0.524528107315804,0,0.0155504100260926
"MWI",2024,"Malawi","Sub-Saharan Africa (excluding high income)",0,12384937,1000,852,0,0,,0,,,,0,,,0,148,0,0.875933089555778,0.0120351429257668,0,,,,,,,,0.124066910444222,0.473991978362086,0.488583208863314,,,0.205035202708109,0.521967938796951,0,
"MYS",2011,"Malaysia","East Asia & Pacific",1,20945480,1000,285,286,15,0.0011079778885508,266,0.00244193360881933,1.43317658136348,0.00109178668033886,271,0.00240163404204711,1.43324216688891,0.000356290018384399,980,0.000708462279418361,0.332382794536703,0.0175062704755096,0.321567805699097,0.284784750827737,0.178233807251347,0.363924068488714,0.0252418509151668,0.591722924387984,0.294839060256227,,0.665651539121648,,,,,,0.497405468013025,1,0.000356290018384399
"MYS",2014,"Malaysia","East Asia & Pacific",1,21958920,1000,166,213,6,0.133036335353992,162,0.0320232554406924,1.44037244472744,0.12996476721844,207,0.0279375954446012,1.42884763552807,0.0254325137854736,994,0.00611794001455972,0.193253782253968,0.0152901988273872,0.191169680958222,0.309974716434301,0.355977393040038,0.262909895045586,0.208420535406835,0.640042985968186,0.615392859427104,0.545050874866648,0.806746217746032,0.028302110928492,,,,,0.475113582998842,1,0.0254325137854736
"MYS",2017,"Malaysia","East Asia & Pacific (excluding high income)",1,23508496,1004,138,178,7,0.114604541065522,132,0.034949784517831,1.58899971583341,0.114794798846018,171,0.0305806606232147,1.57370624470371,0.0163516733433466,997,0.00509798498570271,0.148699708189351,0.0142369403781307,0.142679104957962,0.354290316621859,0.427486557520501,0.252639485541678,0.252344131689824,0.483263832055347,0.543854756777553,0.548805322764553,0.851300291810649,0.108763332473914,0.16536948294516,0.8420988771113,,,0.473089024218758,1,0.0163516733433466
"MYS",2021,"Malaysia","East Asia & Pacific (excluding high income)",1,24776780,1000,86,87,1,0.00541038217366487,85,0.0101289518973742,1.62060090867343,0.00537504773132256,86,0.0100414267466174,1.62198795416436,0.000633972935119352,999,0.0010383327786391,0.11834657975265,0.0133141803530631,0.11717710778459,0.0713769782523552,0.13548290791277,0.247116242543359,0.0199992637957075,0.234672351875177,0.704736521829019,0.654487042961375,0.88165342024735,0.279788583347285,0.792964493422398,0.918218935236302,0.877691610005606,,0.499005778848411,1,0.000633972935119352
"MYS",2024,"Malaysia","East Asia & Pacific (excluding high income)",1,27297352,1000,136,136,136,,0,,,,0,,,0,864,0,0.128168969623954,0.0130784048271249,0,0.355492919790681,0.381125707360415,0.238033398605371,0.217111419445224,0.468593999698632,0.679051384496141,,0.871831030376046,0.445049316596793,0.774664020328876,,,0.868901431120948,0.491379069586428,1,
"NAM",2014,"Namibia","Sub-Saharan Africa",0,1473810,1000,382,401,13,0.034350059353733,370,0.010696236028798,1.27619332740371,0.0347145704377588,388,0.0105172201320886,1.28075513949657,0.0141570416229963,987,0.00429284315720634,0.419367570521321,0.017806232038278,0.412140237581795,0.26222874267565,0.289675139250908,0.281449580263797,0.067154880160402,0.644550962675475,0.169411554910063,0.137242094183899,0.580632429478679,0.103590939249884,,,,,0.525474285940608,0,0.0141570416229963
"NAM",2017,"Namibia","Sub-Saharan Africa (excluding high income)",0,1564881,1000,201,251,5,0.0401136780547628,196,0.0169167665029805,1.45672808538043,0.0773666040550895,246,0.020686253186179,1.4747420855423,0.00896803763092417,995,0.00365263150320058,0.226558052884331,0.0161762774954179,0.223565578271858,0.365230263978022,0.256025652005623,0.236359042493777,0.122115521701734,0.760756783829195,0.340546737886479,0.172728828739261,0.773441947115669,0.434294696604372,0.0530240124645166,0.826699417738901,,,0.534867969440205,0,0.00896803763092417
"NAM",2021,"Namibia","Sub-Saharan Africa (excluding high income)",0,1604811,1000,296,329,2,0.0983904150910083,294,0.0215942775707589,1.54544436918357,0.115519558970895,327,0.0219884851487593,1.54737158702936,0.0337037432939979,998,0.0072670672566174,0.344258354523442,0.0191066728008787,0.342551083485347,0.308674444268939,0.400328142956983,0.285204103799058,0.293575774574087,0.652378557755565,0.181252606638733,0.228835714696916,0.655741645476558,0.426246853172316,0.663734346520273,0.793080104189977,0.504147064817297,,0.533244064678832,0,0.0337037432939979
"NAM",2024,"Namibia","Sub-Saharan Africa (excluding high income)",0,1858089,1000,322,0,0,,0,,,,0,,,0,678,0,0.373025046237738,0.0189033659715684,0,,,,,,,,0.626974953762263,0.484473580646797,0.676188409005255,,,0.564074954313265,0.515989244492367,0,
"NER",2011,"Niger","Sub-Saharan Africa",1,8268896,1000,969,968,1,0.23252880298111,967,0.0157577537334755,1.34547691413668,0.23252880298111,967,0.0157577537334755,1.34547691413668,0.228983429395821,998,0.0155164550152887,0.984783012945539,0.00451503304816275,0.984752970213427,0.686621715975597,0.56735492808841,0.596205740663506,0.367560285787429,0.922768400654062,0.0391633546126248,,0.0152169870544605,,,,,,0.497552006483928,1,0.228983429395821
"NER",2014,"Niger","Sub-Saharan Africa",1,8898969,1008,956,966,17,0.339412858556562,939,0.0176608876522888,1.30626785806179,0.339898355172246,949,0.0175740144190905,1.3063161357623,0.32727422660252,991,0.0171420043710633,0.965099555797745,0.0066487605776901,0.964236381598314,0.429855968492158,0.350340761225494,0.327892918853459,0.261757689995755,0.798051643565404,0.0725399004851276,0.286971628957119,0.0349004442022549,0.038526655449061,,,,,0.495499129708636,1,0.32727422660252
"NER",2017,"Niger","Sub-Saharan Africa (excluding high income)",1,10288639,1000,869,893,39,0.227387221187938,831,0.0175654207811793,1.45945328388492,0.222548979169986,854,0.0172251982466314,1.46449429404464,0.205005545148998,961,0.0159719176599719,0.904838480433978,0.011374920872501,0.901570211720734,0.311671563692277,0.336427879078738,0.329838873357874,0.113519311570894,0.75158120015842,0.0291766443786163,0.107171593190545,0.0951615195660217,0.0871723826236786,0.00298309814700033,0.529723267965817,,,0.489261705738783,1,0.205005545148998
"NER",2021,"Niger","Sub-Saharan Africa (excluding high income)",1,12182726,1000,885,916,29,0.232550696129373,859,0.0179343296665562,1.54808969858111,0.239933283400666,887,0.0178574515037688,1.55103060066282,0.212461889227108,971,0.0165270547838495,0.914503221943828,0.0111247996037517,0.91361536543804,0.399935509350907,0.418800179093917,0.394093521613533,0.138428827075027,0.81721022728309,0.0383292264846777,0.152844385255551,0.0854967780561718,0.0537737634706627,0.0958994290907247,0.52028232414136,0.150435316839337,,0.508242061716204,1,0.212461889227108
"NER",2024,"Niger","Sub-Saharan Africa (excluding high income)",1,13873697,1000,832,0,0,,0,,,,0,,,0,168,0,0.873330064349828,0.0137158858186988,0,,,,,,,,0.126669935650172,0.0570037064304953,0.122647072932381,,,0.15557569254867,0.515081034591951,1,
"NGA",2011,"Nigeria","Sub-Saharan Africa",1,91743112,1000,610,610,2,0.0335481232356192,608,0.00894741414697486,1.50124023543695,0.0335481232356192,608,0.00894741414697486,1.50124023543695,0.0235780782875714,998,0.00601573507689394,0.703324623157948,0.0180897164604268,0.702813630496556,0.301014924818707,0.37317648031109,0.397307263728816,0.130155312408038,0.825954036727258,0.0826456337981615,,0.296675376842052,,,,,,0.495348825421109,1,0.0235780782875714
"NGA",2014,"Nigeria","Sub-Saharan Africa",1,96606688,1000,463,473,12,0.0201960166919228,453,0.00794242056033271,1.44410589156967,0.0215023700045763,461,0.00811674767265772,1.44350704187542,0.0111912743499923,988,0.00416732533822882,0.558267996619697,0.0195559014434661,0.554132754033033,0.292305630930778,0.178567065417707,0.189644925419553,0.0982886452754967,0.65554010517249,0.101424570123396,0.23788126710705,0.441732003380303,0.0229496131266427,,,,,0.487731330837496,1,0.0111912743499923
"NGA",2017,"Nigeria","Sub-Saharan Africa (excluding high income)",1,103991688,1000,447,458,9,0.0252413583582301,438,0.00876624010145696,1.3680154959154,0.0249534734377045,449,0.00863766131054123,1.37683639346051,0.0151450129203403,991,0.00482525972938828,0.605945523668315,0.0192187355422802,0.60000784052108,0.188047543957713,0.139227015677394,0.1836595317648,0.0488197763254713,0.655805705198027,0.152763217256718,0.121793126625044,0.394054476331685,0.0560616521266374,0.0122911033258436,0.706291307526336,,,0.486537803563835,1,0.0151450129203403
"NGA",2021,"Nigeria","Sub-Saharan Africa (excluding high income)",1,116494408,1000,385,391,2,0.0656492668457774,383,0.0159695451965614,1.59237026276862,0.0643555294104962,389,0.0157068178872811,1.59378338601008,0.0359243771331428,998,0.00814692598895016,0.548601743757681,0.0217481627422804,0.54721673004416,0.361029066889355,0.321234748346471,0.333724461987515,0.193091040532642,0.676436048758944,0.169090467919363,0.244043672517336,0.451398256242319,0.0865020918017385,0.337399424056372,0.734350167433347,0.252615341424492,,0.494715090226422,1,0.0359243771331428
"NGA",2024,"Nigeria","Sub-Saharan Africa (excluding high income)",1,133329232,1000,244,244,244,,0,,,,0,,,0,756,0,0.402722943697063,0.0217457008246583,0,0.491222782090973,0.256531493855155,0.405756485688525,0.269618744082077,0.644545234746029,0.476127820117899,,0.597277056302936,0.327907521346508,0.544771426679894,,,0.377388634845639,0.499904201282612,1,
"NIC",2011,"Nicaragua","Latin America & Caribbean",0,3902071,1003,877,874,61,0.10278294447297,813,0.0118893466098057,1.24620057240043,0.10278294447297,813,0.0118893466098057,1.24620057240043,0.0870994723840449,937,0.010300881209259,0.856044227625559,0.0123729993134088,0.847411726047123,0.180826277729451,0.262392113049204,0.282536413110426,0.190031374328947,0.392439924838001,0.116038360518949,,0.142435781813584,,,,,,0.514100297715744,0,0.087099472384045
"NIC",2014,"Nicaragua","Latin America & Caribbean",0,4084132,1000,820,860,15,0.0597638312014383,805,0.00924913903375808,1.22552764425548,0.0589930352860431,845,0.00896704913018581,1.22394591665259,0.0483088259437797,985,0.0075611477544038,0.811451944850946,0.0136911481235166,0.808328799754342,0.23789494030831,0.494354722377792,0.240416572565791,0.235642550358999,0.63195916726387,0.173635439705887,0.231927026923273,0.188548055149054,0.0105377432843069,,,,,0.512771067419761,0,0.0483088259437797
"NIC",2017,"Nicaragua","Latin America & Caribbean (excluding high income)",0,4335264,1000,706,794,34,0.0892482939361606,675,0.012516075203657,1.30088882918474,0.0868483708831473,760,0.0116224331622252,1.29450321213669,0.0633559321798209,966,0.00890685377730495,0.715671659723365,0.0162253115890293,0.709883958399692,0.244660784770185,0.509522631796232,0.321709966601811,0.276881752488479,0.615648125435111,0.187093949466819,0.227616866616421,0.284328340276635,0.0392741678283845,0.0140543487431895,0.80036934677571,,,0.519425535001602,0,0.0633559321798209
"NIC",2021,"Nicaragua","Latin America & Caribbean (excluding high income)",0,4670267,1007,748,829,21,0.127173418184262,730,0.0156852579040012,1.61801252591999,0.128848011872804,808,0.0150174163939429,1.62341723555588,0.0975194158436038,986,0.0120160981843411,0.768085775707825,0.0169333793081805,0.766822322116933,0.374447023220747,0.639906920047861,0.449633767818714,0.366975018037762,0.626038609603675,0.166287089562736,0.326513912986693,0.231914224292175,0.0655807852274935,0.213706278566244,0.699017398490635,0.500444522975372,,0.523510797995978,0,0.0975194158436038
"NIC",2024,"Nicaragua","Latin America & Caribbean (excluding high income)",0,4830854,1130,856,856,856,,0,,,,0,,,0,274,0,0.784947183577519,0.0174157362726259,0,0.421492486623848,0.452302352691008,0.213706287373333,0.352973086610652,0.329072570983157,0.156183162757747,,0.21505281642248,0.080878133137991,0.163931653559584,,,0.74719615119484,0.526277732764932,0,
"NLD",2011,"Netherlands","High Income",0,13797996,1000,5,12,8,0,4,0,1.24047336670573,0,4,0,1.24047336670573,0,992,0,0.00494966237913119,0.00310104730830937,0.00372999853044137,0,0.279825507287837,0,0,0.279825507287837,0.947992237256229,,0.995008080806695,,,,,,0.546672423958639,0,0
"NLD",2014,"Netherlands","High Income: OECD",0,13933016,1002,4,6,1,0,3,0,1.13913774088036,0,5,0,1.09621251605871,0,1001,0,0.00704395517916255,0.0029922662575358,0.00559418127864075,0,0.241452259566654,0.241452259566654,0.249435414077242,0,0.241452259566654,0.249435414077242,0.992956044820837,,,,,,0.509041870104475,0,0
"NLD",2017,"Netherlands","High income: OECD",0,14194824,1000,3,6,0,0,3,0,1.0478559752856,0,6,0,1.1359231352844,0,1000,0,0.00362386410187532,0.00224559292487624,0.00362386410187532,0,0,0.404357092920884,0,0,0.404357092920884,0.404357092920884,0.996376135898125,,,0.908897100485805,,,0.504858276312539,0,0
"NLD",2021,"Netherlands","High income",0,14702591,1000,1,6,1,0,1,0,1,0.153100791821724,5,0.181659091854551,1.27255077029989,0,999,0,0.0026683206405681,0.00192364760654555,0.0026693887699167,0,0,0,0,1,1,0,0.997331679359432,,0.987854263858091,0.941729786377479,0.943289952471362,,0.507776918194102,0,0
"NLD",2024,"Netherlands","High income",0,15164931,1004,11,0,0,,0,,,,0,,,0,993,0,0.00828487749969036,0.00347164564157518,0,,,,,,,,0.99171512250031,,,,,0.959144256268519,0.503871521252132,0,
"NOR",2014,"Norway","High Income: OECD",0,4136198.5,1000,0,0,0,,0,,,,0,,,0,1000,0,0,0,0,,,,,,,,1,,,,,,0.499888357603558,0,
"NOR",2017,"Norway","High income: OECD",0,4300062,1000,1,2,0,0,1,0,1,0,2,0,1.02285968668217,0,1000,0,0.00254859872346257,0.00190838429882094,0.00254859872346257,1,0,0,0,1,1,1,0.997451401276537,,,0.994382049896403,,,0.497663443191065,0,0
"NOR",2021,"Norway","High income",0,4451133.5,1001,1,1,0,0,1,0,1,0,1,0,1,0,1001,0,0.00522228541987373,0.00317542739237603,0.00522228541987373,0,0,1,0,,0,0,0.994777714580126,,0.994777714580126,1,0.988878377980189,,0.488783604907001,0,0
"NOR",2024,"Norway","High income",0,4608487,1007,7,0,0,,0,,,,0,,,0,1000,0,0.0144384289621867,0.00519582600494454,0,,,,,,,,0.985561571037813,,,,,0.981857086143346,0.493990388913447,0,
"NPL",2011,"Nepal","South Asia",0,17276644,1000,747,759,18,0.0119344887958365,733,0.00503566219567727,1.57625904248758,0.0118684795233584,741,0.00499921511717501,1.57910867682393,0.00882791373728639,982,0.00374817566995854,0.741374920032345,0.0174109286114092,0.739697685280508,0.249690702034105,0.251380673799163,0.0886630745199461,0.0571146722534569,0.715859432265232,0.186812416169344,,0.25449536057962,,,,,,0.509638068368399,0,0.00882791373728639
"NPL",2014,"Nepal","South Asia",0,18164236,1050,632,634,19,0.0216904661314669,613,0.00686545441212566,1.36161359476425,0.0215866145776894,615,0.00683623598656698,1.3608250185187,0.014208139526401,1031,0.004394987097945,0.661986491401562,0.0173865013951738,0.655040764928004,0.304213998881411,0.187799351990966,0.177252952509171,0.0730908467743491,0.783307487175927,0.233939259593159,0.246085959090631,0.338013508598438,0.00336038590957526,,,,,0.535569759510724,0,0.014208139526401
"NPL",2017,"Nepal","South Asia",0,19801196,1000,477,493,13,0.0522591099435984,466,0.0119628625299998,1.34649428245958,0.0509691804269109,480,0.0116596959433901,1.34904899039303,0.0282413766575704,987,0.00634897304924907,0.546144233511865,0.0189328414124773,0.540410594211237,0.365456833343209,0.318376962943919,0.194010204146593,0.131203358298208,0.714089613537411,0.331974875888359,0.246111565539641,0.453855766488135,,0.0107869679981167,0.680129997143605,,,0.548334076648001,0,0.0282413766575704
"NPL",2021,"Nepal","South Asia",0,20742576,1000,428,448,11,0.0603651777859687,419,0.0139129589085299,1.42990584289636,0.0643966088008592,437,0.0140301610509845,1.42774932901024,0.0283371644699228,989,0.00636160002702521,0.471979288267226,0.0190355410449326,0.469428990508325,0.236118387370005,0.176811725082674,0.216117187366927,0.108623776179904,0.764955504097793,0.347845655999622,0.306740167555479,0.528020711732774,0.0609190773863196,0.285776879334585,0.795742574640453,0.40018935526755,,0.52919223313667,0,0.0283371644699228
"NPL",2024,"Nepal","South Asia",0,21168213,1000,370,370,370,,0,,,,0,,,0,630,0,0.424743119448969,0.0182769624008945,0,0.192525104257252,0.155343511599102,0.311577737558313,0.120116463064906,0.631095454237856,0.481498447340753,,0.575256880551031,0.10583436494561,0.280708033125346,,,0.501247736375233,0.525256427471588,0,
"NZL",2011,"New Zealand","High Income",0,3508327,1000,5,4,1,0,3,0,1.29612278604212,0,3,0,1.29612278604212,0,997,0,0.00383423274181049,0.00222819504903922,0.00281106286179172,0.144185820158279,0,0,0.855814179841721,0.341654568367692,0.855814179841721,,0.996158859004928,,,,,,0.524722909395731,0,0
"NZL",2014,"New Zealand","High Income: OECD",0,3566898.5,1000,3,5,0,0.539396509844583,3,0.321205774850373,1.24581222336543,0.385708447042823,5,0.250389892874013,1.32303063224884,0.0025592567198878,1000,0.00185582572630273,0.00474466681407562,0.00252410158433265,0.00474466681407562,0.674188154101445,0.674188154101445,0,0.134791644256862,0.134791644256862,1,1,0.995255333185924,,,,,,0.528271884611441,0,0.00255925671988781
"NZL",2017,"New Zealand","High income: OECD",0,3762514.25,1000,5,6,0,0.552334469222705,5,0.249224040947362,1.256012808916,0.490779248612751,6,0.229499534603134,1.26451091947851,0.00453771815724206,1000,0.00259958529854897,0.008215525935993,0.00349139710017794,0.008215525935993,0.552334469222705,0.627602778982479,0.552334469222705,0.338878953560296,0.627602778982479,0.786544484337591,0.924731690240225,0.991784474064007,,,0.936246271860362,,,0.532034837215098,0,0.00453771815724206
"NZL",2021,"New Zealand","High income",0,4096385.5,1000,6,7,0,0,6,0,1.1863878085657,0.0823265972543794,7,0.114420399078423,1.21304425791259,0,1000,0,0.0124761854949781,0.00426959400187472,0.0124761854949781,0.0841210909677403,0.0841210909677403,0.232143600626249,0.406746193369142,0.232143600626249,0.460055370094919,0.687967139563589,0.987523814505022,,0.97598536425928,0.969720273125301,0.945912135691832,,0.514772173280778,0,0
"NZL",2024,"New Zealand","High income",0,4263369,1000,15,0,0,,0,,,,0,,,0,985,0,0.021352436277258,0.00552676161246343,0,,,,,,,,0.978647563722742,,,,,0.954523294719869,0.511303412159514,0,
"OMN",2011,"Oman","High Income",1,2247821,1000,278,267,5,0.154421701851942,262,0.0253040905183,1.28475581966866,0.154421701851942,262,0.0253040905183,1.28475581966866,0.0385273414278912,984,0.00699132798642843,0.263975835356166,0.0158983959154805,0.249494345456903,0.130577039671524,0.176378927048704,0.217265663530096,0.197587617869895,0.566424715854724,0.55287445661243,,0.736024164643834,,,,,,0.501852014416699,0,0.0385273414278912
"OMN",2024,"Oman","High income",1,3775451,1000,220,0,0,,0,,,,0,,,0,780,0,0.304638402787642,0.0176764330251905,0,,,,,,,,0.695361597212358,,0.604434205287358,,,0.924810741361362,0.323364651901693,0,
"PAK",2011,"Pakistan","South Asia",1,114712864,1000,896,901,100,0.0811801784899601,796,0.0114856207523341,1.40780224825191,0.0808425939188616,801,0.0114296977358132,1.40822443633603,0.0715955971915981,899,0.0102350753772348,0.892135155100748,0.0116909577124634,0.881934463847633,0.163299240524195,0.14563178518988,0.156637806424629,0.0965663235346976,0.785107453923591,0.100394101713374,,0.103560249720492,,,,,,0.486826841642622,1,0.0715955971915981
"PAK",2014,"Pakistan","South Asia",1,120532608,1000,879,900,7,0.0745168068858481,872,0.0113670176548737,1.63375444039716,0.0743346326400529,893,0.0112240160660341,1.63494370437187,0.0679776370599963,993,0.0103264915556833,0.912938615759371,0.0115230472625786,0.912245705376653,0.24619929952904,0.220538899383657,0.176560938715778,0.0940710964810216,0.699714160470414,0.170193704503527,0.406931339706728,0.0870613842406289,0.0579979936794747,,,,,0.492055145634206,1,0.0679776370599963
"PAK",2017,"Pakistan","South Asia",1,125794152,1600,1292,1384,40,0.140379819421282,1253,0.0116980032859833,1.42089919141145,0.134811600824011,1344,0.0110953936881435,1.41855686038081,0.114337420577306,1560,0.00962205568335807,0.819506157626569,0.0114919813712836,0.814486163671274,0.181247411092435,0.222546035253142,0.173211734808418,0.145524230557213,0.501243686244914,0.146130580268044,0.2814595622961,0.180493842373431,0.0688555794229276,0,0.536651097304378,,,0.482710707241855,1,0.114337420577306
"PAK",2021,"Pakistan","South Asia",1,143978592,1002,813,857,33,0.0786138487888362,780,0.0126454294815189,1.72195196108486,0.0814165267100602,824,0.0124732193754712,1.71416701685858,0.0652234559966106,969,0.0104275527640156,0.837118014463378,0.0153097504256944,0.829668779756689,0.283716795507982,0.444632951263556,0.244547484141399,0.192009572271784,0.650841340994713,0.161596086034087,0.441758683340245,0.162881985536622,0.0853740631820492,0.176233271997723,0.630238691106666,0.304772123267536,,0.489578430630278,1,0.0652234559966106
"PAK",2024,"Pakistan","South Asia",1,155833628,1000,783,783,783,,0,,,,0,,,0,217,0,0.817187380370057,0.0154552523550686,0,0.328761431582232,0.539220020209206,0.269871866061607,0.218623967914452,0.650468390648165,0.159361007346899,,0.182812619629943,0.183578643242878,0.246417987562611,,,0.356786990487735,0.493642467647697,1,
"PAN",2011,"Panama","Latin America & Caribbean",0,2655940,1000,754,719,49,0.112272637895238,667,0.0138560723169288,1.2848504580312,0.111929902134343,670,0.0138084318552934,1.28519833286925,0.0812053816128002,913,0.0102307639916735,0.748723887037955,0.0155078061566153,0.723287375580979,0.216855765250417,0.324154006036818,0.426849260384761,0.376351065780179,0.37561606728467,0.243239533015741,,0.249767275642533,,,,,,0.500841295835799,0,0.0812053816128002
"PAN",2014,"Panama","Latin America & Caribbean",0,2770099,1000,584,637,34,0.0758821551595811,552,0.0127950609965396,1.28871470867667,0.0742718811499933,603,0.012146873210987,1.29401237448922,0.0419382626567551,966,0.00732595612979054,0.565964460244333,0.0178422823916565,0.55267621970618,0.23566589481434,0.310568338753073,0.230841359984356,0.178398892090553,0.45410313733773,0.293987027568952,0.176538813374549,0.434035539755667,0.015579503983934,,,,,0.501789061456195,0,0.0419382626567551
"PAN",2017,"Panama","Latin America & Caribbean (excluding high income)",0,2919263,1000,533,622,19,0.0824401171306156,515,0.0146375169219258,1.45871024081348,0.0923597712610734,603,0.0143275091526143,1.47659745654485,0.0439468358932964,981,0.00791731688738529,0.541779599997762,0.0190629544622611,0.533075854606907,0.3010961960571,0.584606804695205,0.28807318715401,0.244636241489837,0.596275254981515,0.26774844558999,0.248031348733515,0.458220400002238,0.0350316858695358,0.0237275224619927,0.77822504624859,,,0.512316362189077,0,0.0439468358932964
"PAN",2021,"Panama","Latin America & Caribbean (excluding high income)",0,3171579.75,1002,524,603,11,0.0899148788373218,514,0.0163150556172491,1.67196298539388,0.0979709152895314,592,0.0157711055738737,1.66620440469143,0.0491631821134989,991,0.00881269842038043,0.550329662467567,0.0201509151525478,0.546774713475922,0.424172361398494,0.634493818817641,0.414825630764251,0.30408344977399,0.539091636622276,0.263808248508704,0.247863315653602,0.449670337532433,,0.364498082801682,0.807859917848159,0.581593314501874,,0.515780253073734,0,0.0491631821134989
"PAN",2024,"Panama","High income",0,3331755,1010,406,406,406,,0,,,,0,,,0,604,0,0.391320188316812,0.0178300458083355,0,0.518547050198747,0.663257827826084,0.311097038914878,0.390347092243909,0.319124053242823,0.480481183679326,,0.608679811683188,0.380533533318218,0.520821085331421,,,0.751085640381986,0.513030522405656,0,
"PER",2011,"Peru","Latin America & Caribbean",0,20853212,1000,750,743,36,0.0249919264112819,704,0.00712648769007208,1.46728944153684,0.0248995970850605,707,0.00709891233929215,1.46744348684338,0.0195181999747696,953,0.00539233635139476,0.791641521257326,0.0154591550230393,0.78098021151177,0.25082565005627,0.607201031927099,0.16263476314426,0.405406931306856,0.574041260050988,0.118851633627572,,0.205361400265014,,,,,,0.507591647866941,0,0.0195181999747696
"PER",2014,"Peru","Latin America & Caribbean",0,21636592,1000,690,705,50,0.0449356973877115,640,0.00962554402541285,1.38167673369895,0.0435949314304419,655,0.00936379259733955,1.37742196308102,0.0310811754906076,950,0.00659662371084949,0.710247680113745,0.0168305883756745,0.691681164363264,0.187347881501405,0.532281394844094,0.265621416326565,0.435255102612555,0.589375799159877,0.199394649695159,0.410809944760422,0.289752319886255,0,,,,,0.507793985597932,0,0.0310811754906076
"PER",2017,"Peru","Latin America & Caribbean (excluding high income)",0,22986556,1000,566,636,20,0.147196864913888,547,0.0186318292521897,1.51269359812972,0.146020345850489,616,0.0174063414285238,1.4967001825927,0.0838740204743141,980,0.010777607868093,0.578095800050963,0.0189908928510746,0.569808470604188,0.328093209547871,0.619525604740301,0.307294036679784,0.399456665033691,0.483099659128105,0.245801517377424,0.371732906774315,0.421904199949037,0.026341661699199,0.0220146857970032,0.787512801662086,,,0.506102360111539,0,0.0838740204743141
"PER",2021,"Peru","Latin America & Caribbean (excluding high income)",0,24830392,1000,431,525,8,0.110935004389431,423,0.0176111310884224,1.33018715740557,0.124578011844847,517,0.0168069886069345,1.33909536901224,0.0479912717793948,992,0.00786363180827254,0.437396943879181,0.018174031623557,0.432607111195708,0.414587016406999,0.673307093612597,0.342476075062783,0.400230764312504,0.495050911302499,0.296000431803381,0.364497752276774,0.562603056120819,0.143447852962233,0.491407135118103,0.865272626988907,0.670344883378791,,0.519205193980282,0,0.0479912717793948
"PER",2024,"Peru","Latin America & Caribbean (excluding high income)",0,25601447,1000,495,495,495,,0,,,,0,,,0,505,0,0.501755377880952,0.0185624866261437,0,0.493557368054455,0.761902135452221,0.276849000042377,0.349854167133038,0.353185694423418,0.433245033143028,,0.498244622119048,0.424973370328842,0.517140190638876,,,0.781494801524976,0.502940385921241,0,
"PHL",2011,"Philippines","East Asia & Pacific",0,61872004,1000,698,697,11,0.0758192428295335,685,0.0118381788037041,1.37001082084015,0.0757867730523541,686,0.0118313257376037,1.37096176675062,0.0553585301269538,985,0.00862932038633123,0.732536905125918,0.0165737393023036,0.730138261225029,0.35027178023063,0.516903816791383,0.430093876905692,0.139439586819797,0.786348425672074,0.261492311630723,,0.266065805817389,,,,,,0.513426358005391,0,0.0553585301269538
"PHL",2014,"Philippines","East Asia & Pacific",0,64801048,1000,672,690,10,0.142226470408939,663,0.0166560436529797,1.50766258314743,0.142337682771233,680,0.0164320553572404,1.5040299030941,0.10226618529611,990,0.0118748936282726,0.719342750891719,0.0175208947137176,0.719037637663842,0.380436408627381,0.549976139664269,0.433237739881008,0.211943656226821,0.718269712560763,0.236464300894437,0.402611152536982,0.280657249108281,0.0422587380396771,,,,,0.511875817176377,0,0.10226618529611
"PHL",2017,"Philippines","East Asia & Pacific (excluding high income)",0,70293928,1000,659,684,5,0.130406042465224,654,0.0155333477937551,1.39153345580268,0.134903472269628,679,0.0154312581366678,1.38543051768153,0.0887772978874039,995,0.0106977004268892,0.682029289850922,0.0174681845065641,0.680775953392485,0.417181169597202,0.538479565482823,0.460351036527165,0.206172286420809,0.691037713510755,0.27588910929993,0.420783498834628,0.317970710149078,0.0452129896231522,0.00321600830452331,0.775423179482655,,,0.50695849398959,0,0.0887772978874039
"PHL",2021,"Philippines","East Asia & Pacific (excluding high income)",0,76659992,1000,436,504,0,0.140113083851273,436,0.0217814826809866,1.71688550805765,0.163214154918035,504,0.0216229240758911,1.72538984411844,0.0756830236519162,1000,0.0112976862035137,0.540156718927493,0.0212884783316238,0.540156718927493,0.402928329086508,0.547580183403516,0.354441378425338,0.226115514865113,0.751320368205363,0.290215455976629,0.329896657224347,0.459843281072507,0.217389093131593,0.434522964546183,0.921074064111676,0.771401725237584,,0.516465038990452,0,0.0756830236519162
"PHL",2024,"Philippines","East Asia & Pacific (excluding high income)",0,82023644,1000,661,661,661,,0,,,,0,,,0,339,0,0.664642540586494,0.0227835743644113,0,0.47329971380791,0.559647732123349,0.430550951197329,0.268939284419243,0.702631564612801,0.33703164535095,,0.335357459413506,0.288000006326383,0.403338087786247,,,0.707101567059145,0.507853688502969,0,
"POL",2011,"Poland","High Income",0,32781218,1029,283,290,18,0.00601362169972583,269,0.00573769244904703,1.48152939902642,0.0060018100148763,272,0.00572155588293351,1.49255160144722,0.00173509611254924,1009,0.00163608259074495,0.294914678382311,0.0177977211589256,0.288527645932291,0.113810157512713,0.273330037270867,0.160694339970415,0.260791162965059,0.712739428142864,0.283642727246425,,0.70415565255605,,,,,,0.533092587303961,0,0.00173509611254924
"POL",2014,"Poland","High Income: OECD",0,32764482,1000,230,236,26,0.0232098365598226,206,0.0128139156292294,1.49196137836305,0.0224836116675864,210,0.0125036866199553,1.49384429459449,0.0048255770632824,974,0.00260603597656594,0.221378293953003,0.0154118715920015,0.207910859296429,0.160484111142047,0.394902649356842,0.0852058551470679,0.306148976911603,0.56919034457911,0.34892173296746,0.632054456746236,0.778621706046997,,,,,,0.523946244757187,0,0.0048255770632824
"POL",2017,"Poland","High income: OECD",0,32330040,1000,114,122,5,0.0287134422498392,109,0.0184483749293361,1.33017901505625,0.0264568930890716,117,0.0171808383361595,1.34085104845598,0.00368693082205071,995,0.00220686042621689,0.132666970090071,0.012321427210721,0.128404347690893,0.127633287127239,0.272375683363208,0.265227128731761,0.206164876799414,0.495566463556661,0.452133353541037,0.584586851829765,0.867333029909929,,0.33534068257807,0.896066781856412,,,0.524977461251501,0,0.00368693082205071
"POL",2021,"Poland","High income",0,32175560,1001,30,44,1,0.130636237094424,30,0.0676637252665897,1.20939416102987,0.10029673645505,43,0.0497175896978483,1.1778839114357,0.0055947645482445,1000,0.00283973648341825,0.0427983277297789,0.00770187850461291,0.0428270491609506,0.218392245194558,0.579868218570043,0.0599334446947153,0.470173424322184,0.466777475332587,0.507498656476108,0.647411293263155,0.957201672270221,,0.931843993558558,0.966211586565365,0.946960198853337,,0.518934933173732,0,0.0055947645482445
"POL",2024,"Poland","High income",0,31148749,1003,120,120,120,,0,,,,0,,,0,883,0,0.138632882433461,0.0121241409066798,0,0.30900434946345,0.43344645350821,0.114657139079243,0.393538269417134,0.435637974238347,0.561997935396448,,0.861367117566539,,0.820873078668476,,,0.809123142587068,0.523988299291858,0,
"PRI",2014,"Puerto Rico",,0,2910267.75,500,140,174,21,0.0175183214688198,121,0.0142060705393307,1.41878422816546,0.0230197982712625,153,0.0143247848699887,1.39598377700754,0.00494267431136361,479,0.00377551616806523,0.302647353794476,0.0243160120782177,0.28214314483045,0.0983192343209977,0.181944783599716,0.120171396747555,0.18249430278313,0.47524851483399,0.206599364426673,0.242682824235735,0.697352646205524,,,,,,0.521450261958539,0,0.00494267431136361
"PRT",2011,"Portugal","High Income",0,8969949,1000,127,158,104,0.0160931148453302,54,0.021735790909385,1.61120405023946,0.0160931148453302,54,0.021735790909385,1.61120405023946,0.00130749425645649,894,0.00163320732623919,0.14893460580321,0.0151500473364079,0.0812455679974155,0.0329530437797444,0.217145545779849,0.0494718904698562,0.256990585710647,0.573532969937437,0.278297611268322,,0.845058120780728,,,,,,0.532879204419455,0,0.00130749425645649
"PRT",2014,"Portugal","High Income: OECD",0,8914795,1013,85,97,4,0.119236732540358,81,0.0437037731973429,1.47317257696949,0.124751966058253,93,0.0417449327778199,1.48426667953162,0.014197876477174,1009,0.00467268767251713,0.126136457944926,0.0130811494635385,0.119073008582892,0.237709246505804,0.493246058035794,0.114390631845933,0.295442738605048,0.634740099657359,0.36239533994508,0.420286028070196,0.873863542055074,,,,,,0.531524690346619,0,0.014197876477174
"PRT",2017,"Portugal","High income: OECD",0,8893440,1002,52,62,0,0.025169149425183,52,0.0239295403958717,1.21359632994094,0.0212422986807744,62,0.0203025387810232,1.22918056155638,0.00192770804350676,1002,0.00165976938112704,0.0765901147846492,0.0100630525179624,0.0765901147846492,0.0594254693363433,0.378047296603179,0.0927518499942994,0.305806383125509,0.68414125042198,0.403496372703811,0.470734219371643,0.923409885215351,,,0.927060177095817,,,0.523197198406548,0,0.00192770804350676
"PRT",2021,"Portugal","High income",0,8960280,1002,41,54,3,0,39,0,1.28750326505522,0.0358474820806045,51,0.0293482388584348,1.27095411059047,0,999,0,0.0735049267927383,0.0108802684140705,0.0720710923388283,0.0961284460480988,0.288609394777319,0.251434175292457,0.111936311035298,0.477307863360136,0.498451829677285,0.287514206076375,0.926495073207262,,0.906443961480128,0.927948595811011,0.85980790587507,,0.524810082397146,0,0
"PRT",2024,"Portugal","High income",0,9214262,1001,57,0,0,,0,,,,0,,,0,944,0,0.0860265592513795,0.0112366211620137,0,,,,,,,,0.913973440748621,,,,,0.863351579709631,0.509770014871371,0,
"PRY",2011,"Paraguay","Latin America & Caribbean",0,4394408,1000,816,813,16,0.0477702402459354,797,0.00920802948605232,1.4855680427729,0.0477702402459354,797,0.00920802948605232,1.4855680427729,0.0372004926164836,981,0.0072897935923728,0.782798537548789,0.0157427993830373,0.778737817205112,0.0906325412627487,0.116957583227887,0.0768382860748642,0.203598615052849,0.733940476233197,0.139509619920683,,0.217201462451211,,,,,,0.512223548525754,0,0.0372004926164836
"PRY",2017,"Paraguay","Latin America & Caribbean (excluding high income)",0,4726514,1000,658,764,5,0.00229948331624689,654,0.00214228339052275,1.3082812871936,0.00344966193610297,759,0.00243068063994849,1.3044330751324,0.00158350961902322,995,0.00144010655904346,0.689261081076251,0.016714458086677,0.688637142020128,0.140168950148703,0.541813550771109,0.112484651547927,0.14585104639509,0.683963560215463,0.145317264163922,0.421628002067306,0.310738918923749,0.288817670205503,0.00993651081562779,0.819433480872436,,,0.49808101035001,0,0.00158350961902322
"PRY",2021,"Paraguay","Latin America & Caribbean (excluding high income)",0,5071692.5,1000,732,785,3,0.032912206768065,730,0.0076773070183155,1.35181659280778,0.0372702092600104,782,0.00789086950404578,1.35703245222085,0.0240272116784806,997,0.0056815885724571,0.72916173302932,0.0164610721410873,0.73003952143964,0.301313498532398,0.637518072204639,0.29111271320253,0.28073851914308,0.733472380891993,0.164058575426544,0.333468098419063,0.27083826697068,0.377008070683864,0.511553636855618,0.891242830018273,0.725349676562717,,0.500844642155481,0,0.0240272116784806
"PRY",2024,"Paraguay","Latin America & Caribbean (excluding high income)",0,4874331,1000,536,536,536,,0,,,,0,,,0,464,0,0.544527416751286,0.0188103595775392,0,0.351353634950914,0.506287533225712,0.254133413643091,0.348843712213932,0.498696131387681,0.278101756140025,,0.455472583248714,0.359483792606455,0.554703861232105,,,0.838435959442599,0.513168445570136,0,
"PSE",2011,"West Bank and Gaza","Middle East & North Africa",1,2302648.75,1000,725,725,25,0.247150364954258,700,0.0188374722038583,1.33497701621895,0.247150364954258,700,0.0188374722038583,1.33497701621895,0.197977446680024,975,0.0151435290756962,0.805719684514912,0.0148435129024388,0.801040478805951,0.032044677221286,0.236238155509497,0.0487750728322071,0.124077610606843,0.682425956865328,0.1860035013884,,0.194280315485088,,,,,,0.499896764840434,1,0.197977446680024
"PSE",2014,"West Bank and Gaza","Middle East",1,2497448.5,1000,678,711,4,0.187807458021544,674,0.0185510402987784,1.52063367007405,0.186035886329564,707,0.0180849134222758,1.52703958786836,0.142076296910284,996,0.0140526993383588,0.757561942669002,0.0172107735285524,0.756499759950886,0.0643200420398493,0.224209458514942,0.115459026776743,0.119557530842794,0.754828890057068,0.248206579219621,0.425662870183083,0.242438057330998,,,,,,0.505290944322812,1,0.142076296910284
"PSE",2017,"West Bank and Gaza","Middle East & North Africa (excluding high income)",1,2738738,1000,691,703,4,0.158175325946002,687,0.0166234740414068,1.42573866417926,0.155822348217399,699,0.016361617015735,1.42254503960552,0.118405834845634,996,0.0124735170312537,0.749778252991747,0.0166898478803983,0.748573357680671,0.0328548182481597,0.129839460263338,0.048164964680294,0.0726542487070442,0.681840958812908,0.193844589317816,0.371939485794375,0.250221747008253,,0.0150624694329193,0.813792072708527,,,0.508162538239732,1,0.118405834845634
"PSE",2021,"West Bank and Gaza","Middle East & North Africa (excluding high income)",1,2960679.75,1000,619,654,5,0.146790375106268,614,0.0161456886689679,1.27799216902682,0.151636181733611,649,0.0159206828300843,1.27874249990656,0.0978727567265328,995,0.0107582702396977,0.668195940779203,0.0169992497096584,0.666751867455057,0.0684926793428167,0.215738967439018,0.120452142419752,0.16622385387041,0.740837177043938,0.252957500289575,0.461276546630295,0.331804059220797,0.0232812777786014,0.209943333574238,0.841578672545678,0.772790460251131,,0.502603198559596,1,0.0978727567265328
"PSE",2024,"West Bank and Gaza","Middle East & North Africa (excluding high income)",1,3183655,1000,574,574,574,,0,,,,0,,,0,426,0,0.613347702604485,0.0172033202186401,0,0.166665350030192,0.400819462949992,0.210435519761238,0.178459568575954,0.644427015313971,0.535778038316737,,0.386652297395515,0.0616316870884664,0.208346450564182,,,0.940834332600216,0.493049108763485,1,
"QAT",2011,"Qatar","High Income",1,1655715.125,1032,287,275,4,0.0954366191997928,271,0.0208005428241128,1.35820266962135,0.0954366191997928,271,0.0208005428241128,1.35820266962135,0.0314673684951417,1016,0.0067023078313745,0.341246146733669,0.0180356182804015,0.329720067192091,0.0633279104078787,0.180088455591756,0.243182689101346,0.0770331128981215,0.692325567921396,0.268456355357327,,0.658753853266331,,,,,,0.384920249621189,0,0.0314673684951417
"ROU",2011,"Romania","Europe & Central Asia",0,17119552,1008,535,527,17,0.00349418274498285,510,0.00323080401453369,1.52885377790487,0.00349418274498285,510,0.00323080401453369,1.52885377790487,0.00189388088180963,980,0.0017347188836804,0.553174223292761,0.0196259051214482,0.542009682959191,0.118440316819328,0.210359152110207,0.122591800411457,0.240236231934772,0.715907255474097,0.13412989382891,,0.446322179901344,,,,,,0.527419211468458,0,0.00189388088180963
"ROU",2014,"Romania","Europe & Central Asia",0,16953378,998,411,428,19,0.0111237130176474,393,0.00640932801620663,1.46766118487228,0.0105988374125291,409,0.00611245787257139,1.45721763884798,0.00426946500602079,979,0.00248365631236164,0.392054621723324,0.0184286318144939,0.383816536730806,0.112804309794368,0.34015193862649,0.078436729759257,0.337858233864975,0.626880419618451,0.136806203297928,0.498389324082478,0.607945378276676,0.00462934024889795,,,,,0.520943367942653,0,0.00426946500602079
"ROU",2017,"Romania","Europe & Central Asia (excluding high income)",0,16687880,1001,434,453,10,0.00376315884551749,425,0.00365027384854555,1.51051372417634,0.00364941130395457,443,0.00352563356442762,1.51440862939253,0.00157078203098081,991,0.00152120842383773,0.423609256336006,0.0188997375088308,0.417410504170415,0.111955797711914,0.279482146918327,0.0313252440420998,0.288784437758535,0.611464621864818,0.263669491794034,0.538524347749178,0.576390743663994,0.0299016960539218,0.0463798641629744,0.882205569283834,,,0.527565255714414,0,0.00157078203098081
"ROU",2021,"Romania","Europe & Central Asia (excluding high income)",0,16292802,1001,233,264,9,0.00469700402533499,225,0.00536930750161438,1.38753142559787,0.00928848485234862,255,0.00707200382618385,1.3859037386017,0.00142289629129129,992,0.00143733629804961,0.308844962380385,0.0175320466400798,0.302936996352651,0.104204854069078,0.349368375606242,0.0565057828955819,0.34848650714118,0.431194685107947,0.304688157131206,0.378898671801826,0.691155037619615,,0.635111219691868,0.957389436076354,0.861188255406927,,0.513845875441043,0,0.00142289629129129
"ROU",2024,"Romania","High income",0,16033507,1000,319,319,319,,0,,,,0,,,0,681,0,0.286633280997102,0.0165209653188806,0,0.288843168502724,0.474180634937455,0.084796554434206,0.394876447621881,0.389307551687993,0.371236009679593,,0.713366719002898,,0.636113685894941,,,0.769398178748638,0.519968231601594,0,
"RUS",2011,"Russian Federation","Europe & Central Asia",0,121299952,2000,904,886,88,0.0413274905262021,791,0.00900818799808601,1.62010087656846,0.0419246940411577,798,0.00902995698325525,1.61996154692407,0.0198617025040385,1874,0.00416551515123706,0.50686562159438,0.0144925795578434,0.480592996360278,0.134102629075043,0.208023341910264,0.141071325287783,0.432916707621615,0.772956921383203,0.246090848662258,,0.487315670942382,,,,,,0.558983125390987,0,0.0198617025040385
"RUS",2014,"Russian Federation",,0,120843536,2000,545,722,62,0.0203164099865952,501,0.00782554850489118,1.54146794979094,0.020276682078874,660,0.00684126694575353,1.55495087431113,0.00632491855508502,1938,0.00224085936692745,0.326169084914609,0.0130585556967801,0.311320679158286,0.0688414516778161,0.208479902970452,0.0940934727004572,0.359054700247336,0.518828539497392,0.297688833471802,0.540328313707844,0.673830915085391,,,,,,0.560533477356098,0,0.00632491855508502
"RUS",2017,"Russian Federation","Europe & Central Asia (excluding high income)",0,119382752,2000,455,788,37,0.0382920753964231,429,0.0107731863394258,1.3520524378791,0.0342751386824731,751,0.00772722452640058,1.35473505112736,0.00888442671055305,1963,0.00245845610279997,0.242411118983919,0.0111305437947357,0.232017372225872,0.150225835351308,0.364262980108844,0.146926036449673,0.367077055217431,0.518516931137254,0.31125225383998,0.587643508068813,0.757588881016081,,0.15480716600114,0.965781139873884,,,0.550058517405445,0,0.00888442671055305
"RUS",2021,"Russian Federation","Europe & Central Asia (excluding high income)",0,117643312,2011,179,370,2,0.0566191003670953,177,0.0201207385303568,1.34156295596818,0.0872480293015971,368,0.0171627569879768,1.36117360722259,0.00631254248131067,2009,0.00219381008814957,0.112919289860555,0.00876054840670309,0.111491394960052,0.1510387694124,0.493615549916437,0.129417168290169,0.42938596250207,0.597337381857063,0.218028694591253,0.533529647398329,0.887080710139445,0.329383356055164,0.874150459442505,0.994370898687986,0.929800281795086,,0.540373330938602,0,0.00631254248131067
"RUS",2024,"Russian Federation","Europe & Central Asia (excluding high income)",0,118635010,1000,143,0,0,,0,,,,0,,,0,857,0,0.207559811090357,0.0163245314885548,0,,,,,,,,0.792440188909643,0.0581761873044621,,,,0.929471951593244,0.526548801406318,0,
"RWA",2011,"Rwanda","Sub-Saharan Africa",0,6214525,1000,606,604,0,0.00718732388991856,604,0.00417025228496196,1.47206527017914,0.00718732388991856,604,0.00417025228496196,1.47206527017914,0.0048243682278874,998,0.00274102373696499,0.672361777552705,0.0185421867620052,0.671232895828501,0.240862553039014,0.400436682083755,0.195114308525443,0.0600799095246012,0.884293647173868,0.0747558116409848,,0.327638222447295,,,,,,0.512296952446289,0,0.0048243682278874
"RWA",2014,"Rwanda","Sub-Saharan Africa",0,6722169,1000,547,556,1,0.0111379273353831,546,0.00523678841003998,1.35951059356737,0.0110271031549071,555,0.00517417189271184,1.36247600016776,0.00688490562815342,999,0.00315055981280995,0.618551126604557,0.0184949722912279,0.618149627020941,0.0898246876429347,0.282139590729758,0.109208100334259,0.0415596053307756,0.824225126891318,0.0429566601073223,0.0420289256415331,0.381448873395443,0.180976851949719,,,,,0.504800840213509,0,0.00688490562815342
"RWA",2017,"Rwanda","Sub-Saharan Africa (excluding high income)",0,7094419,1000,589,614,4,0.025483215507748,585,0.00742394571851794,1.29832043015648,0.0246227975464236,610,0.00715788612958956,1.30133589910075,0.0161130960331836,996,0.00457749417045786,0.633426292585006,0.0174812756445003,0.6323023100552,0.0616048179132507,0.129304579073554,0.0997501389345041,0.025066803796603,0.942608551201235,0.0589485981393541,0.0330066759463948,0.366573707414994,0.31114641541215,0.00385367840710751,0.482709901042336,,,0.53089388545666,0,0.0161130960331836
"SAU",2011,"Saudi Arabia","High Income",1,19385192,1000,519,516,33,0.249134614744194,482,0.0216598466042354,1.20881999491421,0.248108335173984,483,0.0216142075265751,1.20956479976944,0.128872612172929,963,0.0119803378736871,0.533726602940671,0.0175224874719721,0.517281038226072,0.0558401102036454,0.128898919388034,0.133962128612876,0.110520929530499,0.478889126700243,0.541691937204116,,0.465168009574439,,,,,,0.457494081781789,1,0.128872612172929
"SAU",2014,"Saudi Arabia",,1,20459520,1018,280,318,13,0.0929319555852668,269,0.0210693736803354,1.41661092911103,0.0965767648481348,305,0.0202292797791303,1.43052934788893,0.0275263239832344,1005,0.00646065819269642,0.305904120709651,0.018070321734355,0.296198695162273,0.122648047382545,0.213721761742545,0.263940317088428,0.136990214668003,0.56804318735491,0.455589629445556,0.318570730083083,0.694095879290349,,,,,,0.41733780925605,1,0.0275263239832344
"SAU",2017,"Saudi Arabia","High income: nonOECD",1,24033932,1009,257,290,1,0.0765801683298122,257,0.0190082107381284,1.31310690705815,0.0710690528991931,289,0.0173183872776466,1.31295178444309,0.0216917967975428,1008,0.00549353325644101,0.283018834100533,0.0169773956253001,0.283256060552407,0.124155438350077,0.275149128358073,0.218120247450523,0.0572080519868537,0.651470971020073,0.477732502219724,0.475049789758721,0.716981165899467,,,1,,,0.395176574903013,1,0.0216917967975428
"SAU",2021,"Saudi Arabia","High income",1,26216154,1019,218,218,0,0.046954285889052,218,0.0190854741510817,1.77448947891721,0.046954285889052,218,0.0190854741510817,1.77448947891721,0.0120575099970825,1019,0.00485947517244911,0.25679253275352,0.0194509558372299,0.25679253275352,0.346414229977004,0.202386211415939,0.214159307234648,0.0951209518770689,0.475209262709358,0.695576997038886,0.527663624134401,0.74320746724648,,0.73454579640307,0.99160831266693,0.921472603897177,,0.404312944843045,1,0.0120575099970825
"SAU",2024,"Saudi Arabia","High income",1,25248449,1018,229,0,0,,0,,,,0,,,0,789,0,0.220461664746681,0.0144645348425156,0,,,,,,,,0.779538335253319,0.365012282127332,0.757246348679077,,,0.991219883732476,0.355869011527475,1,
"SDN",2011,"Sudan","Sub-Saharan Africa",1,21213128,1000,871,869,8,0.0427180402797609,861,0.00876769494463662,1.61853769309332,0.0427180402797609,861,0.00876769494463662,1.61853769309332,0.0397404293929568,990,0.00805071639418238,0.931002021480228,0.0103948930736884,0.930296173061692,0.229531938887335,0.464145243512205,0.271185129262648,0.134656015221276,0.827449359609114,0.155988647115356,,0.0689979785197721,,,,,,0.500163243876696,0,0.0397404293929568
"SDN",2014,"Sudan","Sub-Saharan Africa",1,22329188,1000,770,781,54,0.0319895895099741,719,0.00812759946624514,1.53378604274277,0.0338268870246171,727,0.00829077807184696,1.5290018484417,0.0268736731793589,946,0.00662139186212329,0.847315667191057,0.0143127254915485,0.840075586808639,0.148229174549333,0.0684868161754169,0.110118722895836,0.129837997663762,0.676710832110806,0.0860709729164242,0.195613043606766,0.152684332808943,,,,,,0.483893674421522,0,0.0268736731793589
"SEN",2011,"Senegal","Sub-Saharan Africa",1,7520351,1000,903,903,1,0.057926790177611,902,0.00951652263820714,1.49692137462523,0.057926790177611,902,0.00951652263820714,1.49692137462523,0.0545524176591659,999,0.00890508391911297,0.941788589531584,0.00917608687970186,0.94174763510806,0.276070329444673,0.377984437650316,0.340044357152749,0.131979802617044,0.839147716699492,0.0468937346516796,,0.0582114104684157,,,,,,0.528428878969665,1,0.0545524176591659
"SEN",2014,"Senegal","Sub-Saharan Africa",1,7984296,1000,821,826,0,0.0943300946898931,821,0.0121786824319431,1.42535670211909,0.093864652724574,826,0.0121120576359713,1.42469124377088,0.0830842388072302,1000,0.0106120713187182,0.880781887057007,0.0124589495552905,0.880781887057007,0.384330955203246,0.458445577846689,0.259646124095275,0.17489801272409,0.735782060040602,0.0284596362002971,0.240826345495557,0.119218112942993,0.0618836087308474,,,,,0.527964721996839,1,0.0830842388072302
"SEN",2017,"Senegal","Sub-Saharan Africa (excluding high income)",1,8785339,1000,755,799,32,0.115320076485445,724,0.013577845925835,1.30830567482043,0.128230514547257,767,0.0138569596609344,1.31746237457558,0.0913231796114556,968,0.0108137879295313,0.796432818199743,0.0148725075953848,0.791910501576732,0.231772905045329,0.361522577304195,0.157820029809496,0.182340928615517,0.670980037919371,0.096072851182432,0.186256053212471,0.203567181800257,0.31798090640193,0.00193794483334707,0.703167849636249,,,0.529396868365901,1,0.0913231796114556
"SEN",2021,"Senegal","Sub-Saharan Africa (excluding high income)",1,9612429,1000,661,725,27,0.152144876004668,635,0.0168953601351675,1.40517253444727,0.158639736651317,698,0.0164602712250416,1.41688766547151,0.107827671230089,973,0.0121461505910931,0.718651739339998,0.0173341505588802,0.708717073237359,0.30193756772569,0.454217104950461,0.198594963864278,0.315264115410323,0.736137453290937,0.101204829470982,0.263575563338737,0.281348260660002,0.448898717927942,0.530213006879555,0.828418487435749,0.507730177197149,,0.52797615856703,1,0.107827671230089
"SEN",2024,"Senegal","Sub-Saharan Africa (excluding high income)",1,11094279,1000,458,0,0,,0,,,,0,,,0,542,0,0.519504046690926,0.0203319477349628,0,,,,,,,,0.480495953309074,0.66912648954156,0.734799570850334,,,0.701018953221928,0.523640183788672,1,
"SGP",2011,"Singapore","High Income",0,4306629.5,1000,13,13,1,0,12,0,1.28998107782051,0,12,0,1.28998107782051,0,999,0,0.0177810769341601,0.0050779050139166,0.0151681609030426,0,0.186350694846818,0,0.069574761303701,0.83915093328934,0.333040703157672,,0.98221892306584,,,,,,0.508478329518453,0,0
"SGP",2014,"Singapore",,0,4531991.5,1000,44,53,18,0.121162383191159,30,0.0670960438060083,1.2683486093115,0.169663493572438,35,0.0740145585589784,1.36100528921134,0.0030785444886483,982,0.00207667760937118,0.0364740022640758,0.00697255048282005,0.0254084180879081,0.0592249508975803,0.0715750013465159,0.256161221773188,0.0707843113447907,0.461790299008102,0.580198834194441,0.472341627895994,0.963525997735924,0.0614945987389551,,,,,0.509387151390385,0,0.0030785444886483
"SGP",2017,"Singapore","High income: nonOECD",0,4752894,1000,21,24,1,0,20,0,1.23554112433435,0,23,0,1.29417818622962,0,999,0,0.0218771207697668,0.0054536249505128,0.0193173717226491,0,0.059286478215724,0.165542921956861,0.0790954425969325,0.214246239175511,0.762265705642945,0.614310618635221,0.978122879230233,0.0954800799234507,0.429189394289871,0.939015724859463,,,0.519771840014334,0,0
"SGP",2021,"Singapore","High income",0,4986385.5,1000,30,37,2,0.00964573225257899,28,0.0209039548167369,1.28082314649538,0.00795454338606937,35,0.0171293263685608,1.30137297964023,0.000240947506738816,998,0.00054690274592375,0.0281050701169787,0.0058176423473083,0.0249797009111873,0.180439718394698,0.145723393493371,0.315361455291251,0.132912801502465,0.740947781725402,0.489949709704417,0.654218663590242,0.971894929883021,0.306042671703265,0.94838043412618,0.970240702778353,0.941495889908974,,0.515793347254806,0,0.000240947506738816
"SGP",2024,"Singapore","High income",0,5220107,1000,16,0,0,,0,,,,0,,,0,984,0,0.021809085112968,0.00599473271969224,0,,,,,,,,0.978190914887032,0.564689658881854,,,,0.929346695746047,0.490976691250226,0,
"SLE",2011,"Sierra Leone","Sub-Saharan Africa",1,3404131,1000,755,753,3,0.0884877371518585,750,0.0124563686739994,1.44277485829547,0.0884877371518585,750,0.0124563686739994,1.44277485829547,0.0748587806760578,995,0.0102779680769033,0.846582446149785,0.0140469683730367,0.845979150168442,0.374403121286394,0.445612295685864,0.424180818481503,0.202948504935472,0.821830301629799,0.0702965436440204,,0.153417553850215,,,,,,0.515901735987729,1,0.0748587806760577
"SLE",2014,"Sierra Leone","Sub-Saharan Africa",1,3560408,1008,868,897,73,0.110620373177735,798,0.0126394243366189,1.29579167136204,0.106859664811326,824,0.0122309131611762,1.29155072196095,0.0941942905058746,935,0.0108816252520249,0.858511522724305,0.0124889254323239,0.851509426338052,0.373738841751283,0.325978386535685,0.272193619295455,0.175888124521432,0.758424954009275,0.104142221129916,0.198366831211333,0.141488477275695,0.0445238788686852,,,,,0.520922276123569,1,0.0941942905058746
"SLE",2017,"Sierra Leone","Sub-Saharan Africa (excluding high income)",1,4259099,1000,855,878,30,0.0428547862477439,825,0.00818136815180604,1.34625910951476,0.0419967648472708,848,0.00799571299639342,1.34749584210895,0.0373768331581099,970,0.00709596274064089,0.876130322189636,0.012138867454971,0.872174065739917,0.189276493179729,0.296477609731838,0.2917665994331,0.104972573107159,0.7862207653024,0.0439723839157183,0.144317192916035,0.123869677810364,0.110186137117415,0.00545400663193563,0.449643038515474,,,0.527268791212348,1,0.0373768331581099
"SLE",2021,"Sierra Leone","Sub-Saharan Africa (excluding high income)",1,4758780,1001,830,866,3,0.0377227105081056,827,0.00794522508485663,1.43818512562754,0.0389996858384128,863,0.00791376148745192,1.44208902401287,0.0325148851018971,998,0.0067788270707283,0.862222121374147,0.0131551350575787,0.861944559760903,0.18975737131882,0.21658476824483,0.291656495628814,0.127730697721376,0.898679496669855,0.0532313914203834,0.0990684685454989,0.137777878625853,0.190402143348394,0.27005586976239,0.586379418745106,0.2216155566137,,0.524044895071455,1,0.0325148851018971
"SLE",2024,"Sierra Leone","Sub-Saharan Africa (excluding high income)",1,5200533,1001,819,0,0,,0,,,,0,,,0,182,0,0.849866588059162,0.0133464243709091,0,,,,,,,,0.150133411940838,0.321957258314931,0.367338246527309,,,0.327527811394524,0.515575434001311,1,
"SLV",2011,"El Salvador","Latin America & Caribbean",0,4295003,1000,867,864,32,0.0314306235751421,827,0.00663163975264686,1.19471311416118,0.031226650505965,832,0.00659238345458314,1.19525525592131,0.0267583985551932,959,0.00572195563914876,0.856355141963428,0.012182553833738,0.851348001137207,0.161664133095363,0.30104850818515,0.251279394609753,0.197744177710145,0.397640146903064,0.0681138161697624,,0.138476833423865,,,,,,0.514620011433894,0,0.0267583985551932
"SLV",2014,"El Salvador","Latin America & Caribbean",0,4440483,1000,690,759,11,0.0351536095927078,680,0.00807873084479428,1.30848000156512,0.0393157114223733,748,0.00814356740477401,1.31336113914455,0.0228782878813249,989,0.00547327199981562,0.653652798110827,0.017342487403578,0.650809067586354,0.17412516870153,0.506152608933188,0.277634588476988,0.277131499899189,0.650921370977156,0.182911013447616,0.268016116719324,0.346347201889173,0.0455678776179102,,,,,0.516987622375708,0,0.0228782878813249
"SLV",2017,"El Salvador","Latin America & Caribbean (excluding high income)",0,4581828,1000,691,747,13,0.0457836720385619,678,0.00911478892447615,1.28933407392477,0.0459695112679479,734,0.00876580496107562,1.28601941790659,0.0322088906585476,987,0.0063796205703847,0.706642470948033,0.0163582306634877,0.703501690109506,0.177762584404045,0.448124012282258,0.231499579676731,0.304739728597043,0.53239391402273,0.136397529814932,0.252500802315577,0.293357529051967,0.0354961480336692,0.0119263439781521,0.741386968676897,,,0.547404368241134,0,0.0322088906585476
"SLV",2021,"El Salvador","Latin America & Caribbean (excluding high income)",0,4761482,1002,661,738,18,0.0636580687440407,644,0.0120971167548944,1.58110852603473,0.0697490880884778,720,0.0119577648690353,1.58669654816795,0.0438281791967932,984,0.00827580015560331,0.692905788577441,0.0184941902276076,0.688493698623179,0.26070617696718,0.560973726405383,0.353071306497566,0.340062747892501,0.678592939156794,0.187326146114741,0.228102023485318,0.307094211422559,0.109182214533868,0.278190788001185,0.849932685096847,0.631734330539282,,0.575167560134269,0,0.0438281791967932
"SLV",2024,"El Salvador","Latin America & Caribbean (excluding high income)",0,4718943,1000,570,570,570,,0,,,,0,,,0,430,0,0.571370943042867,0.0200627427257159,0,0.358827217147396,0.579495477759968,0.386326037006622,0.458800390744601,0.226245410158437,0.322214663051048,,0.428629056957133,0.0584358193880142,0.279642408049641,,,0.808486578051928,0.55729257438149,0,
"SOM",2014,"Somalia","Sub-Saharan Africa",1,5541968,1000,905,933,112,0.115099271518643,796,0.0126464101948091,1.24991496801584,0.115356270106052,821,0.0124626062861178,1.24954326640891,0.105448318558751,888,0.011536397250664,0.921442825649058,0.00951718886992672,0.916151050892374,0.470378422194532,0.323089859524306,0.39057646515667,0.226559455169174,0.63583728808813,0.131660906687966,0.342059393506844,0.0785571743509417,0.370659136924705,,,,,0.495448622721957,0,0.105448318558751
"SRB",2011,"Serbia","Europe & Central Asia",0,6029082.5,1001,372,379,43,0.015103800879578,336,0.00775555601799466,1.35859009076772,0.015103800879578,336,0.00775555601799466,1.35859009076772,0.0053277003157074,957,0.00270018155158178,0.368681556169579,0.0174850288380428,0.352739046163607,0.106375020326168,0.203618458312071,0.240189071597608,0.194071782900557,0.639336521944632,0.388202932098666,,0.62791152317395,,,,,,0.526984253132662,0,0.0053277003157074
"SRB",2014,"Serbia","Europe & Central Asia",0,6001928,1000,163,265,14,0,156,0,1.36833677651668,0.00147554539286435,251,0.0028061748661483,1.3415037854696,0,986,0,0.169076617044473,0.01365903909028,0.164499863908115,0.101498824824327,0.132653567297358,0.106405869309517,0.0585747993947131,0.472496221273784,0.327840748381883,0.788962326780866,0.830923382955527,,,,,,0.521760488766194,0,0
"SRB",2017,"Serbia","Europe & Central Asia (excluding high income)",0,5887777,1000,215,238,7,0,210,0,1.32870521443567,0,231,0,1.33686242765798,0,993,0,0.285589535037487,0.0167536522957809,0.28333377964853,0.0622100163607748,0.091463879914901,0.277964952557262,0.115669217224692,0.471208903309448,0.339558185391367,0.833521117641441,0.714410464962513,,0.0422860216010251,0.883415818460665,,,0.52203111293564,0,0
"SRB",2021,"Serbia","Europe & Central Asia (excluding high income)",0,5846630,1001,72,152,3,0.0689519890980728,70,0.0431330937285753,2.02861850403978,0.0329083530646742,149,0.0206797342249088,2.00217665833807,0.00723030573654956,998,0.00374365120203849,0.105842631582839,0.0135671128425473,0.104860002316476,0.231370177370765,0.255117275567658,0.214129698526083,0.220277478016516,0.522413307938532,0.528558652545105,0.463171220465094,0.894157368417161,,0.874851859157791,0.955617723933084,0.849966023535916,,0.506582685153453,0,0.00723030573654957
"SRB",2024,"Serbia","Europe & Central Asia (excluding high income)",0,5672737,1000,127,127,127,,0,,,,0,,,0,873,0,0.167455541499726,0.0135081253062673,0,0.090276941354308,0.113672793987253,0.164749852971814,0.10696184865965,0.318920408580015,0.597539736779425,,0.832544458500274,,0.7704588083377,,,0.792348956895418,0.522602322149977,0,
"SSD",2017,"South Sudan","Sub-Saharan Africa (excluding high income)",0,7108488,1000,914,953,37,0.0536385979249653,877,0.00931072229978241,1.49772439774057,0.0554295358430359,916,0.00924428954875929,1.49508866946875,0.0488273625120449,963,0.00850630020116511,0.914299960685097,0.0108465475552801,0.910302737225705,0.238180836489999,0.267093166693192,0.274400612414635,0.185092594298009,0.634682746261443,0.0531706439262859,0.165550360740263,0.0857000393149026,,0.000548195140701368,0.266354975376993,,,0.504588483037933,0,0.0488273625120449
"SSD",2021,"South Sudan","Sub-Saharan Africa (excluding high income)",0,6567610.5,1001,934,975,92,0.0399968012355881,844,0.00920955791643669,1.8643269322912,0.0416281927483172,883,0.00915099909926994,1.85342980469893,0.0375609865470728,909,0.00859815981408296,0.945170059897572,0.00975473406824013,0.939099762649321,0.433747145398575,0.368790736131925,0.486083612576413,0.2150597635296,0.746044490119544,0.0289915681486577,0.19641703050222,0.0548299401024283,0.00849857032819192,0.0481070972131712,0.323689058122012,0.0560365931731539,,0.533593411999104,0,0.0375609865470728
"SVK",2011,"Slovak Republic","High Income",0,4587122,1012,164,166,5,0,161,0,1.46019130329304,0,161,0,1.46019130329304,0,1006,0,0.200474660809802,0.0153590449076559,0.197650669978002,0.158726584978043,0.451882735170394,0.109719288552031,0.302292285959656,0.776741391940829,0.425610625224852,,0.79878179332862,,,,,,0.529675728867785,0,0
"SVK",2014,"Slovak Republic","High Income: OECD",0,4599027,1000,199,210,2,0.0202290528174068,198,0.0121437234779099,1.47322412972848,0.0194812133984528,208,0.0116078345858702,1.46721525414397,0.00459063336504849,998,0.00242367622667795,0.227586039453054,0.0150142689613929,0.226932689656054,0.181671310768566,0.502450298298665,0.0878211774432891,0.252501067476698,0.656069982041964,0.44783412844817,0.741718505386543,0.772413960546946,,,,,,0.519715348609754,0,0.00459063336504849
"SVK",2017,"Slovak Republic","High income: OECD",0,4598181.5,1000,141,157,3,0.0459620063924831,138,0.0226816672165274,1.61906537682943,0.0411072535720726,154,0.0201885563253177,1.5923654761774,0.00717528825070718,997,0.00312244586974481,0.158184116625409,0.0134785403297388,0.156113468794971,0.199567216332902,0.467641067256914,0.105669301095418,0.18626534291035,0.582107704834044,0.494302540900562,0.71502008384877,0.841815883374591,,0.232627249777594,0.940081266959375,,,0.520777576384795,0,0.00717528825070718
"SVK",2021,"Slovak Republic","High income",0,4609787,1005,29,44,1,0.0719977457271359,28,0.0543679609071366,1.23872867543793,0.0774878972008654,43,0.0447169473136693,1.20283706816504,0.00304967023297953,1004,0.00213716328181659,0.0438030316645222,0.00792636945294332,0.0423578572103837,0.314069600992329,0.535848392397068,0.174517761910787,0.358940447122372,0.610652776224818,0.513808448738635,0.535388630921652,0.956196968335478,,0.945502543801981,0.990157336003984,0.944774115248332,,0.518862784282791,0,0.00304967023297953
"SVK",2024,"Slovak Republic","High income",0,4563499,1001,92,0,0,,0,,,,0,,,0,909,0,0.0778488152803888,0.00948950870602404,0,,,,,,,,0.922151184719611,,,,,0.877699621050501,0.515490329195415,0,
"SVN",2011,"Slovenia","High Income",0,1763880.25,1001,20,19,0,0,19,0,1.39494969094141,0,19,0,1.39494969094141,0,1000,0,0.0285628673088253,0.0065095586754382,0.026747506505577,0.0466781870733955,0.273252206760033,0.21242822717779,0.0551032609869288,0.631091392766037,0.656580361257822,,0.971437132691175,,,,,,0.528327448252375,0,0
"SVN",2014,"Slovenia","High Income: OECD",0,1766041.25,1003,12,16,0,0.14168033025889,12,0.112997519936924,1.25997069374808,0.118668666224457,16,0.093613587958189,1.34067185596473,0.00390398103001392,1003,0.00251655683819231,0.027554855517913,0.00660592923889116,0.027554855517913,0.315313113695123,0.61868376100134,0.336804754870225,0.426444287689282,0.471001254703022,0.38992079086802,0.592489201662827,0.972445144482087,,,,,,0.514608940323457,0,0.00390398103001392
"SVN",2017,"Slovenia","High income: OECD",0,1758821.25,1000,15,23,1,0,14,0,1.26672075618865,0.0785344572419889,22,0.0654591711487198,1.30263978490622,0,999,0,0.0246659958818859,0.00600657782834544,0.0232130773290884,0.229340167835624,0.485698245594505,0.181324763683258,0.537836568816431,0.336834390299008,0.494443432747726,0.242108197887888,0.975334004118114,,,0.970675687947328,,,0.511317006901721,0,0
"SVN",2021,"Slovenia","High income",0,1782241.875,1000,5,6,0,0,5,0,1.28844063717442,0,6,0,1.27338758274334,0,1000,0,0.00950338598472846,0.00431007266224059,0.00950338598472846,0.563204550668358,0.391381046605724,0,0,0.105277256297108,1,0.375963555056796,0.990496614015272,,0.970184086855026,0.975093481011138,0.905631438084821,,0.514590276862127,0,0
"SVN",2024,"Slovenia","High income",0,1803880,1001,10,0,0,,0,,,,0,,,0,991,0,0.012527426760183,0.00443482913754888,0,,,,,,,,0.987472573239817,,,,,0.875626234786046,0.515396701102642,0,
"SWE",2011,"Sweden","High Income",0,7884234.5,1006,5,7,4,0,3,0,1.3589146426866,0,3,0,1.3589146426866,0,1002,0,0.00808151318898548,0.00373823680056858,0.0048931922536917,0,0.384423980424647,0.494696771516442,0.192195996658501,0.200779758976688,0,,0.99190229959998,,,,,,0.506182956199136,0,0
"SWE",2014,"Sweden","High Income: OECD",0,7970030.5,1001,3,5,1,0.226375787652797,3,0.249441929556744,1.06585994431966,0.201349038531466,4,0.21717270693097,1.17317797649115,0.000635108758362551,1000,0.000975355268311171,0.00280080551293018,0.00204451105849271,0.00280555073909515,0,0.226375787652797,0,0.226375787652797,0,0.226375787652797,0.226375787652797,0.99719919448707,,,,,,0.504883657608232,0,0.000635108758362551
"SWE",2017,"Sweden","High income: OECD",0,8180019,1000,2,3,0,0,2,0,1.00071804783387,0,3,0,1.00127490383077,0,1000,0,0.00257788381323961,0.00196227017525805,0.00257788381323961,0.513398207285575,0,0.513398207285575,0,0.513398207285575,0.513398207285575,1,0.99742211618676,,,0.944452317456512,,,0.503079386530917,0,0
"SWE",2021,"Sweden","High income",0,8528795,1006,2,4,0,0,2,0,1.61994690435761,0,4,0,1.44264443761589,0,1006,0,0.00311235304217863,0.00210916173957752,0.00311235304217863,0,0,0,0.893683535456337,0,0,1,0.996887646957821,,0.990595785214184,0.980137036969664,0.953560506074849,,0.489656853785343,0,0
"SWE",2024,"Sweden","High income",0,8719085,1004,6,0,0,,0,,,,0,,,0,998,0,0.0143450548542549,0.00515285023186701,0,,,,,,,,0.985654945145745,,,,,0.983168689435757,0.493498877892163,0,
"SWZ",2011,"Swaziland","Sub-Saharan Africa",0,746568,1000,556,553,1,0.0587354825303478,552,0.0120571035632761,1.45148593461698,0.0587354825303478,552,0.0120571035632761,1.45148593461698,0.0418816448986571,996,0.00820697846954826,0.714305587029619,0.0184729679264045,0.713055262243184,0.297015955361364,0.339811717079595,0.386306550053819,0.135213035776376,0.721780166874985,0.10364354509496,,0.285694412970381,,,,,,0.502372918593211,0,0.0418816448986571
"SWZ",2021,"Eswatini","Sub-Saharan Africa (excluding high income)",0,725765,1000,515,563,8,0.0531444536664387,508,0.0120000015917214,1.45373298737682,0.0568411469908463,555,0.0118668653419117,1.4578650787658,0.0324937385442771,992,0.00707305348966339,0.615298731019971,0.0193400985697359,0.611422948257671,0.273637612517688,0.624670516443908,0.23346930571318,0.165233056958169,0.84324624554485,0.277984637018976,0.107863285626219,0.384701268980029,0.567443942292523,0.645172853096496,0.845896340860358,0.499574760015223,,0.5564862774735,0,0.0324937385442771
"SWZ",2024,"Eswatini","Sub-Saharan Africa (excluding high income)",0,816208,1051,514,0,0,,0,,,,0,,,0,537,0,0.568643778452735,0.0200454591598747,0,,,,,,,,0.431356221547265,0.504069175550071,0.612197603788788,,,0.515840126136019,0.566074350738732,0,
"SYR",2011,"Syrian Arab Republic","Middle East & North Africa",1,14167701,1011,766,766,119,0.178686537711067,647,0.0170570958809727,1.28266630658282,0.178686537711067,647,0.0170570958809727,1.28266630658282,0.131481035035219,892,0.0128383063117925,0.767469141646389,0.0150734237294023,0.735819478733317,0.101587698870044,0.376605260458523,0,0.052400393729593,0.317249170072433,0.0208230779249783,,0.232530858353611,,,,,,0.489446108795449,0,0.131481035035219
"TCD",2011,"Chad","Sub-Saharan Africa",1,6198513,1000,836,834,12,0.0933644727120265,821,0.0132740698309726,1.70897996383354,0.0931936331119714,822,0.0132495821536662,1.70755766381325,0.0846951887261501,985,0.0119252974395411,0.908768657502987,0.0122350828864753,0.907145793961522,0.410535160928894,0.383317803494158,0.426082991153223,0.23150822116889,0.604888950539146,0.128549739798867,,0.0897440876678166,,,,,,0.533344542933875,1,0.0846951887261501
"TCD",2014,"Chad","Sub-Saharan Africa",1,6617284,1000,888,917,5,0.105337611119223,883,0.0128796265184348,1.55426331834549,0.106977789377364,912,0.0127612242463331,1.55461781199582,0.097180164036522,995,0.0118337043821919,0.923005019400834,0.0106191160895663,0.922559027150635,0.314935724869021,0.22127755212573,0.320937632039067,0.145724763141188,0.768917640422684,0.0696002083393711,0.174791181052873,0.0769949805991659,0.0575010661597306,,,,,0.521730134648092,1,0.097180164036522
"TCD",2017,"Chad","Sub-Saharan Africa (excluding high income)",1,7604369,1000,853,885,41,0.0698169196978031,812,0.0113211723645508,1.60254308614148,0.076870629083161,844,0.0116489050256701,1.61394842104507,0.0634315896858133,959,0.0101489832293163,0.912465031761126,0.01149607346803,0.908541797036761,0.320472384108826,0.277875119889769,0.250833604178427,0.149233575416357,0.605116468154533,0.0581960106832441,0.144100034809404,0.0875349682388744,0.15233409757356,0.00887089896697015,0.471313639731787,,,0.512787315778881,1,0.0634315896858133
"TCD",2021,"Chad","Sub-Saharan Africa (excluding high income)",1,8789428,1000,773,819,28,0.155257994907565,746,0.017201514407866,1.68303881214875,0.170991714532823,791,0.017381578875756,1.68585800515548,0.125923754308547,972,0.0139979854009642,0.816829616921279,0.0160454412819462,0.81106132011764,0.450795361023898,0.425772728963325,0.422844134309251,0.302638058968253,0.696581836575428,0.101849141753014,0.256877925064003,0.183170383078721,0.120867651642758,0.181332768017525,0.504963631193049,0.105436550992285,,0.525810071775942,1,0.125923754308547
"TCD",2024,"Chad","Sub-Saharan Africa (excluding high income)",1,10289880,1000,801,0,0,,0,,,,0,,,0,199,0,0.849979102118382,0.015273812987231,0,,,,,,,,0.150020897881618,0.133358944308869,0.180430584020162,,,0.113780773532474,0.511971167681226,1,
"TGO",2011,"Togo","Sub-Saharan Africa",1,3755598,1000,865,862,2,0.0114990821813277,860,0.004125276632851,1.28755073212392,0.0114990821813277,860,0.004125276632851,1.28755073212392,0.0103226912139482,995,0.00365228352273005,0.898147597478722,0.0109037625290603,0.897696968433731,0.274928908589981,0.204915725991485,0.321022875410363,0.17292351178951,0.915119321411381,0.0191540123762285,,0.101852402521278,,,,,,0.508591526656116,1,0.0103226912139482
"TGO",2014,"Togo","Sub-Saharan Africa",1,3964293,1000,788,800,11,0.0192546836163712,778,0.00573130513866687,1.35329983763388,0.0190225726789341,789,0.00566543390304412,1.35711012666675,0.0158428496634109,989,0.00466569018133867,0.823850769968159,0.0141583964068833,0.822804984961715,0.386423225388369,0.260405877245565,0.37663101832281,0.105676204136806,0.722756161334113,0.0528572655649289,0.0925693990006331,0.176149230031841,0.0141003877200435,,,,,0.508146186416307,1,0.0158428496634109
"TGO",2017,"Togo","Sub-Saharan Africa (excluding high income)",1,4424980,1000,627,657,17,0.0778709542274179,610,0.0140779139598858,1.68360128960837,0.0782645744007912,640,0.0137679321237313,1.68168983561909,0.0507736726737208,983,0.00911047120087084,0.659320589410022,0.0195058594364494,0.652023250228051,0.264064126068422,0.265830940628437,0.432462226252891,0.19731870934517,0.745923230984869,0.103448775756745,0.177782035820338,0.340679410589977,0.214573757638597,0.00497775978690222,0.643955688153793,,,0.502065582963184,1,0.0507736726737208
"TGO",2021,"Togo","Sub-Saharan Africa (excluding high income)",1,4914561.5,1000,669,690,6,0.0314367941696192,664,0.00846985286882171,1.56442084240609,0.0321953405522986,684,0.00846897754099679,1.57448066614733,0.0235862737430928,994,0.00620833477992188,0.750998513251343,0.0176388438312446,0.750276049645251,0.385232289379071,0.324510564277999,0.470905344384908,0.206034956313765,0.753629745480193,0.091776111402541,0.198232262402022,0.249001486748657,0.364808073071674,0.436527180219647,0.684061852632004,0.268526628202777,,0.513907120387064,1,0.0235862737430928
"TGO",2024,"Togo","Sub-Saharan Africa (excluding high income)",1,5593530,1000,624,0,0,,0,,,,0,,,0,376,0,0.675579729119636,0.021042114470932,0,,,,,,,,0.324420270880364,0.479918378510191,0.530959719314091,,,0.437144790320132,0.509808289803267,1,
"THA",2011,"Thailand","East Asia & Pacific",0,54018784,1000,261,261,2,0.0131267992437611,259,0.00841069787402488,1.41430680349233,0.0131267992437611,259,0.00841069787402488,1.41430680349233,0.00357853629427345,998,0.00224447146145149,0.273335640625951,0.0167380074931036,0.272613013105556,0.132119052954411,0.0945278700980589,0.0378596658208709,0.0361233452745082,0.58632145336949,0.482329829855194,,0.726664359374049,,,,,,0.537930104627342,0,0.00357853629427345
"THA",2014,"Thailand","East Asia & Pacific",0,54846852,1000,212,221,2,0.0178288553337216,210,0.0107247403824275,1.37937464463227,0.0172168639938532,219,0.0103197297913438,1.37838018892566,0.00388425543250148,998,0.00236312723083492,0.218634461718924,0.0156898945044069,0.217863421952545,0.243750386909911,0.145115540711262,0.0927010009148141,0.0569625335614425,0.385647169529642,0.545144572553456,0.422635243209912,0.781365538281076,0.0130126583392546,,,,,0.535337949416864,0,0.00388425543250148
"THA",2017,"Thailand","East Asia & Pacific (excluding high income)",0,56707896,1000,191,199,38,0.0306189808614935,154,0.0176500910669409,1.61632756211438,0.0349990593400192,161,0.0183370778299027,1.6028837419373,0.00486541657075094,962,0.00277359330426511,0.190424968517973,0.0153458442709107,0.158901976285883,0.400027805303911,0.210593116217956,0.14399866092021,0.104903170298529,0.693893328684804,0.685195443769661,0.76090893562222,0.809575031482027,0.0825685941221386,0.0866161897083245,0.933352939781814,,,0.536237970446807,0,0.00486541657075094
"THA",2021,"Thailand","East Asia & Pacific (excluding high income)",0,58246340,1017,27,40,2,0.00600039389996021,25,0.0210569443557163,1.8585092820842,0.00931457501256189,38,0.0213278959617422,1.87318557858539,0.000348444840905717,1015,0.000959120494706776,0.0585378878699401,0.0120586079003022,0.0580703278343157,0.381098489519301,0.114460971112469,0.162368890915079,0.219244703285081,0.602438365123866,0.434742112450196,0.659970248357901,0.94146211213006,0.599998880101383,0.920256352328798,1,0.80051414899402,,0.513165874867982,0,0.000348444840905717
"THA",2024,"Thailand","East Asia & Pacific (excluding high income)",0,60882768,1000,90,90,90,,0,,,,0,,,0,910,0,0.0888109861762258,0.0120973646672303,0,0.259162133979627,0.216126332935061,0.20731261522431,0.206418049911442,0.394691318414836,0.637519452974991,,0.911189013823774,0.416773814169066,0.827508130053225,,,0.857809469867247,0.508881253109392,0,
"TJK",2011,"Tajikistan","Europe & Central Asia",1,5018680,1000,962,965,150,0.0896186013416646,815,0.0110777375492538,1.22585249440913,0.0896186013416646,815,0.0110777375492538,1.22585249440913,0.0869352748590224,850,0.0107219711370114,0.970532135711431,0.00592468456286367,0.970058375800664,0.295695991719725,0.22792395537391,0.24117359056785,0.240386058116329,0.811681159290382,0.0458404083233988,,0.0254534231412655,,,,,,0.514542068735404,1,0.0869352748590224
"TJK",2014,"Tajikistan","Europe & Central Asia",1,5262292,1000,867,904,127,0.0930099531577179,742,0.0119480607143337,1.25564479306016,0.0956148155122513,777,0.0118251454557092,1.25647939564778,0.0807284834900894,873,0.0104035080710682,0.885407671464224,0.0113703586510688,0.867955318214141,0.326486679518899,0.317815084428129,0.162601974392073,0.289686438469564,0.613280869120854,0.118301335931428,0.382937105029384,0.114592328535776,0,,,,,0.50702696605875,1,0.0807284834900894
"TJK",2017,"Tajikistan","Europe & Central Asia (excluding high income)",1,5663042,1000,541,737,154,0.211804850922596,417,0.0234560481271576,1.37428271100647,0.204781428638772,583,0.019507342370005,1.36234682792416,0.101474932173492,846,0.0121416598250079,0.529756028392061,0.0183963268211484,0.479096355590913,0.154186790211757,0.280252214306001,0.238336395329477,0.338246886930807,0.421590603730328,0.118138199721927,0.309160678610036,0.470243971607939,,0.0128392396437599,0.722563883525873,,,0.508823141088569,1,0.101474932173492
"TJK",2021,"Tajikistan","Europe & Central Asia (excluding high income)",1,5982957,1000,544,720,89,0.0675979619068675,478,0.0145864614144046,1.61358175798999,0.0859514126007224,631,0.0142372681725229,1.62802245113075,0.0403349271806617,911,0.00839257882207428,0.610968366966937,0.0199045490383531,0.596688510168883,0.256657393826002,0.309816899374981,0.111943680358639,0.20134706408984,0.516595609274592,0.150242383547151,0.371828147966819,0.389031633033063,0.0208975264171999,0.331332088342996,0.819169261093225,0.383761948562872,,0.5142310426131,1,0.0403349271806617
"TJK",2024,"Tajikistan","Europe & Central Asia (excluding high income)",1,6596875,1000,383,383,383,,0,,,,0,,,0,617,0,0.475257284876339,0.0191329940813152,0,0.184119684768896,0.101410379148865,0.199525612647547,0.167711066659761,0.50795887234105,0.541868006555934,,0.524742715123661,0.144302101156965,0.493347820289778,,,0.62510051060565,0.513335936201699,1,
"TKM",2011,"Turkmenistan","Europe & Central Asia",1,3632112,1000,993,993,119,0.112825417561708,874,0.0117207591278549,1.19951828933987,0.112825417561708,874,0.0117207591278549,1.19951828933987,0.112305617146712,881,0.0116570807619393,0.995950884828812,0.00219896133167389,0.995392878429083,0.366664398045692,0.156181928134372,0.215529104653832,0.118140638330457,0.532634185984843,0.0317903617444975,,0.00404911517118832,,,,,,0.510013779749892,0,0.112305617146712
"TKM",2014,"Turkmenistan","Europe & Central Asia",1,3747684,1000,977,979,63,0.291547243416641,914,0.0165334829345967,1.20963700619062,0.291241621698371,916,0.0165146397777156,1.21026935740481,0.285988825209869,937,0.016234451437531,0.982092490508969,0.00461034640960229,0.980934759863847,0.294274613191379,0.435405134491672,0.20224784659703,0.207710741114785,0.553174922895683,0.0483521515202405,0.481329291884527,0.0179075094910306,,,,,,0.505558269396946,0,0.285988825209869
"TKM",2017,"Turkmenistan","Europe & Central Asia (excluding high income)",1,3916863,1000,558,568,23,0.0679655980373364,535,0.0120328578766425,1.22284178677767,0.0726392660740468,545,0.01229123396057,1.22227047869323,0.0397631935793918,977,0.00698136030206482,0.594235868030954,0.0173235038720477,0.585048829520314,0.132822114836951,0.10196052505426,0.41393408169182,0.174997830151965,0.234379802030301,0.313356734870204,0.326590975671221,0.405764131969046,,0.00474258762627891,0.75065426177753,,,0.503768107441589,0,0.0397631935793918
"TTO",2011,"Trinidad and Tobago","High Income",0,1057070,504,115,128,16,0.00863825359588006,111,0.0106935498131028,1.48220633800871,0.0085205321757891,112,0.0105509371063164,1.47587523481697,0.00183286317971082,488,0.00224921437862587,0.208288339120065,0.0210354448811524,0.212179830027794,0.0354988182121205,0.413332980484543,0.436703134461087,0.140253637230432,0.78392905022767,0.122546733138893,,0.784716882980149,,,,,,0.499908043522383,0,0.00183286317971082
"TTO",2017,"Trinidad and Tobago","High income: nonOECD",0,1081904,504,98,115,21,0.0160255654698548,83,0.0172111284573945,1.55919203251517,0.0262483491369728,94,0.0206692079874927,1.5711777613453,0.00286033623410318,483,0.0029670685311057,0.192166482865226,0.0214795754859855,0.178485822511766,0.107724663778635,0.339362507290241,0.329242434778748,0.332941579068257,0.438903738242012,0.395369283710296,0.375378519855912,0.807833517134774,,0.0941414359163195,0.924205710526417,,,0.508924103871901,0,0.00286033623410318
"TTO",2024,"Trinidad and Tobago","High income",0,1120989,502,130,0,0,,0,,,,0,,,0,372,0,0.254079358530481,0.0241956608933082,0,,,,,,,,0.745920641469519,,,,,0.860138720266012,0.495851101656004,0,
"TUN",2014,"Tunisia",,1,8360332.5,1056,749,778,19,0.0748273402655597,730,0.0102469933412172,1.1072168065441,0.0758183213540539,759,0.010101437831208,1.10529103423721,0.0540967564345871,1037,0.00740714862428562,0.727367716956099,0.0144591939542619,0.722954420705047,0.0656178860478952,0.0901327195974787,0.079927876955467,0.0522018161294125,0.453808369958043,0.052963985120321,0.379587312125047,0.272632283043901,0.0061870119903365,,,,,0.503180671112571,0,0.0540967564345871
"TUN",2017,"Tunisia","Middle East & North Africa (excluding high income)",1,8676815,1001,602,626,16,0.15121776600189,586,0.0161408470160325,1.1894636103661,0.15631235450427,610,0.0160380551357822,1.18975693494329,0.0946537350128857,985,0.010220745391236,0.631835619998866,0.0167069110395273,0.625943217622343,0.544271947058204,0.75762676389886,0.242270754424693,0.614673191381233,0.806050490947048,0.0576833746252694,0.085125678026856,0.368164380001134,0.0203718978391218,0.01895629927046,0.728036229594892,,,0.508102084309956,0,0.0946537350128857
"TUN",2021,"Tunisia","Middle East & North Africa (excluding high income)",1,8947795,1000,573,612,23,0.0925687071224487,551,0.013721484284249,1.2350252417938,0.0952707977143147,589,0.0134529129747686,1.2367147778777,0.0586189854983,977,0.00853556964996672,0.642881374113761,0.0172373694112659,0.633248398087267,0.121625314464475,0.222845328373084,0.141720268171745,0.175786565617044,0.726527652122813,0.307112345164143,0.434984050025441,0.357118625886239,0.037122092410925,0.276944988729278,0.876734947084114,0.626339087826504,,0.505502161368083,0,0.0586189854983
"TUN",2024,"Tunisia","Middle East & North Africa (excluding high income)",1,9219268,1000,572,572,572,,0,,,,0,,,0,428,0,0.622628829654922,0.0169979419281652,0,0.149396972485912,0.229217126843845,0.214988361406762,0.257143627903156,0.734751522127862,0.360435250691972,,0.377371170345078,0.0264562932813293,0.236811592605673,,,0.679856627927227,0.510565011278931,0,
"TUR",2011,"Turkey","Europe & Central Asia",1,53806796,1001,363,363,14,0.0702631531378799,349,0.0151382592003845,1.22430499867075,0.0702631531378799,349,0.0151382592003845,1.22430499867075,0.0290595538810922,987,0.00606273641676798,0.423985742270357,0.0177030676174539,0.413581693723133,0.13563100601951,0.272326612948344,0.218043061603138,0.27427048777529,0.499591449604121,0.209665420261984,,0.576014257729643,,,,,,0.495281210767672,1,0.0290595538810922
"TUR",2014,"Turkey","Europe & Central Asia",1,55708616,1002,373,450,17,0.26570339691182,359,0.0269804755550587,1.33944542493548,0.248205277630863,433,0.0243057253238027,1.37086529956067,0.112821536575273,985,0.0121947602504635,0.434874327139188,0.0189300234094135,0.424614581095159,0.242314226438925,0.491615950431567,0.50297642322776,0.466377683379753,0.690723776507554,0.405687589186563,0.624395316201384,0.565125672860812,0.00808199781672257,,,,,0.505282375056392,1,0.112821536575273
"TUR",2017,"Turkey","Europe & Central Asia (excluding high income)",1,59394160,1000,240,279,11,0.16180986808472,231,0.0275562772191687,1.2933185980821,0.200794709816566,268,0.0280199934395217,1.31117371989928,0.0511413648333234,989,0.00847681443486488,0.323399716151038,0.017880510348986,0.316058380361245,0.12184598206602,0.170556196308797,0.109851444725501,0.217442143431663,0.34185275435202,0.696558361373626,0.482604239193827,0.676600283848962,0.16411952143999,0.105270503831289,0.924958754777728,,,0.501877531500426,1,0.0511413648333234
"TUR",2021,"Türkiye","Europe & Central Asia (excluding high income)",1,64146560,1000,202,263,4,0.158541744893397,198,0.0295676413454427,1.29754474858758,0.163199200803783,259,0.0261500676393039,1.29689639550269,0.0416300800765389,996,0.00751619297784246,0.266336733650176,0.0165938420890447,0.262581190238135,0.206163146337893,0.416173797782388,0.359599562304157,0.290813421074817,0.615300596992555,0.370460992365975,0.386198373634257,0.733663266349824,0.182842013706609,0.676269782547618,0.972280598405462,0.742210525785582,,0.493541718695832,1,0.0416300800765389
"TUR",2024,"Turkiye","Europe & Central Asia (excluding high income)",1,66691005,1000,154,154,154,,0,,,,0,,,0,846,0,0.184917894547479,0.0136207494589647,0,0.0995882535160276,0.135886955500455,0.289610207165128,0.140474908866686,0.191165768487287,0.762593959224051,,0.815082105452521,0.233225245914149,0.714194178567578,,,0.874812304940485,0.504175853717625,1,
"TWN",2011,"Taiwan, China",,0,19934800,1001,93,96,7,0.0630296363458015,88,0.0298301716520466,1.3259389280824,0.0656118515147372,89,0.0303170356573578,1.33430115208451,0.00743850505091658,992,0.00336202128594953,0.121059309284823,0.0127112931636906,0.118015991875734,0.0722029028469243,0.0947779452231536,0.111564991387104,0.0786777371197058,0.475921357396728,0.512388772250349,,0.878235459595944,,,,,,0.508757902579596,0,0.00743850505091658
"TWN",2014,"Taiwan, China",,0,20075840,1000,59,68,11,0.198577430799132,50,0.0641480161171478,1.29284067568834,0.204231529264881,57,0.0606314675678215,1.28932231451815,0.0152465817136202,989,0.00465136195056539,0.0862368012768411,0.0105955369683734,0.0767790259560901,0.260575171868164,0.309477944734737,0.402993523273977,0.244801931873041,0.634483740962489,0.569501904069115,0.667950806603012,0.913763198723159,,,,,,0.506265071120905,0,0.0152465817136202
"TWN",2017,"Taiwan, China",,0,20319476,1000,44,52,2,0,42,0,1.24059301527222,0,50,0,1.33126774846234,0,998,0,0.0582036923808112,0.00897612237484951,0.0575908474607322,0.124231250208238,0.0747330593653204,0.192166635128922,0.273719791120166,0.446738320950276,0.517560617342465,0.624298469392528,0.941796307619189,,,0.868053710644376,,,0.511932693536211,0,0
"TWN",2021,"Taiwan, China",,0,20584760,1000,20,21,1,0.0955686706722651,19,0.0810206140934907,1.44295743126072,0.0872320222644027,20,0.075125689789057,1.41765516584417,0.0047694161251533,999,0.00299164107411322,0.0528896186297721,0.00971347385206647,0.0499056447223079,0.301061562736844,0.102940526434078,0.321602572462344,0.0955686706722651,0.543187605042441,0.578734880830545,0.869836521230322,0.947110381370228,,0.87749242336445,0.963686737322243,0.897123614869317,,0.508634521329491,0,0.0047694161251533
"TWN",2024,"Taiwan, China","High income",0,20437095,1000,30,0,0,,0,,,,0,,,0,970,0,0.0437929013263706,0.00782321806354908,0,,,,,,,,0.956207098673629,,,,,0.902278091531475,0.508438959920995,0,
"TZA",2011,"Tanzania","Sub-Saharan Africa",0,25562308,1000,788,786,2,0.0378450925674869,784,0.00849959865247056,1.55545814545529,0.0378450925674869,784,0.00849959865247056,1.55545814545529,0.0312864242560523,996,0.00683747497516719,0.827422324665199,0.0148105266854727,0.826696993811313,0.476972526989109,0.468532991704916,0.348835373360035,0.12594021176051,0.777036130285128,0.0841126010568716,,0.172577675334801,,,,,,0.507409227161683,0,0.0312864242560523
"TZA",2014,"Tanzania","Sub-Saharan Africa",0,27162176,1008,756,781,11,0.0318110056155411,745,0.00777527011722948,1.46234452683091,0.0307778589867404,770,0.00752405403489165,1.46127786118304,0.0256641242188514,997,0.00607624127487392,0.809587692795434,0.0150199012591076,0.806768718003473,0.506923499809456,0.459929955752927,0.297420696664306,0.12820214269115,0.741684317592065,0.0420094804820552,0.228693291667268,0.190412307204566,0.323586983386915,,,,,0.510017958288083,0,0.0256641242188514
"TZA",2017,"Tanzania","Sub-Saharan Africa (excluding high income)",0,30519122,1000,742,777,6,0.0328741260777622,736,0.00813718815201563,1.53281348252572,0.0322773827150954,771,0.00789066706203608,1.53685400552136,0.0259386785087674,994,0.00625066361293618,0.790277676380883,0.0159495526312442,0.789030207142561,0.347418686588935,0.390464617706325,0.298797345614934,0.111598397545578,0.803586074101397,0.0608751293338585,0.12438452140194,0.209722323619117,0.385380306886962,0.0222780022818889,0.662206479431,,,0.51077845030804,0,0.0259386785087674
"TZA",2021,"Tanzania","Sub-Saharan Africa (excluding high income)",0,33717320,1001,738,795,11,0.0607358980259562,727,0.0109393782472942,1.52505851515051,0.0608536916630077,784,0.0105329380669513,1.52193091332164,0.0464267285996892,990,0.00830690540148783,0.766789843592994,0.0165927126683343,0.764403427110736,0.324214925382427,0.421053518970457,0.479840764631985,0.123073006770813,0.839865580318064,0.116768093711608,0.140699081357397,0.233210156407006,0.445794870059864,0.502158398367295,0.67773984762212,0.203445665106317,,0.519773148062486,0,0.0464267285996892
"TZA",2024,"Tanzania","Sub-Saharan Africa (excluding high income)",0,38155970,1000,751,0,0,,0,,,,0,,,0,249,0,0.78055826633194,0.0157272147220045,0,,,,,,,,0.21944173366806,0.528539837276394,0.571374022546871,,,0.204358861345325,0.529602524885483,0,
"UGA",2011,"Uganda","Sub-Saharan Africa",1,18027926,1000,698,695,0,0.0299749273560665,695,0.00752307346431895,1.35280223203808,0.0299749273560665,695,0.00752307346431895,1.35280223203808,0.023828158454508,997,0.00587706233642143,0.795385807920885,0.0155230279203918,0.794936320327245,0.420049243144825,0.537500673792278,0.38210147180587,0.232602722028026,0.851789377213204,0.0686397241996498,,0.204614192079115,,,,,,0.496440710604543,1,0.023828158454508
"UGA",2014,"Uganda","Sub-Saharan Africa",1,19393908,1000,657,680,7,0.0198148597080144,650,0.00631500510213177,1.33463236426807,0.0190702675650461,673,0.00608533955181616,1.33226313795079,0.0142557735669842,993,0.00445432466441129,0.722165756763611,0.016771527360228,0.719448624772156,0.368584330619494,0.518209202356699,0.276465334533922,0.130048504705627,0.870849404629149,0.0746627872105858,0.33005331728622,0.277834243236389,0.351003784131435,,,,,0.503009501120945,1,0.0142557735669842
"UGA",2017,"Uganda","Sub-Saharan Africa (excluding high income)",1,21579496,1000,638,683,16,0.0570433608617818,623,0.0109172164526268,1.38043213570127,0.0607475950203459,667,0.0108690721134566,1.38101809659789,0.0380473186397238,984,0.00723843017142566,0.671559453520252,0.0176378673319967,0.666989428128436,0.425368287765054,0.542467831482198,0.283214177725062,0.254638656862453,0.845497108316467,0.140361105198594,0.282731774508574,0.328440546479748,0.505812428982308,0.0143492728351057,0.647136661676963,,,0.514401230056745,1,0.0380473186397238
"UGA",2021,"Uganda","Sub-Saharan Africa (excluding high income)",1,24692876,1000,614,655,8,0.0649591661635428,608,0.011932917945959,1.42536427371487,0.0703310780487895,647,0.0119827347176119,1.42082497532544,0.041230925505305,992,0.00762553963020828,0.634392071791414,0.0183894161195048,0.63472067054403,0.374846947504186,0.542439497574355,0.455200200094484,0.310200865484429,0.775516575712384,0.124745796394114,0.341123200652885,0.365607928208586,0.537962366470604,0.62577623252471,0.760974639041281,0.411113884582449,,0.532183348105409,1,0.041230925505305
"UGA",2024,"Uganda","Sub-Saharan Africa (excluding high income)",1,27277834,1000,673,0,0,,0,,,,0,,,0,327,0,0.738266763489361,0.0179263428081764,0,,,,,,,,0.261733236510639,0.677382954204934,0.706418379376325,,,0.38226973411928,0.5352570168499,1,
"UKR",2011,"Ukraine","Europe & Central Asia",0,39307276,1000,517,499,20,0.037370379916628,477,0.01030398751506,1.40780431771447,0.0372689718969567,479,0.0102714399877713,1.40846415265677,0.0211928159447015,960,0.00568883032340969,0.585837963824511,0.0190841234189724,0.567101966637265,0.253294985409751,0.235396526621065,0.119962145918474,0.595683941207343,0.699120532652012,0.200737263371922,,0.413295892685505,,,,,,0.558720569700174,0,0.0211928159447015
"UKR",2014,"Ukraine","Europe & Central Asia",0,38909560,1000,418,492,26,0.0270022169423201,398,0.00966168551929748,1.41409176773906,0.0239218707389052,466,0.00847724817433317,1.43422071372249,0.0125535087783433,974,0.00436538714348836,0.472851865607213,0.0192965792409532,0.464906596564241,0.267906685677018,0.413094495182337,0.0614976338716615,0.609878494661362,0.604737365650864,0.224514990093487,0.794364032218842,0.527148134392787,,,,,,0.558723249307544,0,0.0125535087783433
"UKR",2017,"Ukraine","Europe & Central Asia (excluding high income)",0,38149932,1000,348,477,18,0.0244549448134985,334,0.0102065105194688,1.45843481430673,0.0305483879963751,459,0.00976716512952348,1.47854760082718,0.0088721754723209,982,0.00361595129295253,0.370976711561589,0.0184735289974609,0.362796789769228,0.228427154953214,0.484502406721875,0.0933278135348338,0.537107882257167,0.649098283527132,0.261124508342774,0.683350235294656,0.629023288438411,,0.102533592663856,0.902065234688825,,,0.573572092671045,0,0.0088721754723209
"UKR",2021,"Ukraine","Europe & Central Asia (excluding high income)",0,37077328,1001,116,176,2,0.064451459507087,116,0.027319815590912,1.43586772697039,0.0700961870437299,174,0.0237869619353603,1.51040974955904,0.0106099152388046,999,0.00445088100536322,0.164351866601651,0.0160804187610849,0.164618696301795,0.328399180513881,0.54173605610366,0.12701106302127,0.570611062559794,0.63517048447961,0.342518983926624,0.643463537727582,0.835648133398349,,0.813375186924419,0.988900619630615,0.893298255735286,,0.549214928448131,0,0.0106099152388046
"UKR",2024,"Ukraine","Europe & Central Asia (excluding high income)",0,32338724,1000,86,0,0,,0,,,,0,,,0,914,0,0.12418774145734,0.0139112240229837,0,,,,,,,,0.87581225854266,,0.82891517332571,,,0.949406627162197,0.51576079946477,0,
"URY",2011,"Uruguay","Latin America & Caribbean",0,2630020,1000,692,580,48,0.0031108217109009,531,0.00283928774826774,1.38035672388035,0.00309684217319186,532,0.00283122198242773,1.38129815345735,0.00223021837241604,838,0.00195072825692205,0.761461285197333,0.0161087593330898,0.716922594631811,0.0746404464880912,0.28626950286799,0.0770655398272523,0.206142662387415,0.738038706518718,0.0518723405119362,,0.236161109053612,,,,,,0.534877289165193,0,0.00223021837241604
"URY",2014,"Uruguay",,0,2662677,1000,534,577,9,0.0431042887560659,525,0.00996935339276237,1.26505146563067,0.0432005278112658,568,0.00960621429865919,1.26806903405474,0.0233714963393785,991,0.00539947506402889,0.546445902270576,0.0177145417548219,0.542208142480707,0.0640847133225111,0.199063005980677,0.176904991792442,0.130004806042121,0.647312697914838,0.224221697778482,0.482929246424336,0.453554097729424,0.0123343320917267,,,,,0.53526911077613,0,0.0233714963393785
"URY",2017,"Uruguay","High income: nonOECD",0,2712852,1000,397,477,8,0.00554972125253685,391,0.00452689596643784,1.45185599204709,0.00864614492526182,469,0.00512951357963712,1.43970661427206,0.00199487495934629,992,0.00167890787044741,0.361319943171712,0.0180159042362427,0.359454983155129,0.0422516092723999,0.268659633817241,0.197622104908982,0.203570289942824,0.631988650810899,0.182435503566415,0.344118914404555,0.638680056828288,,0.124463383674106,0.916379922597359,,,0.535737012202298,0,0.00199487495934629
"URY",2021,"Uruguay","High income",0,2767343.5,1000,244,297,2,0.0278403596356349,242,0.0120890968170629,1.30674440443116,0.0344429910430805,295,0.0121152666136262,1.30199461560493,0.00717032041301308,998,0.00303751309487306,0.258727322992587,0.0157488001844994,0.257551285502622,0.117186923266626,0.37842271012883,0.205963348389024,0.231975418291668,0.686739588711277,0.225532576618326,0.375982445803396,0.741272677007413,,0.679852440184516,0.928424926296542,0.869716438733122,,0.526236315119134,0,0.00717032041301308
"URY",2024,"Uruguay","High income",0,2755004,1000,258,0,0,,0,,,,0,,,0,742,0,0.262548724432139,0.0158690610174403,0,,,,,,,,0.737451275567861,,,,,0.913204767536264,0.521788744544206,0,
"USA",2011,"United States","High Income",0,250103584,1008,73,74,6,0.0697095992435388,66,0.0360459386900038,1.32234716723566,0.068900085470162,68,0.0355067847012796,1.33633566350315,0.00745893419500477,996,0.00340475691663362,0.114120927536235,0.012500887083615,0.107000101506051,0.150775682710315,0.313995525065086,0.194693885166694,0.478363407574753,0.518219502670524,0.200189085052187,,0.885155504617245,,,,,,0.50854725661125,0,0.00745893419500477
"USA",2014,"United States","High Income: OECD",0,254334784,1021,45,55,1,0.12279778031127,44,0.0572010035490218,1.33650237367658,0.10437607092529,54,0.0491381844047711,1.39477880259536,0.00764535431367289,1020,0.00356014908489391,0.0641619920787367,0.0100075943394462,0.062259711000421,0.175698459903471,0.459573951425441,0.435099088435225,0.368234108787664,0.585729050954832,0.339479282927429,0.440860790446224,0.935838007921263,,,,,,0.501770954383392,0,0.00764535431367289
"USA",2017,"United States","High income: OECD",0,261642064,1005,37,48,0,0.122894412225843,37,0.0597704247803796,1.22628211469419,0.107964434043582,48,0.0504473062809737,1.26839440369384,0.00845245116143825,1005,0.00360455982126577,0.0687781568612347,0.00996451060363631,0.0687781568612347,0.14170492419139,0.30133847019122,0.146828996267048,0.433628084605413,0.317239326377922,0.239308003550466,0.436449922163322,0.931221843138765,,,0.955589693915942,,,0.50690907940464,0,0.00845245116143825
"USA",2021,"United States","High income",0,268952128,1007,30,36,0,0.0312145282315151,30,0.0365772548671324,1.32726939033549,0.026400662636646,36,0.0304755269316113,1.30079797015459,0.00157532555650092,1007,0.00158434169746578,0.0504677035262838,0.00874515844413126,0.0504677035262838,0.182496181540453,0.320707116241994,0.417555058646117,0.507670773619763,0.554996667161271,0.389848632635387,0.484263738184881,0.949532296473716,,0.929663801012284,0.971856281378154,0.952081490535303,,0.503490731411077,0,0.00157532555650092
"USA",2024,"United States","High income",0,275987833,1000,19,0,0,,0,,,,0,,,0,981,0,0.0297690167094113,0.00758870711951586,0,,,,,,,,0.970230983290589,,,,,0.978066847680923,0.500368043884002,0,
"UZB",2011,"Uzbekistan","Europe & Central Asia",1,20744118,1000,748,748,68,0.0626667071734747,680,0.0114100627243297,1.50714160327698,0.0626667071734747,680,0.0114100627243297,1.50714160327698,0.0474545519483476,932,0.00845915710815595,0.774960810427077,0.0160498455269818,0.757252999060304,0.193527284722497,0.0898185810194356,0.170739715715103,0.153926650131387,0.619723788284856,0.098613060420712,,0.225039189572923,,,,,,0.520422869011402,1,0.0474545519483476
"UZB",2014,"Uzbekistan","Europe & Central Asia",1,21590106,1000,545,717,63,0.309982993694288,497,0.0241146783623671,1.35120633727954,0.3030689001215,654,0.0209342287688941,1.3569394293217,0.178918016340903,937,0.0146345320382321,0.592899871112789,0.0181234734929713,0.57718655532876,0.12975772627599,0.430218072055789,0.246466103468455,0.10710134661292,0.0476388459648196,0.295604301798391,0.416576685438164,0.407100128887211,,,,,,0.518798482601275,1,0.178918016340903
"UZB",2017,"Uzbekistan","Europe & Central Asia (excluding high income)",1,22937582,1000,578,717,54,0.0229321667025587,529,0.0075774589801803,1.35560466322035,0.021576928884157,663,0.00660913193667878,1.37178502257301,0.0140026674491591,946,0.00448584259837349,0.62910263731541,0.0179324277971924,0.610612491648978,0.133177253149697,0.128894234174047,0.195004691697037,0.104918191661064,0.380324482088045,0.173059432660809,0.466378518479697,0.370897362684589,,0.00427786685350754,0.75770525922945,,,0.52596656791109,1,0.0140026674491591
"UZB",2021,"Uzbekistan","Europe & Central Asia (excluding high income)",1,24373204,1000,514,575,40,0.167063505129294,482,0.0217917347121043,1.64489115290986,0.162646158548275,535,0.0204895448655439,1.64917057603258,0.0922278456026919,960,0.0119683403253829,0.558652097165304,0.0201815088782979,0.552052619339662,0.259664078071173,0.296819509644357,0.261924254871262,0.326419325894958,0.521981663684006,0.225672341662407,0.381949817774278,0.441347902834696,,0.417219386834756,0.756752215837263,0.591823478670107,,0.534349255789999,1,0.0922278456026919
"UZB",2024,"Uzbekistan","Europe & Central Asia (excluding high income)",1,24646062,1000,348,348,348,,0,,,,0,,,0,652,0,0.403416169854814,0.0185140113418016,0,0.190465745501366,0.136398499578837,0.171993381187738,0.221383606182527,0.230707893172703,0.338427336844133,,0.596583830145186,,0.498820427695462,,,0.737272764290045,0.516875694008443,1,
"VEN",2011,"Venezuela, RB","Latin America & Caribbean",0,20901426,1000,566,566,6,0.00295146578348513,558,0.00287269401554755,1.56480017535674,0.00292814154788477,560,0.00286142114734618,1.57048237291454,0.00162451430443533,991,0.00162567988641,0.551334449265529,0.0199920143427039,0.550409330009946,0.0782471379839845,0.164146622752588,0.0326075149917526,0.166636544677758,0.76849709419891,0.15723963037579,,0.444499891782767,,,,,,0.528872219686916,0,0.00162451430443533
"VEN",2014,"Venezuela, RB","Latin America & Caribbean",0,21727022,1000,427,435,8,0.00543775779914525,420,0.00448008450512414,1.55872634127781,0.00531832543090818,427,0.00438927356609871,1.55508505912893,0.00233000373649277,992,0.00194011011994876,0.431426554422316,0.0198373986537617,0.428486119197699,0.0601607457036246,0.112397498094961,0.0971273760583799,0.108004810921928,0.555704799610682,0.175553084258752,0.197406347620514,0.568573445577684,0.0297906922005254,,,,,0.519972417370593,0,0.00233000373649277
"VEN",2017,"Venezuela, RB","Latin America & Caribbean (excluding high income)",0,22762362,1000,240,272,2,0.0543902195958205,238,0.0188907465229444,1.6513625476136,0.0508568905823652,270,0.0171040361589356,1.63636233020622,0.014533430119201,998,0.00492708092440133,0.267793468313712,0.0182178291468024,0.267206682142496,0.241355501146851,0.33721825278725,0.23877878408538,0.213029482000637,0.565176892609879,0.478794777778188,0.244571160548838,0.732206531686288,0.109703828622966,0.0942199286127167,0.737003141707644,,,0.524418176539308,0,0.014533430119201
"VEN",2021,"Venezuela, RB","Latin America & Caribbean (excluding high income)",0,20683544,1000,120,152,0,0.0239297696485675,120,0.0167581469204132,1.4428249641594,0.0669514396758363,152,0.0249694064815355,1.51703590375266,0.00382070514438302,1000,0.00255828264874635,0.159663264648757,0.0151892799097541,0.159663264648757,0.265938353371057,0.304995470279065,0.554227436677287,0.286778292622957,0.495430176454807,0.726646522771997,0.452111165537166,0.840336735351243,0.303109093906206,0.811885457264512,0.91229302798869,0.809544107523936,,0.49671720961236,0,0.00382070514438302
"VEN",2024,"Venezuela, RB","Latin America & Caribbean (excluding high income)",0,20899114,1000,102,102,102,,0,,,,0,,,0,898,0,0.136257040732265,0.0129156484780146,0,0.568971095753967,0.455855644779366,0.503941246139677,0.583298894189783,0.188079177807008,0.795187879164532,,0.863742959267735,0.337396758777699,0.75524695152348,,,0.894064355244923,0.50229889873467,0,
"VNM",2011,"Vietnam","East Asia & Pacific",0,67533344,1000,726,733,82,0.0126598382524524,646,0.00504203943615134,1.31386285411043,0.0125373901564216,651,0.0049942022378163,1.31155176805188,0.00957230862337448,917,0.00373839451849784,0.775135230038258,0.0153414874399022,0.756116186675625,0.141738047647307,0.0974617605174729,0.146806871199438,0.112847021267275,0.586842901579655,0.129265867438038,,0.21610882848539,,,,,,0.517157265749907,0,0.00957230862337448
"VNM",2014,"Vietnam","East Asia & Pacific",0,69343168,1000,698,716,10,0.00958840481861146,689,0.00420969105076857,1.28575313673737,0.0105346459654642,706,0.004364436204731,1.29015076288369,0.00661039279501435,990,0.00292448478921462,0.69135645086798,0.016582190578844,0.689415280233405,0.140604290857627,0.0574766262855701,0.0477231522547506,0.0262780742480808,0.508631432865183,0.19193146980673,0.711300692829356,0.30864354913202,0.00496506944766802,,,,,0.51182553061458,0,0.00661039279501435
"VNM",2017,"Vietnam","East Asia & Pacific (excluding high income)",0,71308592,1002,674,692,26,0.00624945544473805,648,0.00355169646220287,1.31621590806891,0.00611351828943833,666,0.003469791354418,1.31963234218343,0.00431928740891436,976,0.00241738825314321,0.699764567760262,0.0166794699808556,0.691146204194662,0.127674899332671,0.134505957576054,0.149909251792694,0.0796759849004706,0.456499069164264,0.230919001452717,0.464701683805043,0.300235432239738,0.0349950071815186,0.0180021954077782,0.858385022624852,,,0.52114416357282,0,0.00431928740891436
"VNM",2021,"Vietnam","East Asia & Pacific (excluding high income)",0,74761840,1000,465,484,11,0.0229857677812653,454,0.00819849914957472,1.3588285394641,0.0241267080233354,473,0.00821442322596956,1.35557574617156,0.00996317503530085,989,0.00360536554272772,0.439355046168033,0.0179115986156329,0.433449738556108,0.23080621676533,0.156626093328159,0.0786820155596445,0.0750498143205511,0.271810278923612,0.303539347482883,0.517431523094107,0.560644953831967,0.164659468661049,0.459787014976052,0.957446355080187,0.805203781482994,,0.514260813528192,0,0.00996317503530085
"VNM",2024,"Viet Nam","East Asia & Pacific (excluding high income)",0,76663207,1000,321,321,321,,0,,,,0,,,0,679,0,0.301458076881026,0.0167361632918133,0,0.15356396253782,0.069208658449071,0.0394175449149727,0.0643480383651835,0.257036084542238,0.551272033778077,,0.698541923118974,0.387232839913373,0.623785137676218,,,0.878754123649074,0.511810362335886,0,
"XKX",2011,"Kosovo","Europe & Central Asia",0,1299855.5,1047,484,483,65,0.119374218989254,417,0.0196912552842775,1.53808707001128,0.118854990652918,418,0.0196192484437684,1.53630062546907,0.0619559201381002,971,0.00977812483601002,0.547902019991787,0.0193885282190734,0.519005867956107,0.135604304914585,0.194978174246866,0.137628561174602,0.134878025919663,0.453942915801567,0.381248353764557,,0.447123014827377,,,,,,0.502005772501613,0,0.0619559201381002
"XKX",2014,"Kosovo","Europe & Central Asia",0,1323837.75,1001,484,509,13,0.0711104578151957,472,0.0131743027485046,1.24022285216531,0.0720101709509677,496,0.0129243945935998,1.23983826606299,0.0367989917864513,988,0.00673265551122846,0.521968490082126,0.0177512276441385,0.517490576169342,0.101436229849585,0.281236692633262,0.165314501437251,0.141503799017001,0.45893244191011,0.370421091134173,0.214246371878576,0.478031509917874,,,,,,0.503286569803607,0,0.0367989917864513
"XKX",2017,"Kosovo","Europe & Central Asia (excluding high income)",0,1318176.625,1000,410,472,9,0.0581659881728528,402,0.0129368280508946,1.22811259188862,0.0689541014491112,463,0.0130562537410764,1.22938231043061,0.0274918870217475,991,0.00591719454194686,0.477266030815737,0.0179861359132467,0.472645404734627,0.210505917886827,0.405168810632678,0.210105190656789,0.137542185660823,0.50174905256762,0.506928166187705,0.428666354989859,0.522733969184264,,0.0257998320723606,0.885247521905267,,,0.50914907237137,0,0.0274918870217475
"XKX",2021,"Kosovo","Europe & Central Asia (excluding high income)",0,1348044.5,1000,358,402,7,0.032370946100164,352,0.0116023262400723,1.51275472087452,0.031531736512542,395,0.0108213809080229,1.51470891610767,0.0134377396509371,993,0.00454331962321876,0.419880404177938,0.0194347884635547,0.415117297139148,0.152939266077237,0.297809555795385,0.163204297047631,0.14833936560526,0.488832511311457,0.535634364648509,0.436302423561098,0.580119595822062,,0.475939847473919,0.950310350639826,0.926997103331023,,0.505997246222262,0,0.0134377396509371
"XKX",2024,"Kosovo","Europe & Central Asia (excluding high income)",0,1382360,1000,275,275,275,,0,,,,0,,,0,725,0,0.358382278282887,0.0198377261817995,0,0.105388444329661,0.168121901590591,0.0718768161577433,0.0846657522522426,0.18942853205304,0.585771231543524,,0.641617721717113,,0.471442230265383,,,0.958446318301836,0.512809809052722,0,
"YEM",2011,"Yemen, Rep.","Middle East & North Africa",1,13677433,1000,935,937,33,0.0899549332294411,903,0.0115174792262553,1.4632372219534,0.0899123831270152,904,0.0115103726644127,1.46367443041347,0.0864825652854291,967,0.0110246159108321,0.961049311350111,0.00745173434904533,0.961398804719745,0.13651158116142,0.177480597303542,0.093351852693815,0.0806729543274951,0.875029986284865,0.0289779429681315,,0.0366857918106485,,,,,,0.512750064113878,0,0.0864825652854291
"YEM",2014,"Yemen, Rep.","Middle East",1,14601186,1000,903,916,43,0.113587170657041,861,0.0129873628794915,1.44238031644586,0.114890840312031,873,0.012972939545376,1.44480352050373,0.105996220096232,957,0.0120152872441725,0.935515181374087,0.00936927733407569,0.93317070478207,0.150269301153828,0.107050995710796,0.115673606673881,0.105457242032617,0.890264270348481,0.0462510551180256,0.110276849861816,0.0644848186259134,,,,,,0.508550748015091,0,0.105996220096232
"YEM",2021,"Yemen, Rep.","Middle East & North Africa (excluding high income)",1,18243880,1000,801,847,33,0.151562214503701,771,0.0170921644507463,1.75161057898695,0.15655984766404,814,0.0168854024501332,1.75756977413983,0.133539165486272,967,0.0147878234668835,0.880966343566585,0.0137894913096448,0.881084813411791,0.383514617238618,0.429549996316037,0.457671204438897,0.310177050315319,0.725679949504597,0.0852883064959738,0.415248494412617,0.119033656433415,,0.0933455931917802,0.596231013351278,0.282581371944539,,0.499022636114493,0,0.133539165486272
"ZAF",2011,"South Africa","Sub-Saharan Africa",0,36310016,1000,407,407,2,0.0292318687587662,405,0.00926957139444381,1.22631556285759,0.0292318687587662,405,0.00926957139444381,1.22631556285759,0.0135201432374357,998,0.0041861301920201,0.463549243682562,0.0180546196285845,0.462513818360697,0.336858616371487,0.410832015857025,0.226366163095514,0.183935281797485,0.735363838310157,0.122641320512795,,0.536450756317438,,,,,,0.510570905939539,0,0.0135201432374357
"ZAF",2014,"South Africa","Sub-Saharan Africa",0,37357940,1000,278,343,4,0.0263584560828017,274,0.0109444629991293,1.27885237039549,0.0424870762644093,339,0.0123496603479386,1.27089079535709,0.00820085546854167,996,0.00332578858327796,0.312327658482529,0.0170656584899957,0.311128066180346,0.205488258712764,0.252328280622534,0.319604668596951,0.0835278407491253,0.58433183002412,0.304871641318556,0.353655848404762,0.687672341517471,0.144281801716055,,,,,0.527113258359498,0,0.00820085546854167
"ZAF",2017,"South Africa","Sub-Saharan Africa (excluding high income)",0,39596020,1000,317,399,24,0.0814988797217961,296,0.0187838672562854,1.39518051609578,0.102721221305892,375,0.0184998907525521,1.39245774296408,0.0253677616430853,976,0.00596652522309771,0.325630803944287,0.0175971607132421,0.311265157627693,0.287007038514249,0.387284354352434,0.222549785325543,0.244929654460286,0.592678018957513,0.338039214247361,0.399373456959261,0.674369196055713,0.190168459424566,0.028219014536225,0.789619886638234,,,0.516259581343575,0,0.0253677616430853
"ZAF",2021,"South Africa","Sub-Saharan Africa (excluding high income)",0,42227120,1014,127,168,7,0.0415592272578429,121,0.0230697291721222,1.61673045050411,0.0582245436343695,161,0.0232732669568587,1.59032950723812,0.00622339999036113,1007,0.00324399423011235,0.158878031202332,0.0150311764321586,0.149747731153655,0.239003443911536,0.232105074935428,0.196531745884793,0.180755556391724,0.566136915008096,0.265096604284561,0.485836691859612,0.841121968797668,0.365653075160157,0.808057747566285,0.877591330031366,0.643132274462329,,0.504028474993,0,0.00622339999036113
"ZAF",2024,"South Africa","Sub-Saharan Africa (excluding high income)",0,46723498,1000,217,0,0,,0,,,,0,,,0,783,0,0.215669735640672,0.0166246595820565,0,,,,,,,,0.784330264359328,0.31623201671299,0.671721775440991,,,0.683091517170258,0.533574271963095,0,
"ZMB",2011,"Zambia","Sub-Saharan Africa",0,7248098,1000,646,646,1,0.0122689056681835,645,0.00576389863949076,1.76826695672857,0.0122689056681835,645,0.00576389863949076,1.76826695672857,0.00964669148231413,999,0.00430829793970667,0.786350908118981,0.0180606889739165,0.786271550471739,0.21522216074472,0.501773951033742,0.324670079709824,0.0898144122159618,0.858240423019389,0.0623867810422297,,0.213649091881019,,,,,,0.499937825179145,0,0.00964669148231413
"ZMB",2014,"Zambia","Sub-Saharan Africa",0,7761759,1000,577,636,2,0.0171132448530828,575,0.00647853554419203,1.4347812394293,0.0207726041709465,634,0.0067745123078665,1.43044389774098,0.0117290983306913,998,0.00423118146245868,0.68707583139323,0.0182104434632078,0.685381319053494,0.205491415635429,0.32074190892914,0.206617230915579,0.0520779654296366,0.740060481799609,0.0633033092863526,0.181256631886145,0.31292416860677,0.121143072032691,,,,,0.50952585233687,0,0.0117290983306913
"ZMB",2017,"Zambia","Sub-Saharan Africa (excluding high income)",0,9110045,1000,595,676,26,0.0850340179258411,573,0.0134010795206288,1.32262443727014,0.100513430555214,650,0.0135762976474062,1.32512631802183,0.0541489583888338,974,0.0084908130590741,0.64169964222854,0.0177334391499253,0.636791718298641,0.256488882380019,0.26128993108954,0.364476488647248,0.10035905938093,0.629669682405269,0.158615651731819,0.175659263811401,0.35830035777146,0.278423917755053,0.022771696207421,0.631757531222649,,,0.51023007967435,0,0.0541489583888338
"ZMB",2021,"Zambia","Sub-Saharan Africa (excluding high income)",0,10291819,1000,710,763,22,0.0788006195156188,689,0.0126767717102468,1.52529305085098,0.0912261675370946,741,0.0130962847440882,1.5329895081955,0.0595948505517261,978,0.00940339022062978,0.761555381376087,0.0167341063104956,0.756273883607145,0.389359911698682,0.371300933172837,0.313809059398585,0.12714116596783,0.872135343809162,0.0605623934702487,0.221232102541507,0.238444618623913,0.416312839862365,0.464465679124536,0.628742694782475,0.236488738187341,,0.528373814208212,0,0.0595948505517261
"ZMB",2024,"Zambia","Sub-Saharan Africa (excluding high income)",0,12029200,1000,665,0,0,,0,,,,0,,,0,335,0,0.75927626567913,0.0186925031260877,0,,,,,,,,0.24072373432087,0.693107512524696,0.711568746173273,,,0.388603197006422,0.521615130185585,0,
"ZWE",2011,"Zimbabwe","Sub-Saharan Africa",0,7907455,1000,581,581,0,0.00545671028634251,581,0.00333413559925621,1.1901126233963,0.00545671028634251,581,0.00333413559925621,1.1901126233963,0.00329305869186127,1000,0.00198912076422843,0.60348791104109,0.0169840076884549,0.60348791104109,0.144513023260434,0.391224656471845,0.270082109233109,0.205560014724851,0.82177308211393,0.0826633846890865,,0.39651208895891,,,,,,0.533901234176247,0,0.00329305869186127
"ZWE",2014,"Zimbabwe","Sub-Saharan Africa",0,8566289,1000,791,813,12,0.0134442651383145,779,0.00492078281757479,1.42215574015707,0.013136499171803,801,0.00479913762501297,1.42305666994192,0.0111107148705201,988,0.00398418468340702,0.828105080753653,0.0142494040113888,0.82642783046996,0.170050647620434,0.342812215661372,0.158029514178683,0.139265394603498,0.798033445208864,0.0579200001071072,0.308184048871562,0.171894919246347,0.215955208426691,,,,,0.511121213413259,0,0.0111107148705201
"ZWE",2017,"Zimbabwe","Sub-Saharan Africa (excluding high income)",0,9467437,1000,685,712,11,0.0499220393440833,674,0.0099353253164834,1.40272493957033,0.0502045832324785,701,0.00976877371105591,1.40289342955859,0.0356885402362063,989,0.00703532255086781,0.718200181303064,0.0169747452450687,0.714885463516947,0.144509873788556,0.267805537971375,0.495141649608264,0.188863639339978,0.80114816992029,0.124179377435087,0.157579826506665,0.281799818696936,0.485816321801818,0.0160491470326833,0.789602111977973,,,0.521299008380303,0,0.0356885402362063
"ZWE",2021,"Zimbabwe","Sub-Saharan Africa (excluding high income)",0,8633711,1000,689,722,0,0.0371373207996641,689,0.00848214064523334,1.38629366227075,0.0379614107189083,722,0.00837736161800744,1.38744854807592,0.0262747678483459,1000,0.00597640244560719,0.707503053063094,0.0169971852140072,0.707503053063094,0.300282485888493,0.254998257169009,0.372731465949402,0.176628673318386,0.814467170976396,0.158894494523683,0.26076896398674,0.292496946936906,0.506324444264057,0.576650190996515,0.809756360697046,0.307644246981774,,0.514517623829324,0,0.0262747678483459
"ZWE",2024,"Zimbabwe","Sub-Saharan Africa (excluding high income)",0,9588258,1001,742,0,0,,0,,,,0,,,0,259,0,0.784338469377002,0.0149033588812781,0,,,,,,,,0.215661530622998,0.433317368740992,0.467037261384826,,,0.316428950630607,0.532562500993624,0,
